cycle,amb_temp,date_time,voltage_battery,current_battery,temp_battery,current_load,voltage_load,time,capacity,discharge_cycle_num,battery_id,group,ambient_temp,discharge_current,capacity_pct_initial,roll_mean_capacity,roll_std_capacity,fade_rate,cumulative_fade,RUL,eol_threshold_ah,censored,eol_cycle_num
1,24,"02 Apr 2008, 15:25:41",3.277169976825196,-0.0065283512516069,34.230852841540965,-0.0006,0.0,3690.234,1.8564874208181572,1,B0005,G1,24,2,1.0,1.8564874208181572,0.0,0.0,0.0,161,1.29954119457271,False,162
3,24,"02 Apr 2008, 19:43:48",3.3002448871222545,-0.0004475525791171,34.3921365871887,-0.0006,0.0,3672.344,1.846327249719927,2,B0005,G1,24,2,0.9945272071416715,1.851407335269042,0.0071843258815741445,0.0,0.010160171098230197,160,1.29954119457271,False,162
5,24,"03 Apr 2008, 00:01:06",3.327451009868628,0.0010260185593644,34.23277871576327,-0.0006,0.0,3651.641,1.835349194223408,3,B0005,G1,24,2,0.9886138595081707,1.8460546215871638,0.01057175011371447,0.0,0.021138226594749288,159,1.29954119457271,False,162
7,24,"03 Apr 2008, 04:16:37",3.314181858907029,-0.0022336216958504,34.413449952605504,-0.0006,0.0,3631.563,1.8352625275821128,4,B0005,G1,24,2,0.9885671763794174,1.8433565980859012,0.010179649153974487,0.0,0.021224893236044373,158,1.29954119457271,False,162
9,24,"03 Apr 2008, 08:33:25",3.30549673128648,9.237228410233749e-06,34.34588498997869,-0.0006,0.0,3629.172,1.8346455082120416,5,B0005,G1,24,2,0.9882348178817771,1.8416143801111293,0.009638234279763175,0.0,0.021841912606115566,157,1.29954119457271,False,162
11,24,"03 Apr 2008, 12:55:10",3.302329112973759,-0.0039672301115556,34.20092692100587,-0.0006,0.001,3652.281,1.8356616600675493,6,B0005,G1,24,2,0.9887821697485943,1.8374492279610077,0.00497662822607907,-0.004165152150121587,0.020825760750607936,156,1.29954119457271,False,162
13,24,"03 Apr 2008, 17:17:16",3.2937406695499014,-0.0034248271938185,34.298284762513184,-0.0006,0.0,3650.828,1.8351461429226603,7,B0005,G1,24,2,0.9885044855913477,1.8352130066015544,0.00037041007750417,-0.0022362213594533387,0.02134127789549689,155,1.29954119457271,False,162
15,24,"03 Apr 2008, 21:28:14",3.3162307407741536,0.0017102389699127,34.76224183630716,-0.0006,0.0,3572.453,1.8257567905665535,8,B0005,G1,24,2,0.9834468955151549,1.8332945258701838,0.00422928621492808,-0.0019184807313708863,0.03073063025160372,154,1.29954119457271,False,162
17,24,"04 Apr 2008, 01:38:15",3.297410935416153,-0.00100405237818,35.05182952791622,-0.0004,0.0,3550.594,1.8247738529891333,9,B0005,G1,24,2,0.9829174345738105,1.8311967909515876,0.005437688484442423,-0.002097734918595906,0.0317135678290239,153,1.29954119457271,False,162
19,24,"04 Apr 2008, 05:48:08",3.2884044830952868,0.0012614014099626,35.02973666184703,-0.0006,0.0,3551.25,1.824613268496936,10,B0005,G1,24,2,0.9828309354731991,1.8291903430085665,0.005691963076203054,-0.0020064479430211167,0.03187415232122115,152,1.29954119457271,False,162
21,24,"04 Apr 2008, 09:57:19",3.2662755750614747,0.0002850517079693,35.32247968803144,-0.0006,0.0,3530.25,1.8246195526864504,11,B0005,G1,24,2,0.9828343204622079,1.8269819215323468,0.004588636160428494,-0.0022084214762197797,0.031867868131706834,151,1.29954119457271,False,162
24,24,"04 Apr 2008, 17:56:27",3.296199859463087,-0.0007757313952882,35.59296016104038,-0.0006,0.0,3491.016,1.814201935767392,12,B0005,G1,24,2,0.9772228539894281,1.822793080101293,0.004826072156034794,-0.004188841431053669,0.04228548505076524,150,1.29954119457271,False,162
26,24,"04 Apr 2008, 22:01:54",3.2717574155336004,-0.0004724383560177,35.96127245490519,-0.0006,0.0,3470.281,1.8137521577549052,13,B0005,G1,24,2,0.9769805803238794,1.8203921535389633,0.005858676155584289,-0.002400926562329664,0.04273526306325204,149,1.29954119457271,False,162
28,24,"05 Apr 2008, 02:20:26",3.264855084085025,-0.0025059931998262,35.86960969538033,-0.0006,0.0,3470.0,1.8134404914735824,14,B0005,G1,24,2,0.9768127007692818,1.8181254812358532,0.005931560585867352,-0.002266672303110173,0.04304692934457477,148,1.29954119457271,False,162
30,24,"05 Apr 2008, 06:25:01",3.309111201518355,-3.782314130409493e-05,35.53204380823203,-0.0006,0.0,3450.297,1.8025980036306504,15,B0005,G1,24,2,0.9709723768751648,1.8137224282625959,0.007791188031098625,-0.004403052973257137,0.05388941718750684,147,1.29954119457271,False,162
32,24,"05 Apr 2008, 10:30:32",3.288149052868925,-0.0013593325342655,35.810312891427124,-0.0006,0.0,3429.407,1.80210690024615,16,B0005,G1,24,2,0.9707078432300708,1.8092198977745362,0.006277334429438902,-0.004502530488060064,0.05438052057200715,146,1.29954119457271,False,162
34,24,"05 Apr 2008, 14:34:41",3.260754100903525,-0.0007935553983644,36.24247715216247,-0.0006,0.001,3409.484,1.802579500826209,17,B0005,G1,24,2,0.9709624103091468,1.8068954107862993,0.006121227010019368,-0.002324486988236574,0.053907919991948106,145,1.29954119457271,False,162
36,24,"05 Apr 2008, 18:39:25",3.2294668217844102,-0.0044078937118165,36.70221725120032,-0.0006,0.0,3390.422,1.8030683142834096,18,B0005,G1,24,2,0.9712257104811377,1.804758642092,0.004865194415926004,-0.002136768694299107,0.053419106534747574,144,1.29954119457271,False,162
38,24,"05 Apr 2008, 22:46:35",3.224378894859077,-0.0018621257169797,36.77890978053394,-0.0006,0.0,3390.281,1.802777624719604,19,B0005,G1,24,2,0.9710691300699019,1.8026260687412043,0.0003503721170673439,-0.002132573350795708,0.05370979609855331,143,1.29954119457271,False,162
41,24,"18 Apr 2008, 21:10:19",3.2587403321633976,-3.5420680093982313e-05,34.93481911198889,-0.0006,0.0,3591.734,1.8470259949329195,20,B0005,G1,24,2,0.994903587398902,1.8115116670016582,0.01985619814082025,0.00888559826045383,0.009461425885237684,142,1.29954119457271,False,162
45,24,"19 Apr 2008, 02:29:09",3.2180462147957645,0.000151942055123,36.06881902912957,-0.0006,0.0,3552.297,1.847417311283644,21,B0005,G1,24,2,0.9951143705942721,1.8205737492091572,0.02432711143113618,0.0090620822074988,0.009070109534513149,141,1.29954119457271,False,162
49,24,"19 Apr 2008, 07:47:15",3.2573096268397737,-0.002765735473532,35.57131957324699,-0.0006,0.0,3531.578,1.8361774213478947,22,B0005,G1,24,2,0.9890599854098059,1.8272933333134944,0.02269995021471038,0.006719584104337128,0.020309999470262463,140,1.29954119457271,False,162
53,24,"19 Apr 2008, 13:01:42",3.2802567474945943,-0.0001953488936994,35.495530791461825,-0.0006,0.0,3492.907,1.825780747577624,23,B0005,G1,24,2,0.9834597999985366,1.831835819972337,0.018529816528860047,0.00454248665884287,0.030706673240533222,139,1.29954119457271,False,162
57,24,"19 Apr 2008, 18:27:29",3.279765451158692,-0.0019147055963251,35.20943493671208,-0.0006,0.0,3511.594,1.8251136435078368,24,B0005,G1,24,2,0.9831004632950898,1.8363030237299838,0.010890888397934869,0.004467203757646576,0.03137377731032043,138,1.29954119457271,False,162
61,24,"19 Apr 2008, 23:41:55",3.2050689156049863,-0.0002569147850368,36.50765859144094,-0.0006,0.0,3431.9370000000054,1.825581504220376,25,B0005,G1,24,2,0.9833524772367372,1.8320141255874751,0.009778054934097911,-0.004288898142508701,0.03090591659778119,137,1.29954119457271,False,162
65,24,"20 Apr 2008, 04:54:41",3.276866922356563,0.0006643566078412,35.875137593603206,-0.0008,0.0,3431.125,1.814031127508391,26,B0005,G1,24,2,0.977130847840027,1.8253368888324242,0.007836518201402657,-0.006677236755050631,0.0424562933097663,136,1.29954119457271,False,162
69,24,"20 Apr 2008, 10:16:28",3.2311300277309924,-0.0025981755530684,36.32486455253682,-0.0006,0.0,3412.406,1.8147691941158937,27,B0005,G1,24,2,0.9775284086310274,1.8210552433860243,0.006085652344718317,-0.004281645446400218,0.04171822670226355,135,1.29954119457271,False,162
73,24,"20 Apr 2008, 15:37:05",3.2220257725268318,-0.0001462630300855,36.40687719604908,-0.0006,0.0,3410.688,1.813969388710352,28,B0005,G1,24,2,0.9770975921350077,1.81869297161257,0.0060851862092447815,-0.002362271773454383,0.04251803210780514,134,1.29954119457271,False,162
77,24,"20 Apr 2008, 20:50:38",3.290082793730788,-0.0040120550638096,35.87417260042261,-0.0008,0.0,3410.718,1.802765665167823,29,B0005,G1,24,2,0.9710626880376819,1.814223375944567,0.008072880536490724,-0.004469595668002757,0.05372175565033421,133,1.29954119457271,False,162
81,24,"21 Apr 2008, 02:15:02",3.2511761852414898,-0.0014514303266952,36.40595071319766,-0.0006,0.0,3392.719,1.804077040117352,30,B0005,G1,24,2,0.9717690623092357,1.8099224831239624,0.005961087529617951,-0.004300892820604796,0.05241038070080517,132,1.29954119457271,False,162
85,24,"22 Apr 2008, 15:33:49",3.249283482317545,-0.0014997014832476,36.28230124882153,0.0006,0.0,3470.672,1.8518025516704488,31,B0005,G1,24,2,0.9974764875349149,1.817476767956374,0.019961596531075165,0.007554284832411584,0.0046848691477083815,131,1.29954119457271,False,162
89,24,"22 Apr 2008, 20:26:18",3.260087599199005,-0.0012288150483861,36.73981915365346,0.0006,0.0,3414.109,1.8307038456739428,32,B0005,G1,24,2,0.9861116348782738,1.820663698267984,0.02068032488301006,0.003186930311609837,0.025783575144214366,130,1.29954119457271,False,162
93,24,"23 Apr 2008, 01:18:11",3.281146601420838,0.0019472390588109,36.49603036085123,0.0008,0.0,3395.219,1.8199041089501269,33,B0005,G1,24,2,0.9802943389447217,1.8218506423159386,0.02036800409760919,0.001186944047954963,0.03658331186803032,129,1.29954119457271,False,162
97,24,"23 Apr 2008, 06:18:19",3.309371520154756,-0.0010035263789735,36.04392363754878,0.0006,0.0,3386.0,1.809307963702852,34,B0005,G1,24,2,0.9745867078945716,1.8231591020229445,0.018999634626116427,0.0013084597070057934,0.047179457115305246,128,1.29954119457271,False,162
101,24,"23 Apr 2008, 11:08:00",3.295594467656429,-0.0018349698822342,36.224445388722245,0.0006,0.0,3368.187,1.80460990458052,35,B0005,G1,24,2,0.9720560906279803,1.823265674915578,0.018866871189903555,0.00010657289263358294,0.051877516237637256,127,1.29954119457271,False,162
105,24,"23 Apr 2008, 16:06:25",3.317198245350349,-0.0001708683693511,36.4812957908369,0.0006,0.0,3368.266,1.7993770651972192,36,B0005,G1,24,2,0.9692374130950107,1.812780577620932,0.012554494483532005,-0.010485097294645928,0.057110355620938025,126,1.29954119457271,False,162
109,24,"23 Apr 2008, 21:02:58",3.3478185065039905,-0.0008312254387819,35.98576133404224,0.0006,0.0,3358.719,1.7884432335370462,37,B0005,G1,24,2,0.9633478867036309,1.8043284551935528,0.011665464399977154,-0.008452122427379338,0.06804418728111106,125,1.29954119457271,False,162
113,24,"24 Apr 2008, 01:51:33",3.337821923904857,-0.002843739979588,36.10148288661278,0.0006,0.0,3339.5,1.7829230484252725,38,B0005,G1,24,2,0.9603744299218226,1.7969322430885817,0.011027272102959739,-0.0073962121049708784,0.07356437239288471,124,1.29954119457271,False,162
117,24,"24 Apr 2008, 06:50:00",3.364372479379788,-0.0043097324753022,35.85921779613712,0.0006,0.0,3331.265,1.7730337158018288,39,B0005,G1,24,2,0.9550475246530082,1.7896773935083776,0.01266115964008774,-0.007254849580204637,0.08345370501632843,123,1.29954119457271,False,162
121,24,"24 Apr 2008, 11:49:24",3.336014493650917,0.0021064505849705,36.40939106353368,0.0006,0.0,3321.188,1.773037755078937,40,B0005,G1,24,2,0.9550497004162604,1.7833629636080608,0.011132805228692135,-0.006314429900316609,0.0834496657392203,122,1.29954119457271,False,162
125,24,"24 Apr 2008, 16:45:56",3.3556596279465505,0.0014437936443312,36.77364625897009,0.0006,0.0,3321.844,1.7678721106662054,41,B0005,G1,24,2,0.9522672175646097,1.777061972701858,0.008377948021414248,-0.006300990906202753,0.08861531015195179,121,1.29954119457271,False,162
129,24,"24 Apr 2008, 21:38:11",3.3614901977112828,0.0009051016773359,36.84756031613252,0.0006,0.0,3311.828,1.762315070409309,42,B0005,G1,24,2,0.9492739086983167,1.7718363400763106,0.007618429948808074,-0.00522563262554745,0.0941723504088483,120,1.29954119457271,False,162
133,24,"25 Apr 2008, 12:03:44",3.3469681219757663,-0.0014594884960615,36.710913950008646,-0.0006,0.0,3327.391,1.7676172924938447,43,B0005,G1,24,2,0.9521299593373236,1.7687751888900247,0.004477553101340238,-0.00306115118628556,0.08887012832431251,119,1.29954119457271,False,162
135,24,"25 Apr 2008, 20:03:55",3.37121004922177,-0.0007500356716064,36.38019708149852,0.0006,0.0,3312.078,1.762668359743147,44,B0005,G1,24,2,0.949464208578551,1.7667021176782884,0.004412032315930244,-0.002073071211736366,0.09381906107501026,118,1.29954119457271,False,162
139,24,"26 Apr 2008, 01:04:35",3.379951819113273,-0.0013511754077993,36.18051449762449,0.0006,0.0,3293.172,1.7517304870664143,45,B0005,G1,24,2,0.9435725054869608,1.762440664075784,0.006539755433150866,-0.004261453602504517,0.10475693375174289,117,1.29954119457271,False,162
143,24,"26 Apr 2008, 05:57:35",3.391867015789506,-0.0007182301660186,36.07117791713765,0.0006,0.0,3275.328,1.7418496047960008,46,B0005,G1,24,2,0.9382501520146928,1.7572361629017432,0.010369794505530553,-0.005204501174040921,0.11463781602215639,116,1.29954119457271,False,162
147,24,"26 Apr 2008, 10:58:25",3.389321801243052,-0.0016382701915813,36.06727402125495,0.0008,0.0,3265.016,1.7360913511847138,47,B0005,G1,24,2,0.9351484592444022,1.751991419056824,0.013359468771548314,-0.00524474384491902,0.1203960696334434,115,1.29954119457271,False,162
149,24,"29 Apr 2008, 12:15:56",3.2399604434797045,-0.0024102589030314,39.3970785606374,0.0008,0.0,3328.937,1.7936240148573608,48,B0005,G1,24,2,0.9661385230754257,1.7571927635295275,0.022736187093674767,0.005201344472703218,0.06286340596079643,114,1.29954119457271,False,162
153,24,"29 Apr 2008, 17:05:27",3.3111276397349085,-0.0004760835045117,38.247906639492925,0.0008,0.0,3329.266,1.7831890223273277,49,B0005,G1,24,2,0.960517697201241,1.7612968960463635,0.025638548190386787,0.004104132516836145,0.07329839849082953,113,1.29954119457271,False,162
157,24,"29 Apr 2008, 22:00:04",3.332862126292085,-0.0025457768005138,37.66314806698494,0.0008,0.0,3301.579,1.7673642076278957,50,B0005,G1,24,2,0.9519936347583843,1.7644236401586597,0.025128440354406995,0.003126744112296276,0.08912321319026151,112,1.29954119457271,False,162
161,24,"30 Apr 2008, 02:43:55",3.333761215364808,0.0009142168194308,37.41262017644247,0.0006,0.0,3283.563,1.7570177850353066,51,B0005,G1,24,2,0.9464205172265513,1.767457276206521,0.02249999409877167,0.0030336360478611544,0.09946963578285062,111,1.29954119457271,False,162
165,24,"30 Apr 2008, 07:41:42",3.3615057492929536,0.0002297172014142,36.98304922331543,0.0006,0.0,3275.125,1.7468706179837907,52,B0005,G1,24,2,0.9409547290193552,1.7696131295663364,0.018985189382382823,0.002155853359815385,0.10961680283436648,110,1.29954119457271,False,162
169,24,"30 Apr 2008, 12:28:49",3.352855281098351,-0.0036775690571329,37.11383316836962,0.0006,0.0,3265.656,1.7417172507457144,53,B0005,G1,24,2,0.9381788592880078,1.7592317767440069,0.016617345411854362,-0.010381352822329281,0.11477017007244283,109,1.29954119457271,False,162
173,24,"30 Apr 2008, 17:20:16",3.365152081676328,-0.001924143845349,37.44763048314265,0.0006,0.0,3266.093,1.7364225056478186,54,B0005,G1,24,2,0.9353268361401416,1.7498784734081052,0.012383825031876194,-0.009353303335901808,0.12006491517033857,108,1.29954119457271,False,162
177,24,"30 Apr 2008, 22:14:54",3.385772859851924,0.0004995070895548,36.88044924018355,0.0008,0.0,3257.594,1.7263217239235826,55,B0005,G1,24,2,0.9298860334657101,1.7416699766672425,0.011464171808597764,-0.008208496740862613,0.13016569689457458,107,1.29954119457271,False,162
181,24,"01 May 2008, 03:15:33",3.4084431860543454,-0.0007362875556382,36.63224569054377,0.0006,0.0,3248.593,1.7158065389330133,56,B0005,G1,24,2,0.9242220117908767,1.7334277274467838,0.012443851591217936,-0.008242249220458664,0.14068088188514394,106,1.29954119457271,False,162
185,24,"01 May 2008, 08:16:03",3.409832097176257,0.0002035420338337,36.73387962246392,0.0006,0.0,3238.766,1.710533351135192,57,B0005,G1,24,2,0.9213816005181209,1.726160274077064,0.01321703009377163,-0.007267453369719767,0.14595406968296532,105,1.29954119457271,False,162
189,24,"01 May 2008, 13:14:24",3.417268005174641,-0.0052411334504423,36.8279861699404,0.0006,0.0,3240.14,1.706014499648521,58,B0005,G1,24,2,0.9189475137389713,1.7190197238576252,0.012325329154569114,-0.00714055021943869,0.1504729211696363,104,1.29954119457271,False,162
193,24,"01 May 2008, 18:11:10",3.421833588845415,-0.0004575840517457,37.08800148686054,0.0006,0.0,3230.109,1.7003110272642588,59,B0005,G1,24,2,0.91587532896664,1.7117974281809136,0.009924788348501733,-0.0072222956767119765,0.15617639355389845,103,1.29954119457271,False,162
197,24,"01 May 2008, 23:10:15",3.4271424058700943,-0.0023235003753126,36.75804958950036,0.0006,-0.0,3229.7810000000027,1.6945798601797897,60,B0005,G1,24,2,0.9127882263985314,1.705449055432155,0.008336455981368094,-0.00634837274875859,0.16190756063836753,102,1.29954119457271,False,162
201,24,"02 May 2008, 03:53:34",3.438178718052601,-0.0014329663334651,36.66588768076837,0.0008,0.0,3212.469,1.6849029086609286,61,B0005,G1,24,2,0.9075757205607076,1.699268329377738,0.010023045984039166,-0.006180726054416929,0.17158451215722859,101,1.29954119457271,False,162
205,24,"02 May 2008, 08:44:40",3.465640472585762,-0.0019285628025814,36.22708832315917,0.0006,0.0,3213.219,1.6744741591159715,62,B0005,G1,24,2,0.9019582574806932,1.692056490973894,0.012546343104172237,-0.007211838403844073,0.18201326170218568,100,1.29954119457271,False,162
209,24,"02 May 2008, 13:43:05",3.4449859354526846,-0.0007476535284193,36.83574345076078,0.0006,0.0,3203.578,1.6745692479879102,63,B0005,G1,24,2,0.9020094772578231,1.6857674406417715,0.011649675873608288,-0.006289050332122148,0.18191817283024703,99,1.29954119457271,False,162
213,24,"02 May 2008, 19:07:48",3.467467091298206,0.0002387859433462,36.31129508167242,0.0006,0.0,3195.125,1.663716375981405,64,B0005,G1,24,2,0.8961635599169331,1.678448510385201,0.011723476789627374,-0.007318930256570733,0.19277104483675211,98,1.29954119457271,False,162
215,24,"02 May 2008, 23:24:17",3.4717300013545747,-0.0009780784437815,36.57728194283014,0.0006,0.0,3195.312999999994,1.659013868748246,65,B0005,G1,24,2,0.8936305466681351,1.6713353120988923,0.010176646454106743,-0.007113198286308719,0.19747355206991113,97,1.29954119457271,False,162
219,24,"03 May 2008, 04:13:08",3.466070335739485,-0.0016712152512748,36.61716358490872,0.0006,0.0,3186.297,1.6538540573335014,66,B0005,G1,24,2,0.8908512057704356,1.6651255418334068,0.009259655638296756,-0.006209770265485437,0.20263336348465577,96,1.29954119457271,False,162
223,24,"03 May 2008, 09:10:19",3.485289154748911,0.0001452940785125,36.285029218085896,0.0006,0.0,3176.438,1.642653782130131,67,B0005,G1,24,2,0.8848181591266644,1.6587614664362387,0.011811445200748276,-0.006364075397168101,0.21383363868802618,95,1.29954119457271,False,162
227,24,"03 May 2008, 14:04:34",3.480022171118444,-0.0038821236720408,36.404097755139176,0.0006,0.0,3167.593,1.6378578430223698,68,B0005,G1,24,2,0.8822348186450749,1.6514191854431306,0.010903795374270909,-0.007342280993108075,0.2186295777957874,94,1.29954119457271,False,162
231,24,"03 May 2008, 18:58:13",3.4875727291181726,-0.0044309658548966,36.33612654330331,0.0006,0.0,3167.719,1.6327350407099108,69,B0005,G1,24,2,0.8794754127611388,1.6452229183888316,0.010971312096694202,-0.006196267054298854,0.22375238010824638,93,1.29954119457271,False,162
235,24,"03 May 2008, 23:42:30",3.4845831403089607,-0.0027795070780482,36.42204257964045,0.0006,0.0,3159.077999999994,1.6277528915533617,70,B0005,G1,24,2,0.8767917699307697,1.6389707229498547,0.010012998343063016,-0.006252195438976882,0.22873452926479554,92,1.29954119457271,False,162
239,24,"04 May 2008, 04:41:40",3.4840044121584226,-0.0009843051419335,36.46650026862773,0.0006,0.0,3148.829,1.622125485521159,71,B0005,G1,24,2,0.8737605584239755,1.6326250085873866,0.00809241112209916,-0.006345714362468469,0.23436193529699811,91,1.29954119457271,False,162
243,24,"04 May 2008, 09:40:11",3.508463137681321,-0.0036435025057367,36.01706887738058,0.0006,0.0,3149.094,1.6113256603765849,72,B0005,G1,24,2,0.8679432148624368,1.6263593842366775,0.010231619666366093,-0.006265624350709232,0.24516176044157234,90,1.29954119457271,False,162
247,24,"04 May 2008, 14:38:13",3.5037872856177814,-0.0005279739237306,36.12135272151406,0.0008,0.0,3140.547,1.6065631397488385,73,B0005,G1,24,2,0.865377875300024,1.6201004435819713,0.010983501431340971,-0.0062589406547062685,0.24992428106931874,89,1.29954119457271,False,162
251,24,"04 May 2008, 19:37:07",3.500128756881619,0.0005102798844256,36.20196694501621,0.0006,0.0,3131.625,1.6015142233917594,74,B0005,G1,24,2,0.8626582682073706,1.6138562801183407,0.010879060900879109,-0.006244163463630281,0.2549731974263978,88,1.29954119457271,False,162
255,24,"05 May 2008, 00:35:53",3.517670766414221,-0.0030990560950762,35.866603104888924,0.0006,0.0,3121.907,1.590369231400328,75,B0005,G1,24,2,0.8566549999565575,1.6063795480877339,0.011751956253737853,-0.007476732030606748,0.2661181894178293,87,1.29954119457271,False,162
259,24,"05 May 2008, 05:28:13",3.5174486086806094,-0.0044043159451696,35.80553827573819,0.0006,0.0,3122.125,1.5857889968242211,76,B0005,G1,24,2,0.8541878490754121,1.5991122503483464,0.010774995089008378,-0.00726729773938759,0.27069842399393607,86,1.29954119457271,False,162
263,24,"05 May 2008, 11:41:31",3.516013267212138,-0.0016636018441401,35.6702666979063,0.0006,0.0,3121.672,1.5849430707374117,77,B0005,G1,24,2,0.8537321895986371,1.5938357324205117,0.00970556716256096,-0.005276517927834634,0.2715443500807455,85,1.29954119457271,False,162
265,24,"05 May 2008, 20:40:08",3.496983701999225,-0.0011241793683491,36.34696099274405,0.0006,0.0,3120.86,1.5955263892495937,78,B0005,G1,24,2,0.8594329115068512,1.5916283823206627,0.00695164704735522,-0.0022073500998489592,0.26096103156856354,84,1.29954119457271,False,162
269,24,"06 May 2008, 01:38:46",3.5202208637731656,-0.0039739540152495,35.52300699242159,0.0006,0.0,3103.828,1.5747301747801037,79,B0005,G1,24,2,0.8482309964083233,1.5862715725983318,0.007707854744975891,-0.005356809722331146,0.2817572460380535,83,1.29954119457271,False,162
273,24,"06 May 2008, 06:37:06",3.5292256839082072,6.06992212159233e-05,35.266958925197905,0.0006,0.0,3095.094,1.5649019950937946,80,B0005,G1,24,2,0.8429370312695895,1.581178125337025,0.011702522261514003,-0.005093447261306672,0.29158542572436263,82,1.29954119457271,False,162
277,24,"06 May 2008, 11:25:21",3.5307259447794728,-0.0006247516420891,35.3504279543354,0.0006,0.0,3095.781,1.5597659473370362,81,B0005,G1,24,2,0.8401704907053152,1.575973515439588,0.014573756542448569,-0.005204609897436985,0.296721473481121,81,1.29954119457271,False,162
281,24,"06 May 2008, 16:23:36",3.521290948363061,-0.0020655979349636,35.94137693420669,0.0006,0.0,3094.328,1.5594815668184234,82,B0005,G1,24,2,0.8400173086716404,1.5708812146557904,0.015095126115350873,-0.0050923007837976545,0.2970058539997338,80,1.29954119457271,False,162
285,24,"06 May 2008, 21:21:49",3.5235359008769405,-0.0036616920097465,36.04660208501775,0.0006,0.0,3086.531,1.55468935359061,83,B0005,G1,24,2,0.8374359751414074,1.5627138075239935,0.00762742367162606,-0.008167407131796756,0.3017980672275473,79,1.29954119457271,False,162
289,24,"07 May 2008, 02:17:25",3.5255241756932247,-5.646965482781069e-05,35.84567238345344,0.0006,0.0,3085.625,1.5488741079890418,84,B0005,G1,24,2,0.8343035835418967,1.5575425941657812,0.006044570511402075,-0.005171213358212379,0.3076133128291154,78,1.29954119457271,False,162
293,24,"07 May 2008, 07:04:02",3.5348337871327056,-0.0003089657136963,35.579783237597425,0.0006,0.0,3067.203,1.538236598942558,85,B0005,G1,24,2,0.8285736718133293,1.552209514935534,0.008979133168473163,-0.005333079230247328,0.3182508218755993,77,1.29954119457271,False,162
297,24,"07 May 2008, 12:01:49",3.5459029204528467,-0.0018215044752579,35.18876167083574,0.0008,0.0,3058.157,1.527914258251028,86,B0005,G1,24,2,0.8230135260370757,1.545839177118332,0.01277451698724817,-0.006370337817201666,0.3285731625671293,76,1.29954119457271,False,162
301,24,"07 May 2008, 16:59:29",3.536266004226858,0.0006417277352992,35.64399546549477,0.0006,0.0,3058.812,1.5285252629756445,87,B0005,G1,24,2,0.8233426447360579,1.5396479163497765,0.011986986836982155,-0.006191260768555784,0.3279621578425127,75,1.29954119457271,False,162
305,24,"07 May 2008, 21:56:09",3.5468067055591166,-0.0024171678108397,35.70451576896293,0.0006,0.0,3058.578,1.522647325284378,88,B0005,G1,24,2,0.8201764839394089,1.5332395106885301,0.010394570222326179,-0.006408405661246386,0.33384009553377925,74,1.29954119457271,False,162
309,24,"08 May 2008, 02:53:49",3.5480287197333853,-0.003290911050271,35.75012465537795,0.0006,0.0,3049.328,1.5174859938489869,89,B0005,G1,24,2,0.8173963242800902,1.526961887860519,0.007727843791095739,-0.006277622828010987,0.33900142696917035,73,1.29954119457271,False,162
312,24,"09 May 2008, 12:25:07",3.5250502230997878,-0.0010560505924284,36.01263661852166,0.0006,0.0,3177.219,1.605818899130659,90,B0005,G1,24,2,0.8649769888680269,1.5404783478981394,0.036799164173153466,0.013516460037620215,0.2506685216874982,72,1.29954119457271,False,162
315,24,"09 May 2008, 20:28:09",3.494044837570843,-0.0007426552595591,36.76362118255289,0.0006,0.0,3082.937,1.5638491446744425,91,B0005,G1,24,2,0.8423699116610505,1.547665325182822,0.037238382470968785,0.007186977284682916,0.29263827614371474,71,1.29954119457271,False,162
319,24,"10 May 2008, 01:21:56",3.51004183648376,-0.0017631427961074,36.50230588330288,0.0006,0.0,3074.266,1.5480915247767786,92,B0005,G1,24,2,0.8338820438085877,1.5515785775430488,0.03572135377068507,0.003913252360226815,0.3083958960413786,70,1.29954119457271,False,162
323,24,"10 May 2008, 06:18:12",3.5359247595765018,0.001569723796209,35.91017220677914,0.0006,0.0,3066.0,1.5323755631868592,93,B0005,G1,24,2,0.8254166152720489,1.5535242251235453,0.03397378085161206,0.001945647580496246,0.324111857631298,69,1.29954119457271,False,162
327,24,"10 May 2008, 11:16:04",3.5293508069521957,-0.0039701157301653,35.8789724790072,0.0006,0.0,3056.437,1.5269528268489705,94,B0005,G1,24,2,0.8224956494324318,1.555417591723542,0.031647401350154473,0.0018933665999967264,0.3295345939691867,68,1.29954119457271,False,162
331,24,"10 May 2008, 16:11:56",3.5418570338179896,-0.0010858666379497,35.62922817025395,0.0006,0.0,3048.219,1.5169573017136326,95,B0005,G1,24,2,0.817111543392579,1.5376452722401366,0.018478754483660688,-0.017772319483405276,0.3395301191045246,67,1.29954119457271,False,162
335,24,"10 May 2008, 21:07:54",3.540101144510816,-0.0017455531501402,35.75119139564094,0.0006,0.0,3039.218,1.511897596014269,96,B0005,G1,24,2,0.8143861246029738,1.5272549625081022,0.014163021287055655,-0.010390309732034675,0.3445898248038881,66,1.29954119457271,False,162
339,24,"11 May 2008, 02:05:21",3.545308234960168,-0.0014086197388525,35.64438752174055,0.0006,0.0,3039.047,1.5065638960681105,97,B0005,G1,24,2,0.8115131183620761,1.5189494367663685,0.010623250466843074,-0.008305525741733622,0.34992352475004673,65,1.29954119457271,False,162
343,24,"11 May 2008, 06:55:27",3.543070358154518,-0.0020121319015413,35.71781750151812,0.0006,0.0,3030.375,1.5015453526671363,98,B0005,G1,24,2,0.8088098717121405,1.5127833946624238,0.009797381007968665,-0.00616604210394458,0.3549420681510209,64,1.29954119457271,False,162
347,24,"11 May 2008, 11:52:47",3.5580353781991203,-0.0047924352671699,35.468157504838004,0.0008,0.0,3021.0,1.4908444050400238,99,B0005,G1,24,2,0.8030457886878685,1.5055617103006345,0.010046610504510174,-0.007221684361789338,0.3656430157781334,63,1.29954119457271,False,162
351,24,"11 May 2008, 16:49:58",3.5619975525663654,0.0006217348755526,35.41772195105018,0.0006,0.0,3021.75,1.485868384561201,100,B0005,G1,24,2,0.8003654470798279,1.499343926870148,0.010821286332994971,-0.0062177834304863126,0.37061903625695614,62,1.29954119457271,False,162
355,24,"11 May 2008, 21:47:12",3.5617346249744624,-0.0017731134003002,35.44065808413917,0.0008,0.0,3012.265,1.480413677976106,101,B0005,G1,24,2,0.7974272604140162,1.4930471432625154,0.010850267817043395,-0.006296783607632639,0.3760737428420513,61,1.29954119457271,False,162
359,24,"12 May 2008, 02:36:58",3.5627431724748324,-0.0006826543303781,35.439411621482165,0.0006,0.0,3002.641,1.4752095869031632,102,B0005,G1,24,2,0.7946240682056632,1.4867762814295262,0.010121394625119629,-0.00627086183298946,0.38127783391499404,60,1.29954119457271,False,162
363,24,"12 May 2008, 12:56:34",3.544836812063795,-0.0012296805399806,35.71444213967455,0.0008,0.0,3012.0,1.4859035988304024,103,B0005,G1,24,2,0.800384415303801,1.4836479306621793,0.005989026083367637,-0.003128350767346788,0.37058382198775486,59,1.29954119457271,False,162
366,24,"12 May 2008, 18:59:59",3.5358343175174807,-0.005346170114887,36.32232580944245,0.0006,0.0,3020.11,1.4960918298136696,104,B0005,G1,24,2,0.8058723226653156,1.4846974156169084,0.007762538614710727,0.001049484954729163,0.3603955910044876,58,1.29954119457271,False,162
370,24,"12 May 2008, 23:53:17",3.544628258601667,-0.0026229525536376,36.14370701766192,0.0006,0.0,3002.172000000006,1.4808005946928984,105,B0005,G1,24,2,0.7976356737393389,1.4836838576432478,0.00790103741914562,-0.0010135579736605393,0.37568682612525883,57,1.29954119457271,False,162
374,24,"13 May 2008, 04:35:25",3.556359815036754,-0.0012078322390314,35.81782913450557,0.0008,0.0,2992.703,1.4697543268466824,106,B0005,G1,24,2,0.7916855834115801,1.481551987417363,0.01012816578966766,-0.002131870225884702,0.3867330939714748,56,1.29954119457271,False,162
378,24,"13 May 2008, 09:24:04",3.5574151609154883,-0.0033190716918418,35.64502538652201,0.0006,0.0,2964.468,1.4539012274845928,107,B0005,G1,24,2,0.7831462853887026,1.477290315533649,0.016154319959433287,-0.004261671883714069,0.4025861933335644,55,1.29954119457271,False,162
382,24,"13 May 2008, 14:20:24",3.570394142327151,0.0015596672777035,35.3909783963713,0.0008,0.0,2983.375,1.454146206723569,108,B0005,G1,24,2,0.7832782438583529,1.4709388371122825,0.018052721028866223,-0.006351478421366652,0.4023412140945881,54,1.29954119457271,False,162
386,24,"13 May 2008, 19:04:20",3.557697563432477,-0.0016063334022506,35.90172424296188,0.0008,0.0,2975.297,1.455023751906683,109,B0005,G1,24,2,0.7837509350133122,1.462725221530885,0.012113034682263829,-0.008213615581397304,0.4014636689114741,53,1.29954119457271,False,162
390,24,"13 May 2008, 23:59:26",3.5621145720736376,-0.0025226927417762,35.87657254499655,0.0006,0.0,2974.9850000000006,1.449042163761236,110,B0005,G1,24,2,0.7805289427291895,1.4563735353445526,0.007837247679961247,-0.006351686186332461,0.40744525705692114,52,1.29954119457271,False,162
394,24,"14 May 2008, 04:55:57",3.576830514745812,-0.0014236462613207,35.37052396634794,0.0008,0.0,2966.25,1.4386709371480566,111,B0005,G1,24,2,0.7749424644709049,1.4501568574048274,0.006833571237648331,-0.006216677939725157,0.4178164836701006,51,1.29954119457271,False,162
398,24,"14 May 2008, 09:52:22",3.5772132537111867,-0.0023479432068156,35.31944751936039,0.0006,0.0,2956.359,1.433445432156979,112,B0005,G1,24,2,0.7721277376203589,1.4460656983393048,0.009596279193823335,-0.004091159065522776,0.42304198866117826,50,1.29954119457271,False,162
402,24,"14 May 2008, 14:35:22",3.569684885614067,-0.0039871920033828,35.63996182249638,0.0006,0.0,2956.344,1.4333958900838095,113,B0005,G1,24,2,0.7721010517012334,1.441915635011353,0.009714275511020406,-0.004150063327951914,0.4230915307343477,49,1.29954119457271,False,162
406,24,"14 May 2008, 19:31:39",3.5763051299071056,-0.002115022970472,35.68616080887089,0.0006,0.0,2956.406,1.42806487344776,114,B0005,G1,24,2,0.7692294908297355,1.4365238593195682,0.007939351935349186,-0.00539177569178464,0.4284225473703973,48,1.29954119457271,False,162
410,24,"15 May 2008, 00:27:55",3.5780032001762248,-0.004832065414542,35.572241943508665,0.0006,0.0,2947.266,1.4229203181741186,115,B0005,G1,24,2,0.7664583676775117,1.4312994902021445,0.006000238721075421,-0.005224369117423499,0.43356710264403864,47,1.29954119457271,False,162
414,24,"15 May 2008, 05:24:04",3.5782529159417336,-0.0022715263657969,35.41162230145362,0.0006,0.0,2937.984,1.417429032731308,116,B0005,G1,24,2,0.7635004777498813,1.427051109318795,0.0069249389629698534,-0.004248380883349734,0.43905838808684927,46,1.29954119457271,False,162
418,24,"15 May 2008, 10:20:03",3.57952648091485,0.0003379455564793,35.29541793323776,0.0006,0.0,2929.125,1.412409228794446,117,B0005,G1,24,2,0.7607965521102183,1.4228438686462883,0.008318834787875533,-0.004207240672506574,0.4440781920237111,45,1.29954119457271,False,162
422,24,"15 May 2008, 15:10:59",3.573309098710338,-0.0045531228413982,35.60791877576871,0.0006,0.0,2928.454,1.412578792940193,118,B0005,G1,24,2,0.7608878881159706,1.418680449217565,0.006785432282627738,-0.004163419428723314,0.44390862787796426,44,1.29954119457271,False,162
426,24,"15 May 2008, 19:56:47",3.5808535254697578,-0.0004079778230933,35.72414943395157,0.0008,0.0,2929.375,1.4075983731469897,119,B0005,G1,24,2,0.7582051768100097,1.4145871491574111,0.005812439892979309,-0.004093300060154048,0.44888904767116755,43,1.29954119457271,False,162
430,24,"16 May 2008, 16:54:59",3.555891725331888,-0.0030115302310733,35.903997506455866,0.0008,0.0,2946.031,1.4333920485221476,120,B0005,G1,24,2,0.7720989824377315,1.4166814952270168,0.009967308275036819,0.0020943460696058124,0.4230953722960096,42,1.29954119457271,False,162
432,24,"16 May 2008, 21:37:39",3.551885409283692,-0.0027077819490929,36.11670037500237,0.0008,0.0,2955.438,1.4382550176792908,121,B0005,G1,24,2,0.7747184287655713,1.4208466922166134,0.013923924248089819,0.004165196989596565,0.41823240313886645,41,1.29954119457271,False,162
436,24,"17 May 2008, 02:32:13",3.5736151200402326,-0.0021904666779608,35.48818285942285,0.0006,0.0,2937.625,1.4173547174485526,122,B0005,G1,24,2,0.7634604477007024,1.4218357899474348,0.013338048892556895,0.0009890977308212978,0.43913270336960464,40,1.29954119457271,False,162
440,24,"17 May 2008, 07:25:19",3.582249809980573,-0.0005202572147429,35.09068818463004,0.0006,0.0,2929.078,1.406981663677643,123,B0005,G1,24,2,0.757872985240904,1.4207163640949247,0.01449397888341439,-0.0011194258525099698,0.4495057571405141,39,1.29954119457271,False,162
444,24,"17 May 2008, 12:21:15",3.5821071034262646,-0.00088301526414,35.08313938846722,0.0006,0.0,2918.375,1.4012037783587623,124,B0005,G1,24,2,0.7547607178190571,1.4194374451372793,0.016130583084557993,-0.0012789189576454696,0.4552836424593949,38,1.29954119457271,False,162
448,24,"17 May 2008, 17:15:37",3.5845442528815368,0.0008061978411406,34.98209371471252,0.0006,0.0,2919.812,1.3967008232726328,125,B0005,G1,24,2,0.7523351936621818,1.4120992000873762,0.016535996029240035,-0.007338245049902969,0.4597865975455244,37,1.29954119457271,False,162
452,24,"17 May 2008, 22:10:51",3.582997063524048,-0.0013093723544827,35.084719139558686,0.0006,0.0,2900.422,1.391284788852726,126,B0005,G1,24,2,0.749417837821699,1.4027051543220632,0.010020343066181589,-0.009394045765312952,0.4652026319654312,36,1.29954119457271,False,162
456,24,"18 May 2008, 03:05:19",3.585576080990165,-0.001703344415614,34.94908275625882,0.0006,0.0,2901.375,1.3862287677978349,127,B0005,G1,24,2,0.7466944037718939,1.39647996439192,0.00813519768387539,-0.006225189930143538,0.4702586530203223,35,1.29954119457271,False,162
460,24,"18 May 2008, 08:00:50",3.59109083848252,0.0008809845830174,34.70452784918293,0.0006,0.0,2901.187,1.3804366761974138,128,B0005,G1,24,2,0.7435744841131501,1.3911709668958738,0.00822951853941158,-0.005308997496045853,0.47605074462074337,34,1.29954119457271,False,162
464,24,"18 May 2008, 12:44:48",3.594060583971402,-0.002624300994454,34.667131314804806,0.0006,0.0,2891.64,1.3752364150256224,129,B0005,G1,24,2,0.740773354887346,1.385977494229246,0.008504289319557006,-0.005193472666627974,0.48125100579253477,33,1.29954119457271,False,162
468,24,"18 May 2008, 17:36:29",3.5911079597852744,-0.0015294483890347,34.73478777612848,0.0006,0.0,2882.906,1.3705128024895008,130,B0005,G1,24,2,0.7382289732324249,1.3807398900726198,0.008311079437233328,-0.005237604156626397,0.4859746183286564,32,1.29954119457271,False,162
472,24,"18 May 2008, 22:31:45",3.5888120102866528,-0.0017821338119629,34.79017756073964,0.0006,0.0,2883.265,1.37050855662704,131,B0005,G1,24,2,0.7382266861916331,1.3765846436274825,0.006772205961517553,-0.004155246445137184,0.48597886419111713,31,1.29954119457271,False,162
476,24,"19 May 2008, 03:27:07",3.5942147923006207,-0.003192486164154,34.602741893421936,0.0006,0.0,2882.969,1.3647355108681518,132,B0005,G1,24,2,0.7351170256067291,1.3722859922415458,0.0058832790981491676,-0.004298651385936614,0.4917519099500054,30,1.29954119457271,False,162
480,24,"19 May 2008, 15:34:33",3.5833415219285625,-0.0053814321049613,35.2008024262739,0.0006,0.0,2891.656,1.375392016895762,133,B0005,G1,24,2,0.7408571700903982,1.3712770603812152,0.00437538325455863,-0.0010089318603303532,0.48109540392239514,29,1.29954119457271,False,162
482,24,"19 May 2008, 20:59:48",3.5804307189370586,-0.001133734357992,35.37656984223691,0.0006,0.0,2901.25,1.3861115151535393,134,B0005,G1,24,2,0.746631245442362,1.373452080406799,0.008020394521633,0.002175020025583363,0.47037590566461795,28,1.29954119457271,False,162
484,24,"20 May 2008, 01:16:42",3.592441816132449,0.0008418702493247,35.02073678939035,0.0006,0.0,2891.703,1.369850003583894,135,B0005,G1,24,2,0.7378719555127385,1.3733195206256774,0.00808632573261336,-0.00013255978112134415,0.4866374172342631,27,1.29954119457271,False,162
488,24,"20 May 2008, 06:12:06",3.589331565362288,-0.0025022403604277,34.920082190571925,0.0006,0.0,2883.016,1.3647827949260758,136,B0005,G1,24,2,0.7351424952422321,1.3721743682854846,0.0089438799336902,-0.0011451523401928565,0.4917046258920814,26,1.29954119457271,False,162
492,24,"20 May 2008, 11:07:23",3.6022883230364853,-0.0024327129563109,34.51525447844097,0.0006,0.0,2873.453,1.3543220466259964,137,B0005,G1,24,2,0.7295077959801873,1.3700916754370536,0.011849606475817759,-0.002082692848431078,0.5021653741921608,25,1.29954119457271,False,162
496,24,"20 May 2008, 15:57:27",3.59702121364665,-0.0066057269858685,34.95922357150939,0.0006,0.0,2874.031,1.3546417018378962,138,B0005,G1,24,2,0.7296799787853684,1.3659416124254802,0.013097190959921566,-0.0041500630115731685,0.501845718980261,24,1.29954119457271,False,162
500,24,"20 May 2008, 20:50:39",3.592312208409236,-0.00022279767609,35.09464992185514,0.0006,0.0,2874.234,1.354703921319241,139,B0005,G1,24,2,0.7297134934112404,1.3596600936586207,0.007216629743351093,-0.006281518766859673,0.5017834994989163,23,1.29954119457271,False,162
504,24,"21 May 2008, 01:39:38",3.595500119430284,1.2091638201411586e-05,34.87110957277296,0.0006,0.0,2864.984,1.349314997503458,140,B0005,G1,24,2,0.7268107407422197,1.3555530924425336,0.005638449136069327,-0.004107001216087225,0.5071724233146992,22,1.29954119457271,False,162
508,24,"21 May 2008, 06:24:27",3.596823461162057,0.0019165342987928,34.64809421735341,0.0006,0.0,2855.093,1.3441891937970554,141,B0005,G1,24,2,0.7240497181525037,1.3514343722167292,0.004644887986753081,-0.004118720225804085,0.5122982270211018,21,1.29954119457271,False,162
512,24,"21 May 2008, 11:18:06",3.6018356753071044,-0.0020306932429164,34.44831392782199,0.0006,0.0,2855.625,1.3389913790695755,142,B0005,G1,24,2,0.7212499067079483,1.3483682387054452,0.006815120671327586,-0.0030661335112841747,0.5174960417485817,20,1.29954119457271,False,162
516,24,"21 May 2008, 16:10:21",3.599344813796693,-0.0002295519506749,34.76318323355694,0.0006,0.0,2855.594,1.3389145230206971,143,B0005,G1,24,2,0.7212085080709221,1.3452228029420055,0.0068251565718896985,-0.003145435763439819,0.5175728977974601,19,1.29954119457271,False,162
520,24,"21 May 2008, 21:02:09",3.6035790390364575,0.0001922589020998,34.67711120224962,0.0006,0.0,2847.437,1.3340066759761655,144,B0005,G1,24,2,0.7185648881952922,1.3410833538733904,0.005843067567546299,-0.004139449068615075,0.5224807448419917,18,1.29954119457271,False,162
524,24,"22 May 2008, 01:42:59",3.605860961214576,-0.0011876351800897,34.35552173340636,0.0006,0.0,2847.36,1.3286444309174914,145,B0005,G1,24,2,0.7156765060826297,1.336949240556197,0.00587533269800602,-0.004134113317193311,0.5278429899006658,17,1.29954119457271,False,162
528,24,"22 May 2008, 06:32:40",3.6105078495292338,-0.0015026563129952,34.13298084323835,0.0006,0.0,2837.328,1.323170899227622,146,B0005,G1,24,2,0.712728179243196,1.3327455816423104,0.006840141861914279,-0.004203658913886655,0.5333165215905351,16,1.29954119457271,False,162
532,24,"22 May 2008, 11:23:22",3.61626290751396,-0.0003439261609216,33.97306701477755,0.0006,0.0,2837.281,1.3181691588445197,147,B0005,G1,24,2,0.7100339835664495,1.3285811375972991,0.008274951779645556,-0.004164444045011173,0.5383182619736375,15,1.29954119457271,False,162
536,24,"22 May 2008, 16:17:58",3.613479485589363,0.0020143124267129,34.37394890213937,0.0006,0.0,2838.515,1.3184664436640334,148,B0005,G1,24,2,0.7101941165230105,1.3244915217259665,0.006815473149417447,-0.004089615871332742,0.5380209771541238,14,1.29954119457271,False,162
540,24,"22 May 2008, 20:59:50",3.607069040532739,-0.0014352575759659,34.44341685363402,0.0006,0.0,2828.328,1.318293040102702,149,B0005,G1,24,2,0.7101007124097442,1.3213487945512739,0.004590807133768586,-0.0031427271746927053,0.5381943807154552,13,1.29954119457271,False,162
544,24,"23 May 2008, 12:13:16",3.602312680677842,-0.0048215869677359,33.98038017264453,0.0006,0.0,2838.265,1.323872422244268,150,B0005,G1,24,2,0.7131060557689289,1.320394392816629,0.0028674907997739436,-0.0009544017346446943,0.5326149985738893,12,1.29954119457271,False,162
547,24,"23 May 2008, 20:14:29",3.5779277610645237,-0.0040810001592985,34.97066611271971,0.0006,0.0,2864.547,1.3601216766554785,151,B0005,G1,24,2,0.7326317762261327,1.3277845483022002,0.018237092125697577,0.0073901554855712705,0.49636574416267876,11,1.29954119457271,False,162
551,24,"24 May 2008, 01:09:21",3.593974644865168,-0.0044314008570034,34.68949035902289,0.0006,0.0,2846.39,1.3395306867947354,152,B0005,G1,24,2,0.7215404057003532,1.3320568538922433,0.01792079236943822,0.004272305590043146,0.5169567340234218,10,1.29954119457271,False,162
555,24,"24 May 2008, 06:00:20",3.60427474021818,4.305025960299412e-05,34.35560664546322,0.0006,0.0,2837.969,1.3290286565120697,153,B0005,G1,24,2,0.7158834698305494,1.3341692964618506,0.016483156992418476,0.0021124425696072537,0.5274587643060875,9,1.29954119457271,False,162
559,24,"24 May 2008, 10:42:50",3.608769672096698,-0.0019502710177484,34.179860361804735,0.0006,0.0,2838.156,1.3236741274998955,154,B0005,G1,24,2,0.7129992439790139,1.3352455139412893,0.01532220360286159,0.0010762174794387124,0.5328132933182617,8,1.29954119457271,False,162
563,24,"24 May 2008, 15:31:10",3.6093877067067006,-0.00199102090187,34.14567217244527,0.0006,0.0,2829.843,1.318633896753293,155,B0005,G1,24,2,0.7102843154047167,1.3341978088430944,0.01643312108196394,-0.0010477050981950065,0.5378535240648643,7,1.29954119457271,False,162
567,24,"24 May 2008, 20:21:13",3.614933900308572,-0.0019041668183299,33.99467216653128,0.0006,0.0,2829.625,1.3134751321324272,156,B0005,G1,24,2,0.7075055383642602,1.324868499938484,0.010029858654172238,-0.009329308904610256,0.54301228868573,6,1.29954119457271,False,162
571,24,"25 May 2008, 01:06:49",3.609023225479784,-0.002823704674822,34.16712024760808,0.0006,0.0,2819.437,1.3132020634442203,157,B0005,G1,24,2,0.7073584494666222,1.3196027752683812,0.006798510756981058,-0.005265724670103023,0.5432853573739369,5,1.29954119457271,False,162
575,24,"25 May 2008, 05:57:17",3.6143313479608814,-0.0038242385348969,33.97599952110498,0.0006,0.0,2819.579,1.3077959946944353,158,B0005,G1,24,2,0.7044464616507271,1.3153562429048544,0.006026330533167872,-0.004246532363526878,0.5486914261237219,4,1.29954119457271,False,162
579,24,"25 May 2008, 10:51:37",3.61782445722146,-0.0045082893180358,33.982224969859004,0.0006,0.0,2810.672,1.3030329186405918,159,B0005,G1,24,2,0.7018808229071345,1.3112280011329935,0.005973521886857292,-0.004128241771860752,0.5534545021775654,3,1.29954119457271,False,162
583,24,"25 May 2008, 15:37:08",3.613087210473896,-0.0033928088513355,34.078996220636874,0.0008,0.0,2811.485,1.3033573559038203,160,B0005,G1,24,2,0.7020555815721221,1.3081726929630988,0.0050783137272791806,-0.0030553081698945217,0.5531300649143369,2,1.29954119457271,False,162
587,24,"25 May 2008, 20:23:04",3.6070395495118257,-0.0056266402784177,34.30494727332375,0.0006,0.0,2802.422,1.3034100438655642,161,B0005,G1,24,2,0.7020839620292979,1.3061596753097264,0.004400648991017629,-0.002013017653372584,0.553077376952593,1,1.29954119457271,False,162
591,24,"26 May 2008, 01:13:02",3.61490941179153,-0.0041505855757588,34.12626262781833,0.0006,0.0,2801.625,1.2978870806495706,162,B0005,G1,24,2,0.6991090088170862,1.3030966787507965,0.003514032524852865,-0.0030629965589299424,0.5586003401685866,0,1.29954119457271,False,162
595,24,"26 May 2008, 06:01:08",3.6109037542764746,0.0009187473289653,34.13529495466968,0.0006,0.0,2802.031,1.2980735056918902,163,B0005,G1,24,2,0.6992094269724849,1.3011521809502873,0.0028998722861348055,-0.0019444978005090264,0.558413915126267,0,1.29954119457271,False,162
599,24,"26 May 2008, 10:44:38",3.615560501886754,-0.0025484515689907,34.0756490349882,0.0006,0.0,2793.39,1.293463613844243,164,B0005,G1,24,2,0.6967263011532884,1.2992383199910178,0.004210095252215733,-0.0019138609592697531,0.5630238069739142,0,1.29954119457271,False,162
603,24,"26 May 2008, 15:30:43",3.621191032853697,-0.0024601825801807,33.991349533915816,0.0006,0.0,2793.39,1.288003392619118,165,B0005,G1,24,2,0.6937851440175623,1.296167527334077,0.005766452692562602,-0.0030707926569404796,0.5684840281990393,0,1.29954119457271,False,162
607,24,"26 May 2008, 20:21:04",3.619185104906403,0.0004778014371146,34.059198400298385,0.0006,0.0,2792.485,1.2874525221379407,166,B0005,G1,24,2,0.6934884167276276,1.2929760229885523,0.005137525584962606,-0.0031915043455247095,0.5690348986802165,0,1.29954119457271,False,162
611,24,"27 May 2008, 15:52:41",3.5953649734437896,-0.0023415053515697,34.55651436751892,0.0006,0.0,2802.016,1.3090153642307354,167,B0005,G1,24,2,0.705103277055252,1.2952016797047856,0.008859330076046149,0.00222565671623296,0.5474720565874218,0,1.29954119457271,False,162
613,24,"27 May 2008, 20:45:42",3.589937388761665,-0.0005833472584575,34.40592045769559,0.0006,0.0,2820.39,1.3250793286429356,168,B0005,G1,24,2,0.7137561578838875,1.3006028442949946,0.016221240277054856,0.005401164590209095,0.5314080921752216,0,1.29954119457271,False,162
1,24,"02 Apr 2008, 15:25:41",2.4757677568281857,-2.0094358918725432,39.16298653238707,-1.999,1.653,3690.234,2.035337591005598,1,B0006,G1,24,2,1.0,2.035337591005598,0.0,0.0,0.0,105,1.4247363137039184,False,106
3,24,"02 Apr 2008, 19:43:48",2.35152551190002,-2.010374855522972,39.2462026826329,-1.999,1.543,3672.344,2.025140246031412,2,B0006,G1,24,2,0.9949898508143076,2.030238918518505,0.007210611781345406,0.0,0.010197344974185896,104,1.4247363137039184,False,106
5,24,"03 Apr 2008, 00:01:06",2.440479715106544,-2.008558887110113,38.999202460252846,-1.999,1.65,3651.641,2.013326371345464,3,B0006,G1,24,2,0.9891854698908897,2.024601402794158,0.01101549870670504,0.0,0.022011219660134085,103,1.4247363137039184,False,106
7,24,"03 Apr 2008, 04:16:37",2.479155853900392,-2.0092904478622464,38.84362777186652,-1.999,1.69,3631.563,2.0132846655407413,4,B0006,G1,24,2,0.9891649790372313,2.0217722184808036,0.010625971799667656,0.0,0.02205292546485671,102,1.4247363137039184,False,106
9,24,"03 Apr 2008, 08:33:25",2.280187848173442,-2.011760840220058,38.97798888258284,-1.999,1.488,3629.172,2.000528337624771,5,B0006,G1,24,2,0.9828975529491258,2.017523442309597,0.013226637981005087,0.0,0.03480925338082708,101,1.4247363137039184,False,106
11,24,"03 Apr 2008, 12:55:10",2.4392842568466446,-2.0109470452247566,38.83989920742278,-1.999,1.659,3652.281,2.0138990759931645,6,B0006,G1,24,2,0.989466850557287,2.0132357393071105,0.008712720031182545,-0.0042877030024866866,0.021438515012433434,100,1.4247363137039184,False,106
13,24,"03 Apr 2008, 17:17:16",2.2812068449406446,-2.012014626739587,39.04610837498471,-1.9992,1.505,3650.828,2.013101105626967,7,B0006,G1,24,2,0.98907479256665,2.0108279112262215,0.005765384352113674,-0.0024078280808890185,0.022236485378630988,99,1.4247363137039184,False,106
15,24,"03 Apr 2008, 21:28:14",2.366410527029613,-2.009602654155728,38.87507521022778,-1.9992,1.602,3572.453,1.96878982627284,8,B0006,G1,24,2,0.9673038197560736,2.0019206022116967,0.019346938653760765,-0.008907309014524767,0.06654776473275792,98,1.4247363137039184,False,106
17,24,"04 Apr 2008, 01:38:15",2.436020049578708,-2.010503181695025,38.7260539826455,-1.999,1.664,3550.594,1.9681661764334244,9,B0006,G1,24,2,0.9669974087497759,1.9928969043902334,0.022914514251334877,-0.009023697821463372,0.06717141457217357,97,1.4247363137039184,False,106
19,24,"04 Apr 2008, 05:48:08",2.1864377487643725,-2.0120006291945924,38.98629728904917,-1.999,1.411,3551.25,1.9572307917560536,10,B0006,G1,24,2,0.9616246466459876,1.9842373952164898,0.027107181590256737,-0.008659509173743451,0.07810679924954433,96,1.4247363137039184,False,106
21,24,"04 Apr 2008, 09:57:19",2.3406023605912454,-2.0086057639408743,38.65978861919643,-1.9992,1.583,3530.25,1.9455991514129352,11,B0006,G1,24,2,0.9559098009149796,1.970577410300444,0.025589645431606082,-0.013659984916045875,0.08973843959266281,95,1.4247363137039184,False,106
24,24,"04 Apr 2008, 17:56:27",2.4263021374140443,-2.008093198845442,38.84979195732924,-1.999,1.659,3491.016,1.934750504484113,12,B0006,G1,24,2,0.9505796547137971,1.9549072900718734,0.014721234573918503,-0.015670120228570818,0.10058708652148507,94,1.4247363137039184,False,106
26,24,"04 Apr 2008, 22:01:54",2.475369770000704,-2.008861764489536,38.75128344015104,-1.999,1.704,3470.281,1.9232799539368028,13,B0006,G1,24,2,0.9449439554578114,1.945805315604666,0.017749597693627106,-0.009101974467207442,0.11205763706879512,93,1.4247363137039184,False,106
28,24,"05 Apr 2008, 02:20:26",2.342364523655007,-2.011425880438327,38.76853764058789,-1.999,1.59,3470.0,1.911889930948487,14,B0006,G1,24,2,0.939347820920401,1.9345500665076785,0.017867812760238338,-0.011255249096987496,0.12344766005711105,92,1.4247363137039184,False,106
30,24,"05 Apr 2008, 06:25:01",2.188400081882664,-2.009440178017093,38.84686112344348,-1.999,1.433,3450.297,1.9010667141979305,15,B0006,G1,24,2,0.9340301690486008,1.9233172509960539,0.017697978654744657,-0.011232815511624628,0.13427087680766747,91,1.4247363137039184,False,106
32,24,"05 Apr 2008, 10:30:32",2.1206980945954057,-2.00629337660368,38.8658897816528,-1.999,1.371,3429.407,1.8891989948061456,16,B0006,G1,24,2,0.9281993331989462,1.912037219674696,0.017918221033723713,-0.011280031321357908,0.14613859619945235,90,1.4247363137039184,False,106
34,24,"05 Apr 2008, 14:34:41",2.369981457799298,-2.0083999032211324,38.647578733807656,-1.999,1.625,3409.484,1.878278372248849,17,B0006,G1,24,2,0.9228338240050139,1.9007427932276428,0.01781990957399913,-0.011294426447052785,0.157059218756749,89,1.4247363137039184,False,106
36,24,"05 Apr 2008, 18:39:25",2.247991649924625,-2.0103074874707247,38.79218188173866,-1.999,1.524,3390.422,1.8675697161520208,18,B0006,G1,24,2,0.9175724579573612,1.8896007456706865,0.017621010328080906,-0.011142047556956403,0.16776787485357714,88,1.4247363137039184,False,106
38,24,"05 Apr 2008, 22:46:35",2.8844463698113665,-0.0022772410696178,38.77022223929529,-0.0008,0.0,3390.281,1.8675892574453767,19,B0006,G1,24,2,0.9175820589657847,1.8807406109700644,0.014467099907275597,-0.008860134700622035,0.16774833356022123,87,1.4247363137039184,False,106
41,24,"18 Apr 2008, 21:10:19",2.203355846859377,-2.0099114516038865,37.54320599748628,-1.9992,1.445,3591.734,1.979626548250818,20,B0006,G1,24,2,0.9726281070025072,1.8964525777806422,0.047350122843262246,0.015711966810577495,0.055711042754780005,86,1.4247363137039184,False,106
45,24,"19 Apr 2008, 02:29:09",2.35887751155593,-2.010023846843136,37.90362577530197,-1.999,1.619,3552.297,1.9575499080884025,21,B0006,G1,24,2,0.9617814345585968,1.9101227604370934,0.05411570097613076,0.013670182656451368,0.07778768291719551,85,1.4247363137039184,False,106
49,24,"19 Apr 2008, 07:47:15",2.218672914041916,-2.010621300102956,37.6701605139887,-1.999,1.491,3531.578,1.9458150170787551,22,B0006,G1,24,2,0.956015859814876,1.9236300894030745,0.05258723422720197,0.013507328965981235,0.08952257392684282,84,1.4247363137039184,False,106
53,24,"19 Apr 2008, 13:01:42",2.339723057947995,-2.009836812236101,37.34166959188387,-1.999,1.607,3492.907,1.9242461121680092,23,B0006,G1,24,2,0.9454186473396279,1.9349653686062722,0.04265219829209736,0.01133527920319768,0.11109147883758874,83,1.4247363137039184,False,106
57,24,"19 Apr 2008, 18:27:29",2.399750820894273,-2.008549110682199,37.28979017254232,-1.999,1.653,3511.594,1.945981133142164,24,B0006,G1,24,2,0.9560974757905957,1.9506437437456299,0.02018408751149176,0.015678375139357437,0.08935645786343405,82,1.4247363137039184,False,106
61,24,"19 Apr 2008, 23:41:55",2.491410879472442,-2.011253162152561,37.16794481484507,-1.999,1.723,3431.9370000000054,1.901407930553079,25,B0006,G1,24,2,0.9341978151219875,1.935000020206082,0.022305388740857506,-0.015643723539547773,0.13392966045251886,81,1.4247363137039184,False,106
65,24,"20 Apr 2008, 04:54:41",2.7669269890921613,-0.0013483637694533,37.51577848501052,-0.0008,0.0,3431.125,1.878674213680085,26,B0006,G1,24,2,0.923028308415357,1.9192248813244184,0.02919736919288758,-0.015775138881663507,0.15666337732551305,80,1.4247363137039184,False,106
69,24,"20 Apr 2008, 10:16:28",2.8356128467177317,-0.0009996515493716,37.24165964092258,-0.0006,0.0,3412.406,1.8683061328264217,27,B0006,G1,24,2,0.9179342734506017,1.9037231044739518,0.03199259161393093,-0.015501776850466697,0.1670314581791763,79,1.4247363137039184,False,106
73,24,"20 Apr 2008, 15:37:05",2.928394635151109,-0.0034740057625463,37.10097467364956,-0.0008,0.0,3410.688,1.8560244070083,28,B0006,G1,24,2,0.9119000283836428,1.8900787634420098,0.035416222825256534,-0.013644341031941832,0.1793131839972979,78,1.4247363137039184,False,106
77,24,"20 Apr 2008, 20:50:38",3.077114957598757,-0.0065849518216069,36.53635083668188,-0.0006,0.0,3410.718,1.8451997961855775,29,B0006,G1,24,2,0.9065816915777204,1.8699224960506924,0.021650095525151944,-0.020156267391317283,0.19013779482002047,77,1.4247363137039184,False,106
81,24,"21 Apr 2008, 02:15:02",2.819560586845831,0.0017843402447845,37.49607769896255,-0.0008,0.0,3392.719,1.857228890885317,30,B0006,G1,24,2,0.9124918141799352,1.8610866881171404,0.012790074883382203,-0.008835807933552431,0.17810870012028102,76,1.4247363137039184,False,106
85,24,"22 Apr 2008, 15:33:49",2.434300686181212,-2.0101843550935627,37.25007396118109,1.999,1.607,3470.672,1.9247760889090637,31,B0006,G1,24,2,0.9456790349742868,1.870307063162936,0.03152890023443342,0.009220375045795759,0.11056150209653426,75,1.4247363137039184,False,106
89,24,"22 Apr 2008, 20:26:18",2.9187757391682454,0.0002199461690219,37.276699358575215,0.0006,0.0,3414.109,1.8822317526092551,32,B0006,G1,24,2,0.9247761948322795,1.8730921871195025,0.03192058943254249,0.002785123956566693,0.15310583839634284,74,1.4247363137039184,False,106
93,24,"23 Apr 2008, 01:18:11",2.973956908852585,-0.0038064565925013,37.05346891564941,0.0006,0.0,3395.219,1.855276687885587,33,B0006,G1,24,2,0.9115326597829658,1.87294264329496,0.03202212983678538,-0.0001495438245425973,0.18006090312001088,73,1.4247363137039184,False,106
97,24,"23 Apr 2008, 06:18:19",3.0334333724088656,0.001159493985813,36.49019770341733,0.0006,0.0,3386.0,1.839250891718188,34,B0006,G1,24,2,0.9036588818710268,1.871752862401482,0.0333918323203433,-0.0011897808934778985,0.19608669928740996,72,1.4247363137039184,False,106
101,24,"23 Apr 2008, 11:08:00",3.061692514035773,-0.0024706162055099,36.17351619989374,0.0006,0.0,3368.187,1.8185396073994429,35,B0006,G1,24,2,0.8934830346748316,1.8640150057043072,0.041174599241581435,-0.0077378566971748166,0.2167979836061551,71,1.4247363137039184,False,106
105,24,"23 Apr 2008, 16:06:25",3.0864214480405137,-0.0024856568283215,36.691721740616366,0.0006,0.0,3368.266,1.8134770059567056,36,B0006,G1,24,2,0.8909956824708977,1.841755189113836,0.02813393637533483,-0.022259816590471625,0.2218605850488924,70,1.4247363137039184,False,106
109,24,"23 Apr 2008, 21:02:58",3.137787321824542,-0.0029082917072304,36.30505451544784,0.0006,0.0,3358.719,1.7971018450305436,37,B0006,G1,24,2,0.8829502550201761,1.8247292075980934,0.02276083377446768,-0.017025981515742306,0.23823574597505437,69,1.4247363137039184,False,106
113,24,"24 Apr 2008, 01:51:33",3.1501156392374963,-0.0018286245424696,36.06439554288408,0.0008,0.0,3339.5,1.7810046294120476,38,B0006,G1,24,2,0.8750413873759919,1.8098747959033854,0.022066063695691713,-0.014854411694707892,0.25433296159355034,68,1.4247363137039184,False,106
117,24,"24 Apr 2008, 06:50:00",3.1738920422499453,-0.0088257335513382,36.01731400053337,0.0006,0.0,3331.265,1.7710130422682329,39,B0006,G1,24,2,0.8701323309187394,1.7962272260133942,0.020393900674326802,-0.013647569889991029,0.2643245487373651,67,1.4247363137039184,False,106
121,24,"24 Apr 2008, 11:49:24",3.1972071497430035,-0.0034381265145169,35.907754428951925,0.0006,0.0,3321.188,1.7604712448170945,40,B0006,G1,24,2,0.8649529456915791,1.784613553496925,0.0210351231304449,-0.011613672516469675,0.2748663461885035,66,1.4247363137039184,False,106
125,24,"24 Apr 2008, 16:45:56",3.227568458837217,-0.0049271906042944,36.35807936248104,0.0006,0.0,3321.844,1.7502913788006589,41,B0006,G1,24,2,0.8599513842496731,1.7719764280657155,0.01814065677293898,-0.01263712543120934,0.2850462122049391,65,1.4247363137039184,False,106
129,24,"24 Apr 2008, 21:38:11",3.2308580821504327,-0.0014530116287064,36.50421625915163,0.0006,0.0,3311.828,1.7394925037732578,42,B0006,G1,24,2,0.8546456919285944,1.7604545598142582,0.016404917192539278,-0.011521868251457157,0.29584508723234015,64,1.4247363137039184,False,106
133,24,"25 Apr 2008, 12:03:44",3.199633267433362,-0.0022925624123046,36.99126483107543,-0.0008,0.0,3327.391,1.7546766553637203,43,B0006,G1,24,2,0.8621059538809914,1.7551889650045929,0.01171464476887771,-0.005265594809665463,0.28066093564187766,63,1.4247363137039184,False,106
135,24,"25 Apr 2008, 20:03:55",3.1898103242112006,-0.0028745221151213,36.81410785577819,0.0006,-0.0,3312.078,1.7659390941842177,44,B0006,G1,24,2,0.8676394038945261,1.7541741753877897,0.010111212520577003,-0.0010147896168030356,0.2693984968213803,62,1.4247363137039184,False,106
139,24,"26 Apr 2008, 01:04:35",3.2499622126804124,-0.0044309887185604,35.948665501353894,0.0006,0.0,3293.172,1.7337887419624838,45,B0006,G1,24,2,0.8518433254632082,1.7488376748168677,0.012673477180394837,-0.005336500570922142,0.3015488490431142,61,1.4247363137039184,False,106
143,24,"26 Apr 2008, 05:57:35",3.276178621777498,-0.0028865069759319,35.8076141458777,0.0006,0.0,3275.328,1.713325912040734,46,B0006,G1,24,2,0.8417895486292435,1.7414445814648825,0.020175176511049813,-0.00739309335198497,0.32201167896486393,60,1.4247363137039184,False,106
147,24,"26 Apr 2008, 10:58:25",3.2892337937863383,-0.0014821358562833,35.727411052391915,0.0008,0.0,3265.016,1.7024077813673466,47,B0006,G1,24,2,0.8364252637451849,1.7340276369837002,0.026800917971052104,-0.007416944481182242,0.33292980963825136,59,1.4247363137039184,False,106
149,24,"29 Apr 2008, 12:15:56",2.934951679828825,-0.0026359580742833,39.57378670033301,0.0008,0.0,3328.937,1.82371946178183,48,B0006,G1,24,2,0.8960279954741002,1.7478361982673225,0.04883138455006787,0.013808561283621934,0.211618129223768,58,1.4247363137039184,False,106
153,24,"29 Apr 2008, 17:05:27",3.0133583509832325,-0.0025141196723349,38.78195999093458,0.0008,-0.0,3329.266,1.8081284050314708,49,B0006,G1,24,2,0.8883678132914206,1.7562740604367728,0.05587813578284899,0.008437862169450616,0.2272091859741272,57,1.4247363137039184,False,106
157,24,"29 Apr 2008, 22:00:04",3.0981920097302105,0.0006501043390256,37.85904701280159,0.0006,0.0,3301.579,1.7757610945034283,50,B0006,G1,24,2,0.8724651391251901,1.764668530944962,0.054798000667283714,0.008394470508188912,0.25957649650216963,56,1.4247363137039184,False,106
161,24,"30 Apr 2008, 02:43:55",3.167346834112308,0.0011884652184539,37.12135762318553,0.0006,0.0,3283.563,1.7447409841836798,51,B0006,G1,24,2,0.8572243699983239,1.770951545373551,0.04892582334758274,0.006283014428589162,0.2905966068219181,55,1.4247363137039184,False,106
165,24,"30 Apr 2008, 07:41:42",3.228685511716086,-0.0035102794129954,36.580486706224,0.0006,0.0,3275.125,1.729207034132373,52,B0006,G1,24,2,0.8495922454210777,1.7763113959265564,0.040235747184031785,0.005359850553005296,0.3061305568732249,54,1.4247363137039184,False,106
169,24,"30 Apr 2008, 12:28:49",3.2595724548548413,-0.0012542411110933,36.436407503512335,0.0006,0.0,3265.656,1.7081086552553244,53,B0006,G1,24,2,0.8392262113192732,1.7531892346212554,0.03939092159247144,-0.023122161305301113,0.32722893575027356,53,1.4247363137039184,False,106
173,24,"30 Apr 2008, 17:20:16",3.2774199521442657,-0.0024642794163139,36.53091042103418,0.0006,0.0,3266.093,1.6975954237461768,54,B0006,G1,24,2,0.8340608610817466,1.7310826383641964,0.030965425023343724,-0.022106596257058797,0.3377421672594212,52,1.4247363137039184,False,106
177,24,"30 Apr 2008, 22:14:54",3.309541910489555,-0.003735703749295,36.06449507955633,0.0006,0.0,3257.594,1.6820634524029463,55,B0006,G1,24,2,0.8264297086813447,1.7123431099441,0.024931389400641678,-0.018739528420096407,0.35327413860265167,51,1.4247363137039184,False,106
181,24,"01 May 2008, 03:15:33",3.3229457962953464,-0.0042050191762477,35.94327250944611,0.0008,0.0,3248.593,1.6714768322295086,56,B0006,G1,24,2,0.821228301199745,1.697690279553266,0.02254550906763631,-0.014652830390834249,0.36386075877608937,50,1.4247363137039184,False,106
185,24,"01 May 2008, 08:16:03",3.3268774953647884,-0.0045774706794028,35.89295328706184,0.0006,0.0,3238.766,1.6607591387047655,57,B0006,G1,24,2,0.8159624948921792,1.6840007004677442,0.019149284477193235,-0.013689579085521509,0.3745784523008324,49,1.4247363137039184,False,106
189,24,"01 May 2008, 13:14:24",3.336400100467817,-0.004220549753628,35.959515024229205,0.0008,0.0,3240.14,1.651121015038069,58,B0006,G1,24,2,0.8112271017518528,1.6726031724242933,0.018146228164291348,-0.011397528043451066,0.3842165759675289,48,1.4247363137039184,False,106
193,24,"01 May 2008, 18:11:10",3.3562313241233728,-0.0046303001539858,36.03733181811758,0.0008,0.0,3230.109,1.640134925619093,59,B0006,G1,24,2,0.8058294274458678,1.6611110727988763,0.016480101955288724,-0.011492099625416774,0.39520266538650506,47,1.4247363137039184,False,106
197,24,"01 May 2008, 23:10:15",3.371466361383496,0.0014743883145177,35.71327174023829,0.0006,0.0,3229.7810000000027,1.629199941616544,60,B0006,G1,24,2,0.8004568622012264,1.6505383706415961,0.01663417393167671,-0.010572702157280478,0.40613764938905406,46,1.4247363137039184,False,106
201,24,"02 May 2008, 03:53:34",3.396018761698921,-0.0046727440229705,35.366498347395265,0.0006,0.0,3212.469,1.6088496302961666,61,B0006,G1,24,2,0.7904583678923177,1.6380129302549278,0.02013629548276812,-0.012525440386668408,0.4264879607094314,45,1.4247363137039184,False,106
205,24,"02 May 2008, 08:44:40",3.393882521860081,-0.0042112780558218,35.18665272384657,0.0006,0.0,3213.219,1.6035244898969248,62,B0006,G1,24,2,0.7878420253146665,1.6265660004933593,0.020240943022313232,-0.011446929761568159,0.4318131011086732,44,1.4247363137039184,False,106
209,24,"02 May 2008, 13:43:05",3.3978158698372107,-0.0044210420136072,35.67614711684021,0.0008,-0.0,3203.578,1.5989712144027983,63,B0006,G1,24,2,0.7856049146190022,1.6161360403663054,0.017701597643739735,-0.01042996012705415,0.43636637660279964,43,1.4247363137039184,False,106
213,24,"02 May 2008, 19:07:48",3.416423032732188,-0.0003200027950143,34.71660828900691,0.0008,0.0,3195.125,1.5876273123575604,64,B0006,G1,24,2,0.780031440176547,1.6056345177139988,0.015319737479629508,-0.010501522652306505,0.4477102786480376,42,1.4247363137039184,False,106
215,24,"02 May 2008, 23:24:17",3.417549528683359,-0.0014444622414417,35.028736379559405,0.0006,0.0,3195.312999999994,1.5829719744686166,65,B0006,G1,24,2,0.7777441842886215,1.5963889242844131,0.010835521435252963,-0.009245593429585464,0.4523656165369814,41,1.4247363137039184,False,106
219,24,"03 May 2008, 04:13:08",3.427505386148378,-0.0034826648553054,34.774991305740066,0.0006,0.0,3186.297,1.567137636713563,66,B0006,G1,24,2,0.7699644735295673,1.5880465255678926,0.014335486106246546,-0.008342398716520715,0.468199954292035,40,1.4247363137039184,False,106
223,24,"03 May 2008, 09:10:19",3.4347508426334845,-0.0044826484110488,34.69789797592927,0.0006,0.0,3176.438,1.5613446139713882,67,B0006,G1,24,2,0.7671182514739364,1.5796105503827853,0.015326618708374675,-0.008435975185107303,0.47399297703420973,39,1.4247363137039184,False,106
227,24,"03 May 2008, 14:04:34",3.448198019924908,-0.0012195271207717,34.6005415728579,0.0006,0.0,3167.593,1.551171189279042,68,B0006,G1,24,2,0.7621198547768461,1.570050545358034,0.015137820454531842,-0.00956000502475125,0.4841664017265559,38,1.4247363137039184,False,106
231,24,"03 May 2008, 18:58:13",3.447136358493749,0.0007226343450961,34.65518631476638,0.0008,0.0,3167.719,1.5406741606295171,69,B0006,G1,24,2,0.7569624653118686,1.5606599150124256,0.016044656295613517,-0.009390630345608653,0.49466343037608085,37,1.4247363137039184,False,106
235,24,"03 May 2008, 23:42:30",3.455115440595922,-0.0019271431845461,34.49661503681511,0.0006,0.0,3159.077999999994,1.5253138744624433,70,B0006,G1,24,2,0.7494156650980108,1.5491282950111906,0.016705891690490016,-0.011531620001234666,0.5100237165431547,36,1.4247363137039184,False,106
239,24,"04 May 2008, 04:41:40",3.468023005179232,-0.0012882276547055,34.58789396630877,0.0006,0.0,3148.829,1.5301570318067428,71,B0006,G1,24,2,0.7517952002501654,1.5417321740298267,0.014818963187942234,-0.00739612098136404,0.5051805591988552,35,1.4247363137039184,False,106
243,24,"04 May 2008, 09:40:11",3.4711335972831856,-0.0044903119260832,34.48391218889425,0.0006,0.0,3149.094,1.524656683447409,72,B0006,G1,24,2,0.7490927746753415,1.5343945879250307,0.011359251832810183,-0.007337586104795868,0.5106809075581891,34,1.4247363137039184,False,106
247,24,"04 May 2008, 14:38:13",3.4883390886919767,-0.0012215692087276,34.32316829732572,0.0008,0.0,3140.547,1.5145492986655429,73,B0006,G1,24,2,0.7441268246400591,1.527070209802331,0.009490508247517043,-0.007324378122699838,0.5207882923400551,33,1.4247363137039184,False,106
251,24,"04 May 2008, 19:37:07",3.4882264404681207,-9.1970080813463e-05,34.37112413744189,0.0006,0.0,3131.625,1.509391504602082,74,B0006,G1,24,2,0.7415927024943012,1.5208136785968438,0.008544401866243058,-0.006256531205487015,0.5259460864035159,32,1.4247363137039184,False,106
255,24,"05 May 2008, 00:35:53",3.4877002346746275,-0.0025462031829215,34.37262003693859,0.0006,0.0,3121.907,1.5039974333050703,75,B0006,G1,24,2,0.7389424928579004,1.5165503903653694,0.010766654809742995,-0.0042632882314745935,0.5313401577005277,31,1.4247363137039184,False,106
259,24,"05 May 2008, 05:28:13",3.5019144212894115,-0.0018050512867516,34.06737352776938,0.0006,0.0,3122.125,1.4935201918040188,76,B0006,G1,24,2,0.7337948251946333,1.5092230223648246,0.011624125435412073,-0.007327368000544787,0.5418173992015791,30,1.4247363137039184,False,106
263,24,"05 May 2008, 11:41:31",3.5064898836985074,-0.0023469957654966,34.01427816460032,0.0006,0.0,3121.672,1.4876323024497422,77,B0006,G1,24,2,0.7309019933714036,1.501818146165291,0.011116221288506627,-0.007404876199533339,0.5477052885558558,29,1.4247363137039184,False,106
265,24,"05 May 2008, 20:40:08",3.4612712556588887,-0.0015893640732856,35.63390029041699,0.0008,0.0,3120.86,1.5302876214401704,78,B0006,G1,24,2,0.7518593614163546,1.5049658107202168,0.016531570710543463,0.0031476645549255,0.5050499695654276,28,1.4247363137039184,False,106
269,24,"06 May 2008, 01:38:46",3.49597974716647,-0.0028130621567131,34.63193513275843,0.0006,0.0,3103.828,1.5040760088360112,79,B0006,G1,24,2,0.7389810985080334,1.5039027115670025,0.01634568293648305,-0.0010630991532141643,0.5312615821695867,27,1.4247363137039184,False,106
273,24,"06 May 2008, 06:37:06",3.495868232766142,-0.0022455478413196,34.48366479877386,0.0006,0.0,3095.094,1.4887593608730894,80,B0006,G1,24,2,0.7314557385723608,1.5008550970806063,0.017688963581728504,-0.0030476144863961887,0.5465782301325086,26,1.4247363137039184,False,106
277,24,"06 May 2008, 11:25:21",3.5168324777654205,-0.0030481777740261,34.198906360730284,0.0006,0.0,3095.781,1.4782779285546637,81,B0006,G1,24,2,0.7263060118809538,1.4978066444307356,0.020378052629131806,-0.0030484526498710364,0.5570596624509343,25,1.4247363137039184,False,106
281,24,"06 May 2008, 16:23:36",3.5140805590225344,-0.0030309334826841,34.73440888809496,0.0006,0.0,3094.328,1.478459982215684,82,B0006,G1,24,2,0.7263954583009604,1.4959721803839237,0.02188041320590487,-0.0018344640468116236,0.5568776087899139,24,1.4247363137039184,False,106
285,24,"06 May 2008, 21:21:49",3.5179169265872945,-0.0031973699811009,34.85451606835088,0.0006,0.0,3086.531,1.473214844899973,83,B0006,G1,24,2,0.7238184227571322,1.4845576250758843,0.012287151696869142,-0.011414555308039498,0.5621227461056251,23,1.4247363137039184,False,106
289,24,"07 May 2008, 02:17:25",3.51910167584515,-0.0028326569749947,34.71454754205853,0.0006,0.0,3085.625,1.4675164935067897,84,B0006,G1,24,2,0.7210187145326269,1.47724572201004,0.007842346836464469,-0.0073119030658443055,0.5678210974988083,22,1.4247363137039184,False,106
293,24,"07 May 2008, 07:04:02",3.521493643197122,-0.0023048413012049,34.408441964409874,0.0006,0.0,3067.203,1.4516292657521337,85,B0006,G1,24,2,0.7132130179126344,1.4698197029858489,0.011112152966683591,-0.0074260190241911325,0.5837083252534643,21,1.4247363137039184,False,106
297,24,"07 May 2008, 12:01:49",3.531199617131715,-0.003266350518668,34.22991790059867,0.0006,0.0,3058.157,1.4519237720967175,86,B0006,G1,24,2,0.7133577144710261,1.4645488716942596,0.012285501865141123,-0.005270831291589229,0.5834138189088804,20,1.4247363137039184,False,106
301,24,"07 May 2008, 16:59:29",3.540682828822266,-0.0025904387374867,34.45467967969768,0.0008,0.0,3058.812,1.4471484694777743,87,B0006,G1,24,2,0.7110115176336829,1.4582865691466775,0.011367795077349897,-0.006262302547581955,0.5881891215278237,19,1.4247363137039184,False,106
305,24,"07 May 2008, 21:56:09",3.5356541187739614,-0.0058344011314254,34.80310290558563,0.0006,0.0,3058.578,1.4468538105659885,88,B0006,G1,24,2,0.7108667461161282,1.4530143622798808,0.00845252603144314,-0.005272206866796881,0.5884837804396095,18,1.4247363137039184,False,106
309,24,"08 May 2008, 02:53:49",3.5426480867538017,-0.0008107827825872,34.81930482334886,0.0006,0.0,3049.328,1.4416741930284678,89,B0006,G1,24,2,0.708321901683239,1.4478459021842163,0.004198318561482054,-0.005168460095664384,0.5936633979771302,17,1.4247363137039184,False,106
312,24,"09 May 2008, 12:25:07",3.5029468518556204,-0.004082848523023,36.55243677981589,0.0006,0.0,3177.219,1.5935866593100128,90,B0006,G1,24,2,0.7829593804744059,1.476237380895792,0.06570041408838051,0.028391478711575813,0.4417509316955852,16,1.4247363137039184,False,106
315,24,"09 May 2008, 20:28:09",3.459144575143091,-0.0012437134072275,36.57029301599151,0.0006,0.0,3082.937,1.5463902376915637,91,B0006,G1,24,2,0.759770882494014,1.4951306740147614,0.07037696136683468,0.018893293118969236,0.48894735331403427,15,1.4247363137039184,False,106
319,24,"10 May 2008, 01:21:56",3.4885908514844224,0.0002570745918365,35.95639890638621,0.0006,0.0,3074.266,1.51470559175661,92,B0006,G1,24,2,0.7442036144029749,1.5086420984705284,0.06515320265184033,0.013511424455767118,0.5206319992489881,14,1.4247363137039184,False,106
323,24,"10 May 2008, 06:18:12",3.500662570823591,-0.0044565194706676,35.57203521602141,0.0006,0.0,3066.0,1.4989786083335404,93,B0006,G1,24,2,0.7364766488653811,1.519067058024039,0.05637364382882918,0.01042495955351037,0.5363589826720576,13,1.4247363137039184,False,106
327,24,"10 May 2008, 11:16:04",3.519098513063688,-0.0005216459352215,35.12626059216553,0.0006,0.0,3056.437,1.4831110745410492,94,B0006,G1,24,2,0.7286806282628964,1.5273544343265553,0.04379419208144935,0.00828737630251628,0.5522265164645488,12,1.4247363137039184,False,106
331,24,"10 May 2008, 16:11:56",3.5212860952811007,0.0021242129148989,35.05245406960759,0.0006,0.0,3048.219,1.4729664825468278,95,B0006,G1,24,2,0.7236963976177928,1.5032303989739182,0.028867028355573154,-0.024124035352636984,0.5623711084587701,11,1.4247363137039184,False,106
335,24,"10 May 2008, 21:07:54",3.5315851155806786,-0.0012771493256552,34.99131293908511,0.0008,0.0,3039.218,1.4627604396099307,96,B0006,G1,24,2,0.7186819749578868,1.4865044393575917,0.020672920764133827,-0.016725959616326593,0.5725771513956672,10,1.4247363137039184,False,106
339,24,"11 May 2008, 02:05:21",3.532926287846672,-0.0028830904415017,34.94359968589192,0.0008,0.0,3039.047,1.4518364681062514,97,B0006,G1,24,2,0.7133148203630159,1.4739306146275197,0.018203959075012807,-0.012573824730071691,0.5835011228993465,9,1.4247363137039184,False,106
343,24,"11 May 2008, 06:55:27",3.539045488750217,-0.004743717288306,34.84983560144131,0.0006,0.0,3030.375,1.4468670644030392,98,B0006,G1,24,2,0.7108732579778997,1.4635083058414196,0.014895029908589015,-0.010422308786100221,0.5884705266025587,8,1.4247363137039184,False,106
347,24,"11 May 2008, 11:52:47",3.545547133777292,-0.0050032966111382,34.86099755076984,0.0008,0.0,3021.0,1.441380399427779,99,B0006,G1,24,2,0.7081775553094546,1.4551621708187656,0.012693832325078943,-0.008346135022654045,0.593957191577819,7,1.4247363137039184,False,106
351,24,"11 May 2008, 16:49:58",3.5484565862450688,-0.0040765987852816,34.837662550361905,0.0008,0.0,3021.75,1.431210744960774,100,B0006,G1,24,2,0.7031810109956533,1.446811023301555,0.011752685614772008,-0.008351147517210755,0.6041268460448239,6,1.4247363137039184,False,106
355,24,"11 May 2008, 21:47:12",3.549925959367978,-0.003369633278137,34.87870780639173,0.0006,0.0,3012.265,1.4260247179525716,101,B0006,G1,24,2,0.7006330174681323,1.4394638789700829,0.010727143573484423,-0.007347144331471833,0.6093128730530264,5,1.4247363137039184,False,106
359,24,"12 May 2008, 02:36:58",3.5622369118183483,-0.0030866542358001,34.66799385095821,0.0006,0.0,3002.641,1.420487649966195,102,B0006,G1,24,2,0.6979125508434085,1.4331941153420718,0.010848422264372283,-0.006269763628011305,0.614849941039403,4,1.4247363137039184,False,106
363,24,"12 May 2008, 12:56:34",3.558769894565424,-0.0034861971592438,35.255766985179704,0.0006,0.0,3012.0,1.4207006230355006,103,B0006,G1,24,2,0.6980171885557206,1.427960827068564,0.008702791875698529,-0.00523328827350773,0.6146369679700974,3,1.4247363137039184,False,106
366,24,"12 May 2008, 18:59:59",3.5413834963307256,-0.0016814999715928,35.87126418983831,0.0006,0.0,3020.11,1.452255804330839,104,B0006,G1,24,2,0.7135208482113887,1.430135908049176,0.013128789521848922,0.0021750809806119877,0.5830817866747591,2,1.4247363137039184,False,106
370,24,"12 May 2008, 23:53:17",3.557320348056594,-0.0036242300462665,35.5586741930245,0.0006,0.0,3002.172000000006,1.431557632772571,105,B0006,G1,24,2,0.7033514435633659,1.4302052856115353,0.013136803433558563,6.937756235938508e-05,0.603779958233027,1,1.4247363137039184,False,106
374,24,"13 May 2008, 04:35:25",3.5560021159887576,-0.0001220877718859,35.37917332729927,0.0006,0.0,2992.703,1.415015751158943,106,B0006,G1,24,2,0.6952241030736463,1.4280034922528098,0.01482656196468441,-0.0022017933587257232,0.620321839846655,0,1.4247363137039184,False,106
378,24,"13 May 2008, 09:24:04",3.565450927200841,-0.0030022441391222,35.25835879194265,0.0008,0.0,2964.468,1.4097311506517451,107,B0006,G1,24,2,0.6926276785146194,1.4258521923899197,0.01683417569691853,-0.002151299862889955,0.6256064403538528,0,1.4247363137039184,False,106
382,24,"13 May 2008, 14:20:24",3.5778109276715733,-0.0026601213085165,34.97774357485852,0.0008,0.0,2983.375,1.404917318129309,108,B0006,G1,24,2,0.6902625512041874,1.4226955314086813,0.019335625386322046,-0.003156660981238302,0.6304202728762889,0,1.4247363137039184,False,106
386,24,"13 May 2008, 19:04:20",3.5823842742694407,-0.0042893793618397,35.09536674698793,0.0006,0.0,2975.297,1.395164296571563,109,B0006,G1,24,2,0.6854707065486149,1.4112772298568264,0.013488298086669471,-0.011418301551855192,0.640173294434035,0,1.4247363137039184,False,106
390,24,"13 May 2008, 23:59:26",3.5836702091707866,-0.0025169601571893,35.23466125554352,0.0008,0.0,2974.9850000000006,1.3945343832614077,110,B0006,G1,24,2,0.6851612181802287,1.4038725799545935,0.008980822761849661,-0.007404649902232663,0.6408032077441903,0,1.4247363137039184,False,106
394,24,"14 May 2008, 04:55:57",3.5856253738844623,-0.0006328574526033,35.0345809347327,0.0006,0.0,2966.25,1.3893171179312644,111,B0006,G1,24,2,0.6825978766720686,1.398732853309058,0.008340083485613792,-0.005139726645535703,0.6460204730743335,0,1.4247363137039184,False,106
398,24,"14 May 2008, 09:52:22",3.588984284723791,-0.0046533569917268,34.959736236714605,0.0008,0.0,2956.359,1.3838379472327809,112,B0006,G1,24,2,0.6799058560840853,1.393554212625265,0.007826749901968015,-0.0051786406837928565,0.6514996437728171,0,1.4247363137039184,False,106
402,24,"14 May 2008, 14:35:22",3.5864700210588274,-0.0047347736266316,35.130364090229946,0.0008,0.0,2956.344,1.3736814238195123,113,B0006,G1,24,2,0.674915763306282,1.3873070337633056,0.008884022254408467,-0.006247178861959357,0.6616561671860857,0,1.4247363137039184,False,106
406,24,"14 May 2008, 19:31:39",3.5923515752514272,-0.0041643110524625,35.31000839824853,0.0008,0.0,2956.406,1.3786059891863676,114,B0006,G1,24,2,0.6773352957654757,1.3839953722862666,0.008289141916788282,-0.003311661477039074,0.6567316018192304,0,1.4247363137039184,False,106
410,24,"15 May 2008, 00:27:55",3.5963124070242887,-0.0019713158043576,35.16961820965507,0.0006,0.0,2947.266,1.3737600299108574,115,B0006,G1,24,2,0.6749543839713218,1.3798405016161566,0.006749374501530409,-0.0041548706701100445,0.6615775610947405,0,1.4247363137039184,False,106
414,24,"15 May 2008, 05:24:04",3.6002389127425705,-0.0032129390964392,34.99384427968127,0.0008,0.0,2937.984,1.3682580583942712,116,B0006,G1,24,2,0.6722511609085237,1.375628689708758,0.005870821091115575,-0.004211811907398655,0.6670795326113268,0,1.4247363137039184,False,106
418,24,"15 May 2008, 10:20:03",3.604261987061514,-0.0052861861256525,34.87051338845891,0.0006,0.0,2929.125,1.3633024037317505,117,B0006,G1,24,2,0.6698163536881292,1.371521581008552,0.005875156777700967,-0.0041071087002060745,0.6720351872738475,0,1.4247363137039184,False,106
422,24,"15 May 2008, 15:10:59",3.610208784768209,-0.0058800185313669,34.99150315814171,0.0008,0.0,2928.454,1.35809661401726,118,B0006,G1,24,2,0.6672586503678075,1.3684046190481012,0.00814029217972265,-0.003116961960450482,0.6772409769883381,0,1.4247363137039184,False,106
426,24,"15 May 2008, 19:56:47",3.604384847345642,-0.0026974817941556,35.370353548691504,0.0006,0.0,2929.375,1.353269090999531,119,B0006,G1,24,2,0.6648867966571198,1.363337239410734,0.008088294037529675,-0.005067379637367297,0.6820685000060669,0,1.4247363137039184,False,106
430,24,"16 May 2008, 16:54:59",3.5929395911706528,-0.0002897043696836,35.35792668120537,0.0008,0.0,2946.031,1.3841605738237488,120,B0006,G1,24,2,0.6800643686533974,1.3654173481933123,0.01188512130018174,0.0020801087825782715,0.6511770171818492,0,1.4247363137039184,False,106
432,24,"16 May 2008, 21:37:39",3.5862615333641465,-0.0026966931738906,35.8874924214886,0.0006,0.0,2955.438,1.4051467790651473,121,B0006,G1,24,2,0.6903752897183545,1.3727950923274874,0.021582556230017168,0.007377744134175223,0.6301908119404507,0,1.4247363137039184,False,106
436,24,"17 May 2008, 02:32:13",3.5993733218450874,-0.0048093692793573,35.41362624524575,0.0006,0.0,2937.625,1.378719022627353,122,B0006,G1,24,2,0.6773908312410081,1.375878416106608,0.020980194943535306,0.0030833237791204836,0.6566185683782451,0,1.4247363137039184,False,106
440,24,"17 May 2008, 07:25:19",3.613313370916122,-0.0036956331814371,34.86662650314206,0.0006,0.0,2929.078,1.3682657783199066,123,B0006,G1,24,2,0.6722549538545536,1.3779122489671374,0.019246764062296896,0.002033832860529339,0.6670718126856914,0,1.4247363137039184,False,106
444,24,"17 May 2008, 12:21:15",3.612916400780757,0.002448164539924,34.900465534838,0.0006,-0.0,2918.375,1.3573151296618016,124,B0006,G1,24,2,0.6668746922672389,1.3787214566995913,0.017996067006219776,0.0008092077324540981,0.6780224613437964,0,1.4247363137039184,False,106
448,24,"17 May 2008, 17:15:37",3.62307676232919,-0.0044828777750995,34.624064867045256,0.0006,0.0,2919.812,1.3524934638801596,125,B0006,G1,24,2,0.6645057163278422,1.3723880347108737,0.02093559261508628,-0.006333421988717847,0.6828441271254384,0,1.4247363137039184,False,106
452,24,"17 May 2008, 22:10:51",3.6225410007004046,-0.0003725715105527,34.74761764675118,0.0006,0.0,2900.422,1.3474099151661236,126,B0006,G1,24,2,0.6620080723318286,1.360840661931069,0.012621986633685455,-0.011547372779804731,0.6879276758394743,0,1.4247363137039184,False,106
456,24,"18 May 2008, 03:05:19",3.626275900079049,-0.0006780455442284,34.606986338741144,0.0008,0.0,2901.375,1.3370075130842318,127,B0006,G1,24,2,0.656897174696045,1.3524983600224445,0.011593871047019162,-0.008342301908624217,0.6983300779213661,0,1.4247363137039184,False,106
460,24,"18 May 2008, 08:00:50",3.630939582490314,-0.0025625529319735,34.3758393274177,0.0006,0.0,2901.187,1.3312352966718526,128,B0006,G1,24,2,0.6540611751852576,1.3450922636928337,0.010804240515723892,-0.0074060963296108005,0.7041022943337454,0,1.4247363137039184,False,106
464,24,"18 May 2008, 12:44:48",3.63665215167077,-0.0037520251275725,34.21509258181516,0.0006,0.0,2891.64,1.3259303781727645,129,B0006,G1,24,2,0.6514547680110713,1.3388153133950262,0.011042025759225922,-0.006276950297807416,0.7094072128328335,0,1.4247363137039184,False,106
468,24,"18 May 2008, 17:36:29",3.633648674889144,0.000971062580228,34.404525748296365,0.0006,0.0,2882.906,1.321578743867529,130,B0006,G1,24,2,0.6493167274597319,1.3326323693925004,0.010081776593935499,-0.006182944002526103,0.7137588471380689,0,1.4247363137039184,False,106
472,24,"18 May 2008, 22:31:45",3.6408526421786505,-0.0036309992623418,34.27105538633811,0.0006,0.0,2883.265,1.321225074066109,131,B0006,G1,24,2,0.6491429627717592,1.3273954011724973,0.00673034590577462,-0.005236968220002946,0.7141125169394891,0,1.4247363137039184,False,106
476,24,"19 May 2008, 03:27:07",3.6463041446743727,-0.001610588681112,34.099498695535075,0.0008,0.0,2882.969,1.3156485301862682,132,B0006,G1,24,2,0.6464031008911139,1.3231236045929045,0.005821195678763977,-0.0042717965795927345,0.7196890608193298,0,1.4247363137039184,False,106
480,24,"19 May 2008, 15:34:33",3.643185525285694,-0.0051612468139402,34.347474812989034,0.0006,0.0,2891.656,1.3209025697502388,133,B0006,G1,24,2,0.648984510278524,1.321057059208582,0.0036512215347468324,-0.0020665453843227597,0.7144350212553592,0,1.4247363137039184,False,106
482,24,"19 May 2008, 20:59:48",3.63009179178362,-0.0066818333182004,34.64277824450123,0.0006,0.0,2901.25,1.3474328767273906,134,B0006,G1,24,2,0.6620193537828117,1.325357558919507,0.012577645825269343,0.004300499710925232,0.6879047142782073,0,1.4247363137039184,False,106
484,24,"20 May 2008, 01:16:42",3.644383145306869,-0.0030683451427328,34.125942825083634,0.0006,0.0,2891.703,1.3260128072353616,135,B0006,G1,24,2,0.6514952669744675,1.3262443715930736,0.012399661503364093,0.0008868126735665172,0.7093247837702363,0,1.4247363137039184,False,106
488,24,"20 May 2008, 06:12:06",3.647724843088211,-0.004687032454786,33.887376782077006,0.0006,0.0,2883.016,1.3101186784831065,136,B0006,G1,24,2,0.643686179763337,1.324023092476473,0.014362978866128997,-0.0022212791166004832,0.7252189125224915,0,1.4247363137039184,False,106
492,24,"20 May 2008, 11:07:23",3.654758881299619,-0.0051591079110662,33.56218507973103,0.0006,0.0,2873.453,1.30521620229393,137,B0006,G1,24,2,0.6412775001365069,1.3219366268980057,0.016484688193673467,-0.002086465578467633,0.730121388711668,0,1.4247363137039184,False,106
496,24,"20 May 2008, 15:57:27",3.649848216700934,-0.0036322565606385,33.97512946957805,0.0006,-0.0,2874.031,1.3004061951355774,138,B0006,G1,24,2,0.6389142523000749,1.3178373519750732,0.01914059640262937,-0.004099274922932272,0.7349313958700205,0,1.4247363137039184,False,106
500,24,"20 May 2008, 20:50:39",3.654795053390779,-0.0037711320331798,33.9938311075272,0.0006,0.0,2874.234,1.300235735841116,139,B0006,G1,24,2,0.6388305024124815,1.3083979237978185,0.010651965853632768,-0.009439428177254915,0.7351018551644819,0,1.4247363137039184,False,106
504,24,"21 May 2008, 01:39:38",3.65519692144285,-0.0016085927490509,33.80021082576708,0.0006,0.0,2864.984,1.2895066722480757,140,B0006,G1,24,2,0.6335591097744969,1.3010966968003612,0.007647110474605828,-0.007301226997457189,0.7458309187575223,0,1.4247363137039184,False,106
508,24,"21 May 2008, 06:24:27",3.660920185251899,-0.0036793388248434,33.39907834598599,0.0006,0.0,2855.093,1.279253057384795,141,B0006,G1,24,2,0.6285213141239901,1.294923572580699,0.010477646571629503,-0.006173124219662318,0.7560845336208031,0,1.4247363137039184,False,106
512,24,"21 May 2008, 11:18:06",3.6665506464743816,-0.0032493942649211,33.17152279184158,0.0006,0.0,2855.625,1.2792078171714618,142,B0006,G1,24,2,0.6284990867482796,1.289721895556205,0.010546134754656492,-0.005201677024493634,0.7561297738341362,0,1.4247363137039184,False,106
516,24,"21 May 2008, 16:10:21",3.664830420095059,-0.0012904707694538,33.52589300448675,0.0006,0.0,2855.594,1.274036760902923,143,B0006,G1,24,2,0.6259584486293798,1.2844480087096743,0.010460444688124978,-0.005273886846530873,0.7613008301026749,0,1.4247363137039184,False,106
520,24,"21 May 2008, 21:02:09",3.6670708418070905,-0.0024174112114032,33.48434759874664,0.0006,0.0,2847.437,1.2741273923001468,144,B0006,G1,24,2,0.6260029775555019,1.2792263400014805,0.006297167754205417,-0.0052216687081938495,0.7612101987054511,0,1.4247363137039184,False,106
524,24,"22 May 2008, 01:42:59",3.671063896554771,-0.0019144845855416,33.05127195424509,0.0006,0.0,2847.36,1.263763942644078,145,B0006,G1,24,2,0.6209112179860496,1.274077794080681,0.0063142727677731065,-0.005148545920799519,0.7715736483615199,0,1.4247363137039184,False,106
528,24,"22 May 2008, 06:32:40",3.675527990548978,-0.000216240567834,32.79536153426087,0.0006,0.0,2837.328,1.2581373688955233,146,B0006,G1,24,2,0.618146775481072,1.2698546563828266,0.008625826150069618,-0.004223137697854318,0.7772002221100747,0,1.4247363137039184,False,106
532,24,"22 May 2008, 11:23:22",3.67291170661734,-0.0048998471272269,32.87846636576991,0.0008,0.0,2837.281,1.253259864055301,147,B0006,G1,24,2,0.6157503647520722,1.2646650657595946,0.009365705640218392,-0.0051895906232321655,0.782077726950297,0,1.4247363137039184,False,106
536,24,"22 May 2008, 16:17:58",3.67294260827938,-0.0015042475247667,33.21432605910474,0.0006,0.0,2838.515,1.2532313315493426,148,B0006,G1,24,2,0.6157363461901961,1.2605039798888784,0.008763478170377474,-0.004161085870716086,0.7821062594562553,0,1.4247363137039184,False,106
540,24,"22 May 2008, 20:59:50",3.676426871927093,0.0018528412705641,33.01008606676501,0.0006,0.0,2828.328,1.2480874960313575,149,B0006,G1,24,2,0.6132090821428379,1.2552960006351204,0.0059192622996763495,-0.005207979253757866,0.7872500949742405,0,1.4247363137039184,False,106
544,24,"23 May 2008, 12:13:16",3.678748349217624,-0.0038397214228711,32.83266948313975,0.0006,0.0,2838.265,1.2534354284944844,150,B0006,G1,24,2,0.6158366228941904,1.2532302978052017,0.003555654321122414,-0.002065702829918736,0.7819021625111136,0,1.4247363137039184,False,106
547,24,"23 May 2008, 20:14:29",3.6660243812714266,-0.0058360199331697,33.95920158428766,0.0006,0.0,2864.547,1.28980487732669,151,B0006,G1,24,2,0.6337056235911394,1.2595637994914353,0.017055974122325887,0.006333501686233323,0.745532713678908,0,1.4247363137039184,False,106
551,24,"24 May 2008, 01:09:21",3.673517843188949,-0.0077447981233232,33.66715541097441,0.0006,0.0,2846.39,1.2635402021758837,152,B0006,G1,24,2,0.6208012900462411,1.2616198671155516,0.016722440902848378,0.0020560676241165423,0.7717973888297143,0,1.4247363137039184,False,106
555,24,"24 May 2008, 06:00:20",3.679265325617699,-0.0030678547998177,33.29047666862118,0.0006,0.0,2837.969,1.2479761706842851,153,B0006,G1,24,2,0.6131543858862737,1.2605688349425401,0.017527262330556004,-0.0010510321730115013,0.7873614203213128,0,1.4247363137039184,False,106
559,24,"24 May 2008, 10:42:50",3.6810005302067896,-0.0010619899134,33.0677214501059,0.0006,0.0,2838.156,1.2321202877943334,154,B0006,G1,24,2,0.6053640895934027,1.2573753932951353,0.02139722742125473,-0.003193441647404827,0.8032173032112646,0,1.4247363137039184,False,106
563,24,"24 May 2008, 15:31:10",3.6816210659707824,-0.0055846749856578,33.05886238959916,0.0006,0.0,2829.843,1.2271137666213534,155,B0006,G1,24,2,0.6029042906907026,1.252111060920509,0.02546096087556358,-0.005264332374626202,0.8082238243842446,0,1.4247363137039184,False,106
567,24,"24 May 2008, 20:21:13",3.6870580470143386,-0.0020995701539379,32.80619308942374,0.0006,0.0,2829.625,1.2217397581377356,156,B0006,G1,24,2,0.6002639382954212,1.2384980370827183,0.017088462937364778,-0.013613023837790861,0.8135978328678624,0,1.4247363137039184,False,106
571,24,"25 May 2008, 01:06:49",3.686609623032529,-0.0028067410403196,32.85539211201931,0.0006,0.0,2819.437,1.211102678915174,157,B0006,G1,24,2,0.5950377393250057,1.2280105324305761,0.013615424246768988,-0.010487504652141943,0.824234912090424,0,1.4247363137039184,False,106
575,24,"25 May 2008, 05:57:17",3.6886642285753455,-0.0032694873311616,32.72492217663622,0.0006,0.0,2819.579,1.2056159765131735,158,B0006,G1,24,2,0.5923420182680926,1.219538493596354,0.011017387661044539,-0.008472038834222317,0.8297216144924244,0,1.4247363137039184,False,106
579,24,"25 May 2008, 10:51:37",3.689427929747468,-0.0038166754449602,32.76928328797007,0.0006,0.0,2810.672,1.2008936262717274,159,B0006,G1,24,2,0.5900218379391315,1.2132931612918327,0.010952625003145765,-0.006245332304521201,0.8344439647338706,0,1.4247363137039184,False,106
583,24,"25 May 2008, 15:37:08",3.691557712403205,-0.0020468242754553,32.59685985360409,0.0006,0.0,2811.485,1.1905903985558337,160,B0006,G1,24,2,0.5849596665522202,1.2059884876787288,0.011591537851391914,-0.00730467361310394,0.8447471924497643,0,1.4247363137039184,False,106
587,24,"25 May 2008, 20:23:04",3.692494602830583,-0.0029304391838639,32.62058102581185,0.0006,0.0,2802.422,1.185179251041941,161,B0006,G1,24,2,0.5823010670462684,1.1986763862595697,0.010665864610449872,-0.0073121014191589225,0.850158339963657,0,1.4247363137039184,False,106
591,24,"26 May 2008, 01:13:02",3.693907128232746,-0.0013480330701835,32.5455784721457,0.0006,0.0,2801.625,1.1796706818144624,162,B0006,G1,24,2,0.5795946024028492,1.1923899868394277,0.010773261292408898,-0.006286399420142308,0.8556669091911355,0,1.4247363137039184,False,106
595,24,"26 May 2008, 06:01:08",3.6946262144743858,-0.0052291838766734,32.43120345933949,0.0006,0.0,2802.031,1.1745952836753917,163,B0006,G1,24,2,0.5771009629390572,1.1861858482718712,0.010167603165410008,-0.006204138567556372,0.8607423073302063,0,1.4247363137039184,False,106
599,24,"26 May 2008, 10:44:38",3.6963269652374176,-0.0007456920500808,32.113473228514714,0.0006,0.0,2793.39,1.15381833159625,164,B0006,G1,24,2,0.5668928519254556,1.1767707893367758,0.014156635765728816,-0.009415058935095467,0.8815192594093479,0,1.4247363137039184,False,106
603,24,"26 May 2008, 15:30:43",3.697169686162496,-0.0011878029051239,32.299362879069115,0.0006,0.0,2793.39,1.1644009557372264,165,B0006,G1,24,2,0.5720922960804411,1.1715329007730544,0.012514942529805485,-0.005237888563721471,0.8709366352683716,0,1.4247363137039184,False,106
607,24,"26 May 2008, 20:21:04",3.6966744870459154,-0.0024571388608882,32.41675406202398,0.0008,0.0,2792.485,1.1587974947916069,166,B0006,G1,24,2,0.5693392093343496,1.1662565495229873,0.010761777541118704,-0.005276351250066824,0.8765400962139911,0,1.4247363137039184,False,106
611,24,"27 May 2008, 15:52:41",3.69305943579077,-0.001244768573829,32.371096995705706,0.0006,0.0,2802.016,1.1749748834769171,167,B0006,G1,24,2,0.5772874675283711,1.1653173898554783,0.009419709666064407,-0.0009391596675090597,0.8603627075286808,0,1.4247363137039184,False,106
613,24,"27 May 2008, 20:45:42",3.691808982914086,-0.0031271288430358,32.1923241277653,0.0006,0.0,2820.39,1.1856752327929356,168,B0006,G1,24,2,0.582544752296905,1.1675333796789873,0.01283289836333649,0.0022159898235087905,0.8496623582126623,0,1.4247363137039184,False,106
1,24,"02 Apr 2008, 15:25:41",3.062112709085676,-0.001433298764086,37.338478488929326,-0.0004,0.0,3690.234,1.89105229539079,1,B0007,G1,24,2,1.0,1.89105229539079,0.0,0.0,0.0,167,1.323736606773553,True,168
3,24,"02 Apr 2008, 19:43:48",3.0792262382335167,-0.0032303852413976,37.16173860146792,-0.0004,0.0,3672.344,1.880637027686859,2,B0007,G1,24,2,0.9944923428456648,1.8858446615388245,0.007364706421322914,0.0,0.010415267703931086,166,1.323736606773553,True,168
5,24,"03 Apr 2008, 00:01:06",3.0632655470968637,-0.0031577828798491,37.50810004065615,-0.0006,0.0,3651.641,1.8806626717011388,3,B0007,G1,24,2,0.9945059035569906,1.8841173315929292,0.006005868510223693,0.0,0.01038962368965124,165,1.323736606773553,True,168
7,24,"03 Apr 2008, 04:16:37",3.039420908181304,-0.0034215178869589,37.85540508837012,-0.0006,0.0,3631.563,1.8807709009833444,4,B0007,G1,24,2,0.9945631358622364,1.883280723940533,0.005181372453085095,0.0,0.010281394407445577,164,1.323736606773553,True,168
9,24,"03 Apr 2008, 08:33:25",3.0431671777523723,-0.0023550897377964,37.835870469417415,-0.0006,0.0,3629.172,1.8794508728285055,5,B0007,G1,24,2,0.9938650969142622,1.8825147537181277,0.00480296963151458,0.0,0.011601422562284469,163,1.323736606773553,True,168
11,24,"03 Apr 2008, 12:55:10",3.1233879823287563,-0.002524129483244,36.68060294732608,-0.0006,0.0,3652.281,1.8807003517117404,6,B0007,G1,24,2,0.9945258289766596,1.8804443649823177,0.0005576644077073037,-0.0020703887358099137,0.010351943679049569,162,1.323736606773553,True,168
13,24,"03 Apr 2008, 17:17:16",3.1185821288267825,-0.0026819678669145,36.8457570408316,-0.0006,0.0,3650.828,1.8799352523566075,7,B0007,G1,24,2,0.9941212397661985,1.8803040099162671,0.0005847087718686167,-0.00014035506605027947,0.011117043034182483,161,1.323736606773553,True,168
15,24,"03 Apr 2008, 21:28:14",3.0484292097717485,-0.0036049241601853,38.24441491278045,-0.0006,0.0,3572.453,1.88150881240388,8,B0007,G1,24,2,0.9949533479268812,1.8804732380568154,0.0007980064742945151,0.00016922814054822765,0.009543482986910101,160,1.323736606773553,True,168
17,24,"04 Apr 2008, 01:38:15",3.016246202253228,0.0002748134023479,38.66297037110604,-0.0006,0.0,3550.594,1.8696907870385844,9,B0007,G1,24,2,0.9887039039563995,1.8782572152678636,0.004851961435054159,-0.0022160227889520103,0.021361508352205627,159,1.323736606773553,True,168
19,24,"04 Apr 2008, 05:48:08",3.005452831952688,-0.0067258269664391,38.74331536284642,-0.0006,0.0,3551.25,1.870052380139199,10,B0007,G1,24,2,0.9888951165957833,1.876377516730002,0.005966453871842715,-0.0018796985378612963,0.02099991525159095,158,1.323736606773553,True,168
21,24,"04 Apr 2008, 09:57:19",2.966533480141811,-0.0023664019737252,39.17593371990745,-0.0006,0.0,3530.25,1.8700442394188577,11,B0007,G1,24,2,0.9888908117331621,1.8742462942714258,0.005939428436308466,-0.002131222458576554,0.021008055971932338,157,1.323736606773553,True,168
24,24,"04 Apr 2008, 17:56:27",2.9583476203190093,-0.0065798850663052,39.592673846682096,-0.0006,0.0,3491.016,1.8596518987766364,12,B0007,G1,24,2,0.9833952785490447,1.8701896235554316,0.007737190864155059,-0.004056670715994226,0.031400396614153614,156,1.323736606773553,True,168
26,24,"04 Apr 2008, 22:01:54",2.896976191688246,-0.0047140791540571,39.74652756123744,-0.0006,0.0,3470.281,1.8590746560862208,13,B0007,G1,24,2,0.9830900290898825,1.8657027922918996,0.005792596170785495,-0.004486831263531821,0.031977639304569205,155,1.323736606773553,True,168
28,24,"05 Apr 2008, 02:20:26",2.876004651491185,-0.0004508051048845,39.880450790470064,-0.0004,0.0,3470.0,1.8590084577709232,14,B0007,G1,24,2,0.9830550230165661,1.8635663264383673,0.005922505011686393,-0.0021364658535322433,0.032043837619866844,154,1.323736606773553,True,168
30,24,"05 Apr 2008, 06:25:01",2.9490333218639506,-0.00658524051204,39.17973626296238,-0.0006,0.0,3450.297,1.8593622586957048,15,B0007,G1,24,2,0.9832421151057928,1.8614283021496685,0.004823220296992924,-0.0021380242886988475,0.03169003669508519,153,1.323736606773553,True,168
32,24,"05 Apr 2008, 10:30:32",2.817578542562853,-0.004489723046018,39.5636595172155,-0.0006,0.0,3429.407,1.8587355450601035,16,B0007,G1,24,2,0.9829107051087616,1.859166563277918,0.0003510940864490634,-0.002261738871750829,0.03231675033068648,152,1.323736606773553,True,168
34,24,"05 Apr 2008, 14:34:41",1.8575547668336485,-1.9886714355268635,39.628948319501816,-2.0,1.016,3409.484,1.847817291322145,17,B0007,G1,24,2,0.977137065868551,1.8567996417870194,0.00502622882710167,-0.0023669214908982996,0.04323500406864511,151,1.323736606773553,True,168
36,24,"05 Apr 2008, 18:39:25",2.165755612420893,-1.9885132586017464,39.22534721491488,-2.0,1.342,3390.422,1.8485252916137047,18,B0007,G1,24,2,0.9775114607455649,1.8546897688925164,0.005959934300472929,-0.0021098728945032176,0.04252700377708529,150,1.323736606773553,True,168
38,24,"05 Apr 2008, 22:46:35",2.0270686341513207,-1.985790712160166,39.4126321606434,-2.0,1.205,3390.281,1.848378951850034,19,B0007,G1,24,2,0.9774340753850292,1.8525638677083383,0.005930036390161895,-0.0021259011841778365,0.042673343540756026,149,1.323736606773553,True,168
41,24,"18 Apr 2008, 21:10:19",2.990508602000316,-0.003199993527738,38.26643350673746,-0.0006,0.0,3591.734,1.8807805437609768,20,B0007,G1,24,2,0.9945682350219244,1.856847524721393,0.014132192211132403,0.0042836570130543985,0.010271751629813197,148,1.323736606773553,True,168
45,24,"19 Apr 2008, 02:29:09",2.9244436686756003,-0.002762863087942,39.34502064263967,-0.0006,0.0,3552.297,1.88147215974436,21,B0007,G1,24,2,0.9949339657767369,1.861394847658244,0.01801591467650522,0.004547322936851295,0.00958013564643001,147,1.323736606773553,True,168
49,24,"19 Apr 2008, 07:47:15",2.985701673091382,-0.0027336860785024,38.40282688637759,-0.0006,0.0,3531.578,1.8810954313244783,22,B0007,G1,24,2,0.9947347494881129,1.8680504756587109,0.01789251775779371,0.006655628000466684,0.009956864066311688,146,1.323736606773553,True,168
53,24,"19 Apr 2008, 13:01:42",2.8624482917296183,-0.002279916789759,39.19501045362934,-0.0006,0.0,3492.907,1.8710089649779995,23,B0007,G1,24,2,0.9894009644991608,1.87254721033157,0.014203745107562265,0.00449673467285896,0.020043330412790494,145,1.323736606773553,True,168
57,24,"19 Apr 2008, 18:27:29",2.9139323032496045,-0.0007937441569346,39.01311177014317,-0.0006,0.0,3511.594,1.8701995151941373,24,B0007,G1,24,2,0.9889729225111972,1.8769113230003902,0.005769858269914474,0.004364112668820664,0.02085278019665271,144,1.323736606773553,True,168
61,24,"19 Apr 2008, 23:41:55",2.0506492642329937,-1.989613682310056,38.86906912217273,-2.0,1.232,3431.9370000000054,1.8706715362800983,25,B0007,G1,24,2,0.9892225301434723,1.8748895215042147,0.005845740337854631,-0.0020218014961757014,0.020380759110691704,143,1.323736606773553,True,168
65,24,"20 Apr 2008, 04:54:41",1.8254369744762284,-1.989741219592955,39.11839966443177,-2.0,0.987,3431.125,1.8596124644020169,26,B0007,G1,24,2,0.9833744254109715,1.870517582435746,0.007602282746018487,-0.004371939068468622,0.03143983098877312,142,1.323736606773553,True,168
69,24,"20 Apr 2008, 10:16:28",2.134879000684994,-1.9898673663421715,38.68010761281634,-2.0,1.314,3412.406,1.860033909718346,27,B0007,G1,24,2,0.9835972882674648,1.8663052781145197,0.005926166127042293,-0.004212304321226457,0.03101838567244397,141,1.323736606773553,True,168
73,24,"20 Apr 2008, 15:37:05",1.970455493406623,-1.9877925272465773,38.863045678198645,-2.0,1.148,3410.688,1.8591653109160768,28,B0007,G1,24,2,0.9831379679174215,1.863936547302135,0.005943017184870676,-0.002368730812384534,0.031886984474713165,140,1.323736606773553,True,168
77,24,"20 Apr 2008, 20:50:38",1.813269430976001,-1.9870210652866236,39.14531169811219,-2.0,0.97,3410.718,1.8481398178778288,29,B0007,G1,24,2,0.9773076198804469,1.8595246078388734,0.00797282348966979,-0.004411939463261705,0.042912477512961233,139,1.323736606773553,True,168
81,24,"21 Apr 2008, 02:15:02",2.048365732409564,-1.988055260143558,38.8380564174779,-2.0,1.228,3392.719,1.849201702126164,30,B0007,G1,24,2,0.9778691507545129,1.8552306410080868,0.006007937885620869,-0.004293966830786866,0.041850593264626035,138,1.323736606773553,True,168
85,24,"22 Apr 2008, 15:33:49",2.8828887698944623,-0.0025962428285614,38.78113987979569,0.0004,0.0,3470.672,1.8834677437950849,31,B0007,G1,24,2,0.995989242807197,1.8600016968867,0.014218825523874847,0.004771055878613595,0.007584551595705147,137,1.323736606773553,True,168
89,24,"22 Apr 2008, 20:26:18",2.1177799354077496,-1.987749839050796,39.05387577229197,2.0,1.24,3414.109,1.8628211117905844,32,B0007,G1,24,2,0.9850711777410832,1.8605591373011479,0.014274928728097085,0.0005574404144476741,0.0282311836002056,136,1.323736606773553,True,168
93,24,"23 Apr 2008, 01:18:11",2.1637448793153697,-1.987965539848486,38.699551697978606,2.0,1.294,3395.219,1.852085039652352,33,B0007,G1,24,2,0.9793938772431541,1.8591430830484028,0.014789657632151447,-0.0014160542527449581,0.038967255738437956,135,1.323736606773553,True,168
97,24,"23 Apr 2008, 06:18:19",2.045656147205805,-1.98762305230902,38.6052414906155,2.0,1.172,3386.0,1.8469504648208708,34,B0007,G1,24,2,0.9766786827220949,1.8589052124370113,0.01501866400678322,-0.0002378706113915996,0.04410183056991923,134,1.323736606773553,True,168
101,24,"23 Apr 2008, 11:08:00",2.1356202266992863,-1.9908807729375653,38.42604747702835,2.0,1.264,3368.187,1.836828431169018,35,B0007,G1,24,2,0.9713260895248977,1.856430558245582,0.017782348454020956,-0.0024746541914292043,0.054223864221772056,133,1.323736606773553,True,168
105,24,"23 Apr 2008, 16:06:25",2.042987153745025,-1.9879657409069909,39.0468968949422,2.0,1.163,3368.266,1.8371619619672277,36,B0007,G1,24,2,0.97150246264743,1.8471694018800104,0.010911828216699199,-0.009261156365571432,0.05389033342356231,132,1.323736606773553,True,168
109,24,"23 Apr 2008, 21:02:58",1.978616239411895,-1.985827105930258,38.83676495861389,2.0,1.097,3358.719,1.8316722583718852,37,B0007,G1,24,2,0.9685994738677315,1.8409396311962705,0.008327772812249381,-0.006229770683739843,0.05938003701890482,131,1.323736606773553,True,168
113,24,"24 Apr 2008, 01:51:33",2.15845357648832,-1.9886961213342005,38.49981470604549,2.0,1.284,3339.5,1.8211470951317783,38,B0007,G1,24,2,0.9630337032828774,1.8347520422921562,0.0094008014555872,-0.006187588904114749,0.0699052002590117,130,1.323736606773553,True,168
117,24,"24 Apr 2008, 06:50:00",2.092603698932653,-1.9871268063980227,38.582340147970775,2.0,1.22,3331.265,1.816506091511515,39,B0007,G1,24,2,0.960579512231908,1.8286631676302847,0.009384049052649286,-0.006088874661871158,0.07454620387927502,129,1.323736606773553,True,168
121,24,"24 Apr 2008, 11:49:24",2.152888643167804,-1.9880004225486572,38.787499833494046,2.0,1.276,3321.188,1.8113815601504557,40,B0007,G1,24,2,0.9578696287593305,1.8235737934265726,0.010662027082044015,-0.005089374203712449,0.0796707352403343,128,1.323736606773553,True,168
125,24,"24 Apr 2008, 16:45:56",2.0537418826405966,-1.9897635577868185,39.31221126031847,2.0,1.174,3321.844,1.8116056333939583,41,B0007,G1,24,2,0.9579881200586186,1.8184625277119184,0.008406673394407878,-0.005111265714653879,0.0794466619968317,127,1.323736606773553,True,168
129,24,"24 Apr 2008, 21:38:11",2.079330058633996,-1.9868867646425723,39.40567993360536,2.0,1.203,3311.828,1.8060548955557405,42,B0007,G1,24,2,0.9550528559986309,1.8133390551486894,0.005720382992517517,-0.005123472563228937,0.0849973998350495,126,1.323736606773553,True,168
133,24,"25 Apr 2008, 12:03:44",2.075979330452076,-1.98743378616136,39.32802757827611,-2.0,1.234,3327.391,1.8132041826994056,43,B0007,G1,24,2,0.9588334426916011,1.8117504726622151,0.0037856920418441412,-0.0015885824864745324,0.07784811269138436,125,1.323736606773553,True,168
135,24,"25 Apr 2008, 20:03:55",2.0674349483094465,-1.98711828168815,38.6112528181758,2.0,1.189,3312.078,1.8062641938283532,44,B0007,G1,24,2,0.9551635342031009,1.8097020931255827,0.0033102080038615914,-0.00204837953663235,0.08478810156243677,124,1.323736606773553,True,168
139,24,"26 Apr 2008, 01:04:35",2.037264031192436,-1.985217167704388,38.56972695128688,2.0,1.159,3293.172,1.7958310249900458,45,B0007,G1,24,2,0.9496464108196084,1.8065919860935007,0.006801690986316449,-0.003110107032081988,0.09522127040074424,123,1.323736606773553,True,168
143,24,"26 Apr 2008, 05:57:35",2.1632674190148338,-1.9908261553736708,38.34572083526661,2.0,1.288,3275.328,1.7858852600390451,46,B0007,G1,24,2,0.9443870295876657,1.8014479114225181,0.010681483097292744,-0.005144074670982634,0.10516703535174488,122,1.323736606773553,True,168
147,24,"26 Apr 2008, 10:58:25",2.106631526845483,-1.990104969027171,38.48254063494672,2.0,1.23,3265.016,1.780326860450275,47,B0007,G1,24,2,0.9414477139472056,1.796302304401425,0.013682693977445587,-0.0051456070210930795,0.1107254349405149,121,1.323736606773553,True,168
149,24,"29 Apr 2008, 12:15:56",2.1809272860788376,-1.9889749573108797,41.0499421893331,2.0,1.292,3328.937,1.8150756899575575,48,B0007,G1,24,2,0.9598231071565729,1.7966766058530552,0.01427349348685962,0.00037430145163037666,0.07597660543323248,120,1.323736606773553,True,168
153,24,"29 Apr 2008, 17:05:27",2.1773498094527195,-1.986998523082832,40.361944885615415,2.0,1.302,3329.266,1.815702515484584,49,B0007,G1,24,2,0.960154576322473,1.7985642701843016,0.016333841222010682,0.0018876643312461638,0.07534977990620595,119,1.323736606773553,True,168
157,24,"29 Apr 2008, 22:00:04",2.180136101967249,-1.9875986342355048,39.6676965288026,2.0,1.303,3301.579,1.800243217805667,50,B0007,G1,24,2,0.9519796053200332,1.799446708747426,0.01626831447168349,0.0008824385631242659,0.09080907758512291,118,1.323736606773553,True,168
161,24,"30 Apr 2008, 02:43:55",2.128629519907685,-1.9881243315552564,39.481181404811096,2.0,1.253,3283.563,1.7904476205609308,51,B0007,G1,24,2,0.9467996336880419,1.8003591808518027,0.015423520134929408,0.0009124721043771266,0.10060467482985924,117,1.323736606773553,True,168
165,24,"30 Apr 2008, 07:41:42",2.8191493135378414,0.0007008105306003,39.4190511430692,0.0006,0.001,3275.125,1.780343032300132,52,B0007,G1,24,2,0.9414562657201504,1.8003624152217743,0.015418269871143461,3.2343699713610617e-06,0.1107092630906581,116,1.323736606773553,True,168
169,24,"30 Apr 2008, 12:28:49",2.7914986722149657,0.0001504085743458,39.72196117128354,0.0006,0.001,3265.656,1.775328769596812,53,B0007,G1,24,2,0.9388046929870528,1.7924130311496254,0.016164247643104954,-0.00794938407214909,0.11572352579397793,115,1.323736606773553,True,168
173,24,"30 Apr 2008, 17:20:16",2.912699551286945,-0.0037137762555414,40.03166030610401,0.0006,0.001,3266.093,1.770262973473285,54,B0007,G1,24,2,0.936125869066702,1.7833251227473652,0.012045810332933919,-0.009087908402259792,0.12078932191750491,114,1.323736606773553,True,168
177,24,"30 Apr 2008, 22:14:54",2.99598771253577,-0.0001155222884265,39.47151470318985,0.0006,0.001,3257.594,1.760081061854204,55,B0007,G1,24,2,0.9307416120348377,1.7752926915570726,0.011312281584382126,-0.008032431190292622,0.13097123353658602,113,1.323736606773553,True,168
181,24,"01 May 2008, 03:15:33",2.97267687251875,-0.002283350612705,39.72504112694839,0.0006,0.001,3248.593,1.749647593537689,56,B0007,G1,24,2,0.9252243302854406,1.7671326861524244,0.01231809235301663,-0.008160005404648363,0.14140470185310106,112,1.323736606773553,True,168
185,24,"01 May 2008, 08:16:03",2.981408978015783,-0.0025429921710424,39.74335777163101,0.0006,0.001,3238.766,1.749650075059311,57,B0007,G1,24,2,0.9252256425292258,1.7609940947042602,0.01172239861678516,-0.006138591448164199,0.1414022203314791,111,1.323736606773553,True,168
189,24,"01 May 2008, 13:14:24",3.0307473063064005,-0.0003544434935524,39.81953912502844,0.0006,0.001,3240.14,1.745028739214683,58,B0007,G1,24,2,0.9227818519180979,1.7549340886278344,0.010191293106434842,-0.0060600060764258055,0.14602355617610696,110,1.323736606773553,True,168
193,24,"01 May 2008, 18:11:10",3.0390623366854363,0.0005136007463939,40.01028250671972,0.0006,0.001,3230.109,1.739645745528673,59,B0007,G1,24,2,0.919935291989993,1.748810643038912,0.007528705324210803,-0.0061234455889224385,0.1514065498621171,109,1.323736606773553,True,168
197,24,"01 May 2008, 23:10:15",3.073271766798443,-0.0040444055578937,39.75053704778333,0.0006,0.001,3229.7810000000027,1.7285642277717963,60,B0007,G1,24,2,0.9140753177397375,1.7425072762224303,0.008817006864804196,-0.006303366816481537,0.1624880676189937,108,1.323736606773553,True,168
201,24,"02 May 2008, 03:53:34",3.098778836006644,-0.0027133760641162,39.59496852359788,0.0006,0.001,3212.469,1.723900324588418,61,B0007,G1,24,2,0.9116090172599749,1.737357822432576,0.010881275043563532,-0.005149453789854208,0.1671519708023721,107,1.323736606773553,True,168
205,24,"02 May 2008, 08:44:40",3.1213682588066063,-0.004186988652053,39.5844814443095,0.0006,0.001,3213.219,1.7139788776485192,62,B0007,G1,24,2,0.9063624955407813,1.730223582950418,0.012395536554818077,-0.007134239482158344,0.1770734177422708,106,1.323736606773553,True,168
209,24,"02 May 2008, 13:43:05",3.134628907491469,-0.00169536903087,39.781502836656216,0.0006,0.001,3203.578,1.7139701997004613,63,B0007,G1,24,2,0.9063579065888634,1.7240118750475735,0.010801047931065686,-0.006211707902844354,0.17708209569032873,105,1.323736606773553,True,168
213,24,"02 May 2008, 19:07:48",3.121005705744245,-0.0006350555940352,39.61214975381861,0.0006,0.001,3195.125,1.7036521173638766,64,B0007,G1,24,2,0.9009016416501656,1.7168131494146142,0.009716533829801186,-0.007198725632959269,0.18740017802691344,104,1.323736606773553,True,168
215,24,"02 May 2008, 23:24:17",3.1645013695815067,-0.0001039557887996,39.80746181071329,0.0006,0.001,3195.312999999994,1.7040137474382486,65,B0007,G1,24,2,0.9010928738414982,1.7119030533479047,0.008408860656133511,-0.004910096066709535,0.18703854795254138,103,1.323736606773553,True,168
219,24,"03 May 2008, 04:13:08",3.210026375746328,0.0005202799210286,39.41546684721791,0.0006,0.001,3186.297,1.6935716157343033,66,B0007,G1,24,2,0.8955710108399318,1.705837311577082,0.008529019898975691,-0.00606574177082293,0.19748067965648675,102,1.323736606773553,True,168
223,24,"03 May 2008, 09:10:19",3.2105896114065064,-0.0064515709477991,39.38468422517983,0.0006,0.001,3176.438,1.6876577363877656,67,B0007,G1,24,2,0.8924437153331117,1.7005730833249308,0.010205734690153683,-0.005264228252150715,0.2033945590030244,101,1.323736606773553,True,168
227,24,"03 May 2008, 14:04:34",3.211652712511208,-0.0039935903020656,39.44521505855808,0.0006,0.001,3167.593,1.6830744356583152,68,B0007,G1,24,2,0.8900200379231206,1.6943939305165021,0.009386671109804063,-0.006179152808429222,0.20797785973247485,100,1.323736606773553,True,168
231,24,"03 May 2008, 18:58:13",3.236789078959493,-0.0023545972423449,39.35070556226329,0.0006,0.001,3167.719,1.6779270142025482,69,B0007,G1,24,2,0.8872980500287017,1.689248909884236,0.01006885669716529,-0.005145020632265673,0.2131252811882418,99,1.323736606773553,True,168
235,24,"03 May 2008, 23:42:30",3.236252355469797,-0.0033004932862077,39.41976350500417,0.0006,0.001,3159.077999999994,1.6732060275966172,70,B0007,G1,24,2,0.884801563486559,1.68308736591591,0.007985581138560944,-0.006161543968326288,0.21784626779417282,98,1.323736606773553,True,168
239,24,"04 May 2008, 04:41:40",3.2381402568717146,-0.0002657679578068,39.40864300057317,0.0006,0.001,3148.829,1.6674367208253988,71,B0007,G1,24,2,0.8817507188402843,1.6778603869341289,0.007960758060589216,-0.005226978981780883,0.22361557456539116,97,1.323736606773553,True,168
243,24,"04 May 2008, 09:40:11",3.2607912474890384,-0.0007109598216275,39.264143783146885,0.0006,0.001,3149.094,1.6622662630667526,72,B0007,G1,24,2,0.8790165492082501,1.6727820922699266,0.008242237787594892,-0.005078294664202598,0.22878603232403738,96,1.323736606773553,True,168
247,24,"04 May 2008, 14:38:13",3.257637774311608,-0.0027235610303419,39.36784551748463,0.0006,0.001,3140.547,1.6574243065763063,73,B0007,G1,24,2,0.87645609305257,1.6676520664535246,0.008217076116097441,-0.005130025816401762,0.23362798881448366,95,1.323736606773553,True,168
251,24,"04 May 2008, 19:37:07",3.2561979569093245,-0.0035669459789413,39.39959519561276,0.0006,0.001,3131.625,1.652538684928734,74,B0007,G1,24,2,0.8738725464951953,1.6625744005987617,0.00812415621459503,-0.005077665854762836,0.238513610462056,94,1.323736606773553,True,168
255,24,"05 May 2008, 00:35:53",3.2612376667863723,-0.0043765447266232,39.320545250898135,0.0006,0.001,3121.907,1.6472174627573322,75,B0007,G1,24,2,0.8710586517211737,1.6573766876309048,0.00793301020356474,-0.005197712967857005,0.24383483263345784,93,1.323736606773553,True,168
259,24,"05 May 2008, 05:28:13",3.2767912255627567,-0.0014129834757074,39.2246672973276,0.0006,0.001,3122.125,1.6364136810898071,76,B0007,G1,24,2,0.8653455460107404,1.6511720796837863,0.009968552804194165,-0.0062046079471183456,0.2546386143009829,92,1.323736606773553,True,168
263,24,"05 May 2008, 11:41:31",3.280204681321995,-0.0012993694673743,39.04465270260157,0.0006,0.001,3121.672,1.6362554312048496,77,B0007,G1,24,2,0.8652618625053486,1.6459699133114056,0.009507904634036047,-0.0052021663723806014,0.2547968641859404,91,1.323736606773553,True,168
265,24,"05 May 2008, 20:40:08",3.246330916016724,-0.0031090864330629,39.49011143556369,0.0006,0.001,3120.86,1.641119179218384,78,B0007,G1,24,2,0.8678338421514901,1.6427088878398215,0.007084420630198059,-0.0032610254715844888,0.2499331161724061,90,1.323736606773553,True,168
269,24,"06 May 2008, 01:38:46",3.2847935310270984,-0.0017556314132532,38.82694232415079,0.0006,0.001,3103.828,1.6315700789656966,79,B0007,G1,24,2,0.8627842196339309,1.638515166647214,0.005921733863083895,-0.00419372119260748,0.2594822164250934,89,1.323736606773553,True,168
273,24,"06 May 2008, 06:37:06",3.278208354451213,-0.0041721090919283,38.88522538336197,0.0006,0.001,3095.094,1.621213282987236,80,B0007,G1,24,2,0.8573074826850354,1.6333143306931948,0.007560579926052709,-0.005200835954019212,0.2698390124035539,88,1.323736606773553,True,168
277,24,"06 May 2008, 11:25:21",3.2985123960309424,-0.0013735857053792,38.95656520663636,0.0006,0.001,3095.781,1.6164273214762122,81,B0007,G1,24,2,0.8547766370163623,1.6293170587704757,0.010299559075096614,-0.0039972719227189925,0.27462497391457785,87,1.323736606773553,True,168
281,24,"06 May 2008, 16:23:36",3.289212625215621,-0.0042162147542391,39.48650196100678,0.0006,0.001,3094.328,1.615823510161921,82,B0007,G1,24,2,0.8544573379066747,1.6252306745618899,0.010894560925963052,-0.004086384208585736,0.27522878522886907,86,1.323736606773553,True,168
285,24,"06 May 2008, 21:21:49",3.296160957280199,-0.0047144325865619,39.46565734940419,0.0006,0.001,3086.531,1.61672418029789,83,B0007,G1,24,2,0.8549336177737964,1.620351674777791,0.006626811093126617,-0.004878999784098781,0.2743281150929,85,1.323736606773553,True,168
289,24,"07 May 2008, 02:17:25",3.3160994964500823,-0.0001352990693923,39.20259462192714,0.0006,0.001,3085.625,1.6108655863730026,84,B0007,G1,24,2,0.851835557535501,1.6162107762592524,0.00367615896867954,-0.004140898518538804,0.2801867090177874,84,1.323736606773553,True,168
293,24,"07 May 2008, 07:04:02",3.299349705093624,-0.0014557521317295,39.139515484480654,0.0006,0.001,3067.203,1.6006603374309376,85,B0007,G1,24,2,0.8464389595847521,1.6121001871479925,0.006825740601458765,-0.004110589111259699,0.2903919579598524,83,1.323736606773553,True,168
297,24,"07 May 2008, 12:01:49",3.2941059341780656,-0.0016319759350885,39.27250656202853,0.0006,0.001,3058.157,1.5959174487005665,86,B0007,G1,24,2,0.8439308910654778,1.6079982125928634,0.00929232068622149,-0.004101974555129129,0.2951348466902235,82,1.323736606773553,True,168
301,24,"07 May 2008, 16:59:29",3.321071654405696,-0.0030813736515532,39.19187641994032,0.0006,0.001,3058.812,1.5962179519462243,87,B0007,G1,24,2,0.8440897990165642,1.604077100949724,0.009301244153485025,-0.00392111164313933,0.2948343434445657,81,1.323736606773553,True,168
305,24,"07 May 2008, 21:56:09",3.314895683672692,-0.0001091599960618,39.516239357653845,0.0006,0.001,3058.578,1.5958065114633972,88,B0007,G1,24,2,0.8438722267771133,1.5998935671828256,0.006461362699337884,-0.0041835337668985504,0.29524578392739276,80,1.323736606773553,True,168
309,24,"08 May 2008, 02:53:49",3.285250365344493,-0.0009939270490659,40.00681153938249,0.0006,0.001,3049.328,1.5906507821480704,89,B0007,G1,24,2,0.8411458456358337,1.5958506063378393,0.0035465842668749065,-0.0040429608449864315,0.3004015132427196,79,1.323736606773553,True,168
312,24,"09 May 2008, 12:25:07",3.167885572406937,-0.0027494938136673,40.42042599279396,0.0006,0.001,3177.219,1.6888211161855506,90,B0007,G1,24,2,0.893058917673428,1.613482762088762,0.04217887695837741,0.017632155750922605,0.20223117920523936,78,1.323736606773553,True,168
315,24,"09 May 2008, 20:28:09",3.2155768977103443,-0.0023669333756805,40.44989071460701,0.0006,0.001,3082.937,1.6259938279733204,91,B0007,G1,24,2,0.8598354640622486,1.6194980379433126,0.04118039419126026,0.006015275854550773,0.26505846741746963,77,1.323736606773553,True,168
319,24,"10 May 2008, 01:21:56",3.237322371764735,-0.0123837570399134,40.3750373065057,0.0006,0.001,3074.266,1.6157433862812898,92,B0007,G1,24,2,0.8544149679093845,1.6234031248103258,0.03930389914139263,0.0039050868670130966,0.27530890910950023,76,1.323736606773553,True,168
323,24,"10 May 2008, 06:18:12",3.265128362055365,-0.0030267399483958,40.030609937049306,0.0006,0.001,3066.0,1.6056626764846538,93,B0007,G1,24,2,0.8490842270191371,1.625374357814577,0.037791889313904974,0.001971233004251305,0.28538961890613623,75,1.323736606773553,True,168
327,24,"10 May 2008, 11:16:04",3.296447022937046,-0.0015868285156752,39.54773117784952,0.0006,0.001,3056.437,1.5949746921524348,94,B0007,G1,24,2,0.8434323556466374,1.6262391398154499,0.03683606017686689,0.0008647820008728768,0.2960776032383552,74,1.323736606773553,True,168
331,24,"10 May 2008, 16:11:56",3.2937623817098896,-0.0005847435725526,39.599978903233925,0.0006,0.001,3048.219,1.5904102438871943,95,B0007,G1,24,2,0.841018647534828,1.6065569653557783,0.014644515843483818,-0.019682174459671263,0.3006420515035957,73,1.323736606773553,True,168
335,24,"10 May 2008, 21:07:54",3.295607974447043,-0.0023094661314773,39.66626659637191,0.0006,0.001,3039.218,1.5853517062988178,96,B0007,G1,24,2,0.8383436619721834,1.5984285410208783,0.012240938991543637,-0.008128424334900509,0.3057005890919722,72,1.323736606773553,True,168
339,24,"11 May 2008, 02:05:21",3.31453089957125,-0.001928951726693,39.467340666650855,0.0006,0.001,3039.047,1.5799737147242376,97,B0007,G1,24,2,0.8354997471911441,1.5912746067094676,0.009801086880622431,-0.007153934311410426,0.31107858066655236,71,1.323736606773553,True,168
343,24,"11 May 2008, 06:55:27",3.316265649872767,-0.0018129097333164,39.50093405972706,0.0006,0.001,3030.375,1.5752185465278068,98,B0007,G1,24,2,0.8329851852152426,1.5851857807180982,0.007900264601607029,-0.006088825991369395,0.3158337488629832,70,1.323736606773553,True,168
347,24,"11 May 2008, 11:52:47",3.3180552739333047,-0.0025139183802956,39.5195040148385,0.0006,0.001,3021.0,1.569798484648868,99,B0007,G1,24,2,0.8301190234003898,1.5801505392173847,0.00812149203505628,-0.005035241500713372,0.32125381074192205,69,1.323736606773553,True,168
351,24,"11 May 2008, 16:49:58",3.337661100143437,-0.0011999944461312,39.31627404315056,0.0006,0.001,3021.75,1.5702565375950357,100,B0007,G1,24,2,0.830361244595057,1.5761197979589532,0.006618721255483052,-0.004030741258431725,0.3207957577957543,68,1.323736606773553,True,168
355,24,"11 May 2008, 21:47:12",3.3084712639892704,-0.0010593966219461,39.81359709601993,0.0006,0.001,3012.265,1.565249873909438,101,B0007,G1,24,2,0.8277136902689282,1.5720994314810772,0.005642257269824184,-0.0040203664778759585,0.32580242148135197,67,1.323736606773553,True,168
359,24,"12 May 2008, 02:36:58",3.31616190352511,-0.0043310348904946,39.69751398535721,0.0006,0.001,3002.641,1.559633933561147,102,B0007,G1,24,2,0.8247439467235069,1.5680314752484592,0.005873313175740374,-0.004067956232618108,0.3314183618296429,66,1.323736606773553,True,168
363,24,"12 May 2008, 12:56:34",3.3086447213643893,0.0003940383447631,39.65887447320892,0.0006,0.001,3012.0,1.5649820533392105,103,B0007,G1,24,2,0.8275720651161599,1.5659841766107399,0.004320620687107376,-0.0020472986377192636,0.32607024205157953,65,1.323736606773553,True,168
366,24,"12 May 2008, 18:59:59",3.2797614304472664,0.0002870995994081,40.5101151291594,0.0006,0.001,3020.11,1.57497949984227,104,B0007,G1,24,2,0.8328587758683834,1.5670203796494202,0.005823859610056019,0.0010362030386803945,0.3160727955485201,64,1.323736606773553,True,168
370,24,"12 May 2008, 23:53:17",3.2816898392310923,-0.0025180191452286,40.53892255725077,0.0006,0.001,3002.172000000006,1.5652811168780458,105,B0007,G1,24,2,0.8277302117414882,1.5660252955060223,0.005551367342990218,-0.000995084143397973,0.3257711785127442,63,1.323736606773553,True,168
374,24,"13 May 2008, 04:35:25",3.3192912535815724,-0.0014894960550781,39.953812741448594,0.0006,0.001,2992.703,1.559755497470126,106,B0007,G1,24,2,0.8248082304608076,1.5649264202181599,0.00624384040023394,-0.0010988752878624108,0.331296797920664,62,1.323736606773553,True,168
378,24,"13 May 2008, 09:24:04",3.271441637834264,0.0005687421366951,40.44322558950072,0.0006,0.001,2964.468,1.549897685670499,107,B0007,G1,24,2,0.8195953593923267,1.5629791706400302,0.009149258361557716,-0.0019472495781296395,0.3411546097202911,61,1.323736606773553,True,168
382,24,"13 May 2008, 14:20:24",3.3355119582476678,-0.003034537250602,39.73604954117975,0.0006,0.001,2983.375,1.543877153134502,108,B0007,G1,24,2,0.8164116650277281,1.5587581905990884,0.012314908499566816,-0.004220980040941713,0.3471751422562881,60,1.323736606773553,True,168
386,24,"13 May 2008, 19:04:20",3.309262641432676,-0.001250694164884,40.29341866749168,0.0006,0.001,2975.297,1.5450187488690073,109,B0007,G1,24,2,0.8170153478223752,1.5527660404044359,0.009390686225268542,-0.0059921501946525344,0.34603354652178275,59,1.323736606773553,True,168
390,24,"13 May 2008, 23:59:26",3.3329781009294663,-0.0022256967182307,40.07444746627833,0.0006,0.001,2974.9850000000006,1.5445940154102908,110,B0007,G1,24,2,0.816790746176111,1.5486286201108848,0.006657769353600587,-0.004137420293550997,0.34645827998049916,58,1.323736606773553,True,168
394,24,"14 May 2008, 04:55:57",3.333293705571698,-0.000842726826308,39.9108306585334,0.0006,0.001,2966.25,1.5343086721758876,111,B0007,G1,24,2,0.8113517938745419,1.5435392550520373,0.0056799845212224835,-0.005089365058847673,0.3567436232149024,57,1.323736606773553,True,168
398,24,"14 May 2008, 09:52:22",3.335626153934355,-0.0026420543567611,39.82498588366532,0.0006,0.001,2956.359,1.5287603942958483,112,B0007,G1,24,2,0.8084178306554588,1.5393117967771073,0.007376939823445727,-0.0042274582749301185,0.3622919010949417,56,1.323736606773553,True,168
402,24,"14 May 2008, 14:35:22",3.330409249627142,-0.0026077755536421,40.12170437871598,0.0006,0.001,2956.344,1.5289260249179843,113,B0007,G1,24,2,0.8085054171397351,1.5363215711338036,0.008062125899620852,-0.0029902256433035125,0.36212627047280566,55,1.323736606773553,True,168
406,24,"14 May 2008, 19:31:39",3.3206227363539624,-0.0027409283049881,40.50339709074624,0.0006,0.001,2956.406,1.529091650133123,114,B0007,G1,24,2,0.8085930007647584,1.533136151386627,0.006817034882835615,-0.003185419747176832,0.3619606452576669,54,1.323736606773553,True,168
410,24,"15 May 2008, 00:27:55",3.325515911717548,-0.0001323108239163,40.34260720426913,0.0006,0.001,2947.266,1.5239059324661248,115,B0007,G1,24,2,0.8058507616000151,1.5289985347977937,0.0036811274268174557,-0.004137616588833204,0.3671463629246652,53,1.323736606773553,True,168
414,24,"15 May 2008, 05:24:04",3.333109444153607,0.0008330088421784,40.07998323775728,0.0006,0.001,2937.984,1.5186675419100617,116,B0007,G1,24,2,0.8030806686899294,1.5258703087446286,0.004577271578230299,-0.003128226053165184,0.3723847534807283,52,1.323736606773553,True,168
418,24,"15 May 2008, 10:20:03",3.3357107086010784,0.0008109185674223,39.96238768267866,0.0006,0.001,2929.125,1.5136482266426952,117,B0007,G1,24,2,0.8004264241301146,1.5228478752139978,0.006692474030228347,-0.0030224335306306303,0.37740406874809485,51,1.323736606773553,True,168
422,24,"15 May 2008, 15:10:59",3.33093981123572,0.0004787085189064,40.27976660138384,0.0006,0.001,2928.454,1.5136050185229033,118,B0007,G1,24,2,0.8004035754125528,1.5197836739349815,0.006721173319769731,-0.0030642012790162098,0.3774472768678867,50,1.323736606773553,True,168
426,24,"15 May 2008, 19:56:47",3.325286281364161,-0.0036962002567011,40.62025062237443,0.0006,0.001,2929.375,1.5139470614867965,119,B0007,G1,24,2,0.8005844498202711,1.5167547562057164,0.004534660794629143,-0.0030289177292653234,0.37710523390399353,49,1.323736606773553,True,168
430,24,"16 May 2008, 16:54:59",3.275520043283547,-0.0034944252500072,40.35266927637996,0.0004,0.001,2946.031,1.5339599193158786,120,B0007,G1,24,2,0.8111673712327889,1.5187655535756668,0.008759485993970225,0.0020107973699507566,0.3570923760749114,48,1.323736606773553,True,168
432,24,"16 May 2008, 21:37:39",3.308772267470376,-0.0026955304738864,39.9268734035946,0.0006,0.001,2955.438,1.5391372798653098,121,B0007,G1,24,2,0.8139051911027366,1.5228595011667168,0.012630419340390693,0.004093947591049618,0.3519150155254802,47,1.323736606773553,True,168
436,24,"17 May 2008, 02:32:13",3.301562663091317,-0.0033319167686804,40.025317180366535,0.0006,0.001,2937.625,1.5236247972838737,122,B0007,G1,24,2,0.8057020955991137,1.5248548152949524,0.011553589034309015,0.0019953141282357035,0.36742749810691633,46,1.323736606773553,True,168
440,24,"17 May 2008, 07:25:19",3.32941289444089,-0.0025080277743744,39.498622345271656,0.0006,0.001,2929.078,1.5135813035589147,123,B0007,G1,24,2,0.8003910347947992,1.5248500723021547,0.011559365307674688,-4.742992797712731e-06,0.37747099183187527,45,1.323736606773553,True,168
444,24,"17 May 2008, 12:21:15",3.3330073089590666,-0.0039636595885644,39.42127524840289,0.0006,0.001,2918.375,1.5077850749847914,124,B0007,G1,24,2,0.797325953734772,1.5236176750017536,0.01322138587986063,-0.0012323973004010115,0.3832672204059986,44,1.323736606773553,True,168
448,24,"17 May 2008, 17:15:37",3.347244064929216,-0.0019015454234801,39.25911145478399,0.0006,0.001,2919.812,1.5031960676037333,125,B0007,G1,24,2,0.7948992586125676,1.5174649046593245,0.014317972055856743,-0.0061527703424290705,0.38785622778705675,43,1.323736606773553,True,168
452,24,"17 May 2008, 22:10:51",3.3383192077980985,-0.0056668576227255,39.35985985119906,0.0006,0.001,2900.422,1.497822059699588,126,B0007,G1,24,2,0.7920574504207774,1.5092018606261801,0.009934502035130193,-0.008263044033144373,0.3932302356912021,42,1.323736606773553,True,168
456,24,"18 May 2008, 03:05:19",3.3540043455800244,0.0007327720452479,39.161409808384136,0.0006,0.001,2901.375,1.492848534633516,127,B0007,G1,24,2,0.7894274199989884,1.5030466080961087,0.008135598063292272,-0.00615525253007152,0.39820376075727393,41,1.323736606773553,True,168
460,24,"18 May 2008, 08:00:50",3.3701802702751755,0.0002043455553093,38.85264793310092,0.0006,0.001,2901.187,1.492414389867026,128,B0007,G1,24,2,0.7891978415957107,1.4988132253577309,0.006655982878557306,-0.004233382738377767,0.3986379055237641,40,1.323736606773553,True,168
464,24,"18 May 2008, 12:44:48",3.34604333393751,-0.0011191296590319,39.25240516160811,0.0006,0.001,2891.64,1.487482776538081,129,B0007,G1,24,2,0.7865899743564149,1.4947527656683888,0.00597195011279544,-0.0040604596893421,0.4035695188527091,39,1.323736606773553,True,168
468,24,"18 May 2008, 17:36:29",3.351868703717653,-0.0003607174029146,39.16149931006487,0.0006,0.001,2882.906,1.482535148640411,130,B0007,G1,24,2,0.783973638515397,1.4906205818757243,0.005815128037886063,-0.004132183792664446,0.408517146750379,38,1.323736606773553,True,168
472,24,"18 May 2008, 22:31:45",3.37126103928545,-0.0019608629421668,38.91377876842738,0.0006,0.001,2883.265,1.4827874322228984,131,B0007,G1,24,2,0.7841070476141841,1.4876136563803866,0.004988782475500621,-0.0030069254953378976,0.40826486316789157,37,1.323736606773553,True,168
476,24,"19 May 2008, 03:27:07",3.363638143826266,-0.0024521571985342,39.0351068168703,0.0006,0.001,2882.969,1.476971179775059,132,B0007,G1,24,2,0.7810313778074761,1.484438185408695,0.005809304624071537,-0.0031754709716913963,0.4140811156157309,36,1.323736606773553,True,168
480,24,"19 May 2008, 15:34:33",3.358875203139184,-0.0015650443824287,38.811189817257485,0.0006,0.001,2891.656,1.4819015554137276,133,B0007,G1,24,2,0.7836385905485969,1.4823356185180354,0.0037317153355670195,-0.002102566890659663,0.4091507399770624,35,1.323736606773553,True,168
482,24,"19 May 2008, 20:59:48",3.342159118711169,-0.0009070035770707,39.34594908710914,0.0006,0.001,2901.25,1.4981366198874824,134,B0007,G1,24,2,0.792223791768746,1.4844663871879156,0.008002817165755474,0.0021307686698802896,0.39291567550330764,34,1.323736606773553,True,168
484,24,"20 May 2008, 01:16:42",3.3565594399139247,-0.0013002373048875,39.11711609045484,0.0006,0.001,2891.703,1.4820775214392872,135,B0007,G1,24,2,0.7837316424573085,1.4843748617476908,0.00803298579390944,-9.152544022477116e-05,0.40897477395150283,33,1.323736606773553,True,168
488,24,"20 May 2008, 06:12:06",3.3536423529046835,0.0004646179558224,39.066384609141416,0.0006,0.001,2883.016,1.4771155312812152,136,B0007,G1,24,2,0.7811077117652985,1.4832404815593543,0.008687049230427403,-0.0011343801883366479,0.4139367641095748,32,1.323736606773553,True,168
492,24,"20 May 2008, 11:07:23",3.3568006007742333,-0.0012758203726868,38.96679965833352,0.0006,0.001,2873.453,1.4720772783056488,137,B0007,G1,24,2,0.7784434528297595,1.4822617012654722,0.009777297748227746,-0.0009787802938820533,0.4189750170851412,31,1.323736606773553,True,168
496,24,"20 May 2008, 15:57:27",3.377870432421932,0.0016237518773434,38.87062731888236,0.0004,0.001,2874.031,1.472248013656454,138,B0007,G1,24,2,0.778533738725724,1.4803309929140176,0.01076903275408942,-0.001930708351454724,0.41880428173433604,30,1.323736606773553,True,168
500,24,"20 May 2008, 20:50:39",3.3707190923138297,-7.382594279606544e-06,39.10661060402447,0.0006,0.001,2874.234,1.4670106672274663,139,B0007,G1,24,2,0.775764197956411,1.4741058023820144,0.005712136301629031,-0.006225190532003211,0.4240416281633237,29,1.323736606773553,True,168
504,24,"21 May 2008, 01:39:38",3.3763359727220545,-0.0028950883757294,38.88228667180197,0.0006,0.001,2864.984,1.461767249533538,140,B0007,G1,24,2,0.7729914466651282,1.4700437480008643,0.005846027651385275,-0.0040620543811498155,0.4292850458572519,28,1.323736606773553,True,168
508,24,"21 May 2008, 06:24:27",3.3771082923856097,-0.0008091498803022,38.73206805880294,0.0006,0.001,2855.093,1.4566952670489708,141,B0007,G1,24,2,0.7703093513592872,1.4659596951544156,0.006735698625587455,-0.004084052846448883,0.4343570283418192,27,1.323736606773553,True,168
512,24,"21 May 2008, 11:18:06",3.394007023604369,-0.0019951234434336,38.39540666371686,0.0006,0.001,2855.625,1.451354972758956,142,B0007,G1,24,2,0.7674853711324945,1.461815234045077,0.008238155847959673,-0.004144461109338549,0.4396973226318339,26,1.323736606773553,True,168
516,24,"21 May 2008, 16:10:21",3.3898074174795547,-0.0052375075429794,38.72040763983052,0.0006,0.001,2855.594,1.451615926257375,143,B0007,G1,24,2,0.7676233649357621,1.4576888165652613,0.006736379404791597,-0.004126417479815814,0.4394363691334151,25,1.323736606773553,True,168
520,24,"21 May 2008, 21:02:09",3.3952983014087663,-0.0033538611864046,38.50808796851895,0.0006,0.001,2847.437,1.4468161332173683,144,B0007,G1,24,2,0.7650852050701119,1.4536499097632416,0.005728650202694687,-0.004038906802019593,0.44423616217342166,24,1.323736606773553,True,168
524,24,"22 May 2008, 01:42:59",3.3858376143595152,-0.0050397340505295,38.65340097490376,0.0006,0.001,2847.36,1.4467570607768785,145,B0007,G1,24,2,0.7650539672029023,1.4506478720119098,0.004117910315913599,-0.0030020377513319207,0.4442952346139115,23,1.323736606773553,True,168
528,24,"22 May 2008, 06:32:40",3.3898811613377484,-0.0034193104666235,38.45953434074311,0.0006,0.001,2837.328,1.4413797481446793,146,B0007,G1,24,2,0.7622104114507394,1.4475847682310514,0.004190550408424369,-0.0030631037808583005,0.4496725472461107,22,1.323736606773553,True,168
532,24,"22 May 2008, 11:23:22",3.40734217525576,0.0021315502195588,38.11383483160118,0.0006,0.001,2837.281,1.4362456252208178,147,B0007,G1,24,2,0.7594954559011889,1.4445628987234238,0.005893769937842665,-0.003021869507627661,0.4548066701699722,21,1.323736606773553,True,168
536,24,"22 May 2008, 16:17:58",3.400524264032214,-0.0008047558542192,38.40789275275493,0.0006,0.001,2838.515,1.4368154153924828,148,B0007,G1,24,2,0.759796764422933,1.4416027965504454,0.005133550733096132,-0.002960102172978418,0.4542368799983072,20,1.323736606773553,True,168
540,24,"22 May 2008, 20:59:50",3.387847710477503,-0.0045554064752978,38.738944860470426,0.0006,0.001,2828.328,1.4362945145860049,149,B0007,G1,24,2,0.7595213088960036,1.4394984728241726,0.004589974373666564,-0.0021043237262726943,0.45475778080478513,19,1.323736606773553,True,168
544,24,"23 May 2008, 12:13:16",3.3798450546195107,-0.0030392429450324,38.44322381977396,0.0006,0.001,2838.265,1.4418575315878015,150,B0007,G1,24,2,0.7624630662526647,1.4385185669863572,0.0028437844913003127,-0.0009799058378153979,0.4491947638029885,18,1.323736606773553,True,168
547,24,"23 May 2008, 20:14:29",3.365955839237344,-0.0024950251020196,38.5956553816722,0.0006,0.001,2864.547,1.4672063484781797,151,B0007,G1,24,2,0.7758676753965592,1.4436838870530573,0.013358033474994672,0.0051653200667000744,0.42384594691261035,17,1.323736606773553,True,168
551,24,"24 May 2008, 01:09:21",3.3610293799331203,-0.0026026241387774,38.84706977249987,0.0006,0.001,2846.39,1.4518640367848883,152,B0007,G1,24,2,0.7677545672975995,1.4468075693658715,0.013005271891328893,0.0031236823128141023,0.4391882586059017,16,1.323736606773553,True,168
555,24,"24 May 2008, 06:00:20",3.388753259523979,-0.0023554524186094,38.30628245795682,0.0006,0.001,2837.969,1.44713797527485,153,B0007,G1,24,2,0.7652553971151792,1.448872081342345,0.011784559457201856,0.00206451197647346,0.4439143201159399,15,1.323736606773553,True,168
559,24,"24 May 2008, 10:42:50",3.4010627300929737,-0.0019411704343355,38.1000840545488,0.0006,0.001,2838.156,1.441790586562399,154,B0007,G1,24,2,0.7624276653144856,1.4499712957376238,0.010504932029475014,0.0010992143952788247,0.449261708828391,14,1.323736606773553,True,168
563,24,"24 May 2008, 15:31:10",3.403129377479551,-0.0093882740973474,38.06252865040494,0.0006,0.001,2829.843,1.431630947911111,155,B0007,G1,24,2,0.7570551863639823,1.4479259790022856,0.013143753029051908,-0.002045316735338121,0.4594213474796791,13,1.323736606773553,True,168
567,24,"24 May 2008, 20:21:13",3.3918482072725205,-0.0017819775524088,38.35118171026275,0.0006,0.001,2829.625,1.4318084249673686,156,B0007,G1,24,2,0.7571490373149529,1.4408463943001233,0.009061915883533703,-0.007079584702162212,0.4592438704234214,12,1.323736606773553,True,168
571,24,"25 May 2008, 01:06:49",3.402983452982521,-0.0023297951523034,38.13413916820579,0.0006,0.001,2819.437,1.4262562585106868,157,B0007,G1,24,2,0.7542130177927987,1.435724838645283,0.008497135292629394,-0.005121555654840293,0.4647960368801032,11,1.323736606773553,True,168
575,24,"25 May 2008, 05:57:17",3.4181159643802896,-0.0010660964869386,37.8571311440432,0.0004,0.001,2819.579,1.4260877528924911,158,B0007,G1,24,2,0.7541239109930522,1.4315147941688111,0.0063795884337705154,-0.004210044476471797,0.4649645424982989,10,1.323736606773553,True,168
579,24,"25 May 2008, 10:51:37",3.3989491882730096,0.0005835512713608,38.28908688322454,0.0006,0.001,2810.672,1.4212633510031694,159,B0007,G1,24,2,0.7515727378176299,1.4274093470569653,0.0044165397105285125,-0.004105447111845928,0.46978894438762064,9,1.323736606773553,True,168
583,24,"25 May 2008, 15:37:08",3.417481499281654,-0.00496907175412,37.97196869978974,0.0006,0.001,2811.485,1.4163272748795108,160,B0007,G1,24,2,0.7489625106252409,1.4243486124506455,0.005834664094481026,-0.003060734606320015,0.4747250205112792,8,1.323736606773553,True,168
587,24,"25 May 2008, 20:23:04",3.397325967640404,-0.0033923838578048,38.40397607001793,0.0006,0.001,2802.422,1.4165781829175994,161,B0007,G1,24,2,0.7490951923277513,1.4213025640406916,0.0048608625301020695,-0.0030460484099538387,0.4744741124731906,7,1.323736606773553,True,168
591,24,"26 May 2008, 01:13:02",3.417693830341496,9.962326219440135e-05,38.04807931537628,0.0006,0.001,2801.625,1.4108401729425175,162,B0007,G1,24,2,0.7460608976183625,1.4182193469270576,0.005742458922062518,-0.003083217113633863,0.4802121224482725,6,1.323736606773553,True,168
595,24,"26 May 2008, 06:01:08",3.409762325973159,-0.0037641785849609,38.189045060988256,0.0006,0.001,2802.031,1.4109949628347804,163,B0007,G1,24,2,0.7461427514584917,1.4152007889155156,0.004376779312947739,-0.0030185580115421385,0.4800573325560096,5,1.323736606773553,True,168
599,24,"26 May 2008, 10:44:38",3.41846837609454,-0.0015567739686208,38.03277234516582,0.0006,0.001,2793.39,1.40617142903988,164,B0007,G1,24,2,0.7435920373366997,1.4121824045228577,0.0043544875589700905,-0.0030183843926578913,0.4848808663509101,4,1.323736606773553,True,168
603,24,"26 May 2008, 15:30:43",3.410207417331352,-0.0018484186632194,38.26757391194342,0.0004,0.001,2793.39,1.4063358479692922,165,B0007,G1,24,2,0.7436789830704655,1.410184119140814,0.004268571146327931,-0.0019982853820437185,0.4847164474214978,3,1.323736606773553,True,168
607,24,"26 May 2008, 20:21:04",3.428899305283849,-0.0014842632786489,37.94497591210043,0.0006,0.001,2792.485,1.4004552399066514,166,B0007,G1,24,2,0.7405692816217144,1.4069595305386242,0.004320300331850637,-0.003224588602189593,0.49059705548413857,2,1.323736606773553,True,168
611,24,"27 May 2008, 15:52:41",3.372148496187205,-0.0019917517449771,38.47067655766163,0.0006,0.001,2802.016,1.4217865046055154,167,B0007,G1,24,2,0.7518493846367692,1.4091487968712237,0.007991797653964119,0.0021892663325995708,0.46926579078527464,1,1.323736606773553,True,168
613,24,"27 May 2008, 20:45:42",3.383856648869605,-0.000984538239035,37.8516024462607,0.0006,0.001,2820.39,1.4324552720625434,168,B0007,G1,24,2,0.7574910940083355,1.4134408587167764,0.013258485977063235,0.004292061845552597,0.4585970233282466,0,1.323736606773553,True,168
3,24,"07 Jul 2008, 15:15:28.88",3.0532303394443336,-0.0024334145839014,37.20567129844272,0.0006,0.0,3434.891,1.8550045207910817,1,B0018,G1,24,2,1.0,1.8550045207910817,0.0,0.0,0.0,131,1.298503164553757,True,132
7,24,"07 Jul 2008, 21:53:06.12",3.0882001701258264,-0.000910647531236,37.1554752249802,0.0006,0.0,3425.485,1.8431955317089987,2,B0018,G1,24,2,0.993633983664338,1.8491000262500403,0.00835021625889883,0.0,0.011808989082082944,130,1.298503164553757,True,132
11,24,"08 Jul 2008, 02:56:08.45",3.0768576543441712,-0.000684881162679,36.68085192616301,0.0006,0.0,3410.375,1.8396018424355425,3,B0018,G1,24,2,0.9916966895859798,1.845933964978541,0.00805821864371106,0.0,0.015402678355539212,129,1.298503164553757,True,132
15,24,"08 Jul 2008, 07:58:55.95",3.102423910252407,-0.0025472000810298,36.044870471573375,0.0006,0.0,3404.719,1.8306736044962053,4,B0018,G1,24,2,0.9868836350412233,1.8421188748579571,0.01007519606025662,0.0,0.02433091629487638,128,1.298503164553757,True,132
18,24,"08 Jul 2008, 18:57:48.97",3.117644174420054,-0.0030021553564492,37.08459676501942,0.0006,0.0,3417.641,1.8327002069419656,5,B0018,G1,24,2,0.9879761404357094,1.8402351412747588,0.009688882433067486,0.0,0.02230431384911613,127,1.298503164553757,True,132
20,24,"08 Jul 2008, 22:57:17.20",3.114007318732072,-0.0012477865317608,37.05331129361261,0.0006,0.0,3411.766,1.8285288846046388,6,B0018,G1,24,2,0.9857274546289774,1.83494001403747,0.006209021316628587,-0.005295127237288577,0.026475636186442886,126,1.298503164553757,True,132
22,24,"09 Jul 2008, 02:56:41.28",3.1692830921950352,-0.0007938122607098,36.35145350341456,0.0006,0.0,3399.516,1.8212011895697924,7,B0018,G1,24,2,0.9817772243450524,1.8305411456096288,0.00667194295806784,-0.004398868427841274,0.03380333122128931,125,1.298503164553757,True,132
24,24,"09 Jul 2008, 06:55:54.88",3.1646802675456325,-0.0007176202045534,36.12752492774365,0.0006,0.0,3388.75,1.815170010643328,8,B0018,G1,24,2,0.9785259228744273,1.825654779251186,0.00729472366816175,-0.004886366358442906,0.03983451014775374,124,1.298503164553757,True,132
27,24,"09 Jul 2008, 11:26:41.91",3.1668909591239487,0.0004488209151497,36.03872901811676,0.0006,0.0,3380.406,1.8042980520967649,9,B0018,G1,24,2,0.9726650430627023,1.820379668771298,0.011232088058466448,-0.00527511047988809,0.05070646869431683,123,1.298503164553757,True,132
30,24,"10 Jul 2008, 16:34:39.86",3.14417553147664,-0.0009682232309453,36.34921921988254,0.0006,0.0,3404.141,1.8231002302844224,10,B0018,G1,24,2,0.9828009634752516,1.8184596734397893,0.009244093957486023,-0.0019199953315086394,0.03190429050665933,122,1.298503164553757,True,132
32,24,"10 Jul 2008, 20:33:58.03",3.163511863010266,-0.0001060697328793,36.4178581228395,0.0006,0.0,3396.141,1.8121253520255491,11,B0018,G1,24,2,0.9768846014740458,1.8151789669239715,0.007528820134344286,-0.0032807065158179326,0.04287916876553255,121,1.298503164553757,True,132
34,24,"11 Jul 2008, 00:30:25.48",3.197452536412128,-0.0011048173879484,35.98523209189505,0.0006,0.0,3384.094,1.8046916382117768,12,B0018,G1,24,2,0.9728772183488542,1.8118770566523683,0.007841179298651616,-0.0033019102716031145,0.050312882579304885,120,1.298503164553757,True,132
36,24,"11 Jul 2008, 04:28:49.53",3.234382458426959,0.0032049896807159,35.35847797557853,0.0004,0.0,3370.656,1.790844349786295,13,B0018,G1,24,2,0.9654123910288773,1.8070119244809615,0.011822859511088097,-0.004865132171406605,0.06416017100478677,119,1.298503164553757,True,132
39,24,"11 Jul 2008, 08:59:08.66",3.241810891419118,-0.0005361005541012,35.094118019273054,0.0006,0.0,3357.797,1.783470722841926,14,B0018,G1,24,2,0.9614373996680884,1.802846458629994,0.015962358617931646,-0.0041654658509677756,0.07153379794915571,118,1.298503164553757,True,132
42,24,"11 Jul 2008, 14:27:05.64",3.227333797828033,-0.004295587558866,35.57799245745088,0.0006,0.0,3363.015,1.7809386125310702,15,B0018,G1,24,2,0.9600723839592448,1.7944141350793235,0.013540731357078105,-0.008432323550670428,0.07406590826001147,117,1.298503164553757,True,132
44,24,"11 Jul 2008, 18:25:27.59",3.238447609004798,-0.0010872767802856,35.99210616516079,0.0006,0.0,3357.734,1.771209039672698,16,B0018,G1,24,2,0.9548273439880091,1.7862308726087535,0.012483648770905223,-0.008183262470570218,0.08379548111838364,116,1.298503164553757,True,132
46,24,"11 Jul 2008, 22:22:05.41",3.252365295673925,0.0030576354902658,35.931644654969475,0.0006,0.0,3344.187,1.7686303996707076,17,B0018,G1,24,2,0.9534372449488483,1.7790186249005395,0.009114002174006569,-0.007212247708213848,0.08637412112037413,115,1.298503164553757,True,132
48,24,"12 Jul 2008, 02:18:11.12",3.2983555817913413,-0.0005421966902455,35.13854124956218,0.0006,0.0,3339.969,1.7536304801917124,18,B0018,G1,24,2,0.9453510546938519,1.7715758509816226,0.011832115693668302,-0.007442773918916501,0.10137404059936928,114,1.298503164553757,True,132
51,24,"12 Jul 2008, 06:45:43.86",3.29909945338278,0.0017274771372118,34.75361972689546,0.0006,0.0,3327.641,1.7462197416415093,19,B0018,G1,24,2,0.9413560571253055,1.7641256547415396,0.013999223472834015,-0.00745019624008334,0.10878477914957241,113,1.298503164553757,True,132
54,24,"12 Jul 2008, 11:15:36.81",3.28291220363392,0.0003962045981533,34.666837349713695,0.0004,0.0,3312.844,1.7376647337053737,20,B0018,G1,24,2,0.9367442042482638,1.7554708789764004,0.014377865854281047,-0.008654775765139311,0.11733978708570802,112,1.298503164553757,True,132
56,24,"12 Jul 2008, 15:13:28.61",3.3143599232411147,-0.0007638404079516,34.31957482775571,0.0006,0.0,3302.031,1.7315166735475835,21,B0018,G1,24,2,0.933429894181155,1.7475324057513775,0.014473333893718052,-0.007938473225022901,0.12348784724349815,111,1.298503164553757,True,132
58,24,"12 Jul 2008, 18:52:45.11",3.3370959869036043,0.0014606221442448,34.051590109389295,0.0006,0.0,3305.547,1.7085949894470602,22,B0018,G1,24,2,0.9210732212762566,1.7355253237066477,0.017234097894054407,-0.012007082044729467,0.14640953134402146,110,1.298503164553757,True,132
60,24,"12 Jul 2008, 22:50:29.98",3.3453964577303217,0.0003355198826703,34.14004929888797,0.0006,0.0,3289.562,1.711469957068211,23,B0018,G1,24,2,0.9226230652733616,1.7270932190819477,0.016457661981876686,-0.008432104624700277,0.14353456372287066,109,1.298503164553757,True,132
63,24,"13 Jul 2008, 03:19:05.70",3.356538776251049,0.0018517511582711,34.03941374970176,0.0006,0.0,3283.797,1.7075021373272627,24,B0018,G1,24,2,0.9204840841029782,1.7193496982190983,0.014156222959967104,-0.007743520862849307,0.14750238346381894,108,1.298503164553757,True,132
66,24,"14 Jul 2008, 13:08:20.50",3.2912719461365696,0.0006482707422126,34.67226841883252,0.0006,0.0,3325.235,1.7492382064360228,25,B0018,G1,24,2,0.9429832579006578,1.7216643927652278,0.018252999331133446,0.0023146945461298253,0.1057663143550589,107,1.298503164553757,True,132
68,24,"14 Jul 2008, 17:03:45.62",3.2997248344053327,0.0009227141684748,35.34646736786303,0.0006,0.0,3317.547,1.7327697147429957,26,B0018,G1,24,2,0.9341053864408061,1.7219150010043105,0.018429830815131415,0.00025060823908242826,0.12223480604808601,106,1.298503164553757,True,132
70,24,"14 Jul 2008, 20:57:32.61",3.343787628182352,-0.0011659642990872,35.22218594899211,0.0006,0.0,3311.766,1.7222313328292376,27,B0018,G1,24,2,0.9284243318688938,1.724642269680746,0.016912436557666177,0.002727268676435468,0.13277318796184412,105,1.298503164553757,True,132
72,24,"15 Jul 2008, 00:49:58.48",3.3582081904036225,0.0015787758869255,35.0498737290133,0.0006,0.0,3305.218,1.711846298984729,28,B0018,G1,24,2,0.9228259445182906,1.7247175380640496,0.016839839378032115,7.526838330358387e-05,0.14315822180635274,104,1.298503164553757,True,132
75,24,"15 Jul 2008, 05:14:47.25",3.355478058526174,0.0018217457648567,34.99761831196421,0.0006,0.0,3295.453,1.699267835126687,29,B0018,G1,24,2,0.916045117993578,1.7230706776239344,0.01918383024605248,-0.0016468604401151498,0.1557366856643947,103,1.298503164553757,True,132
78,24,"15 Jul 2008, 09:43:28.94",3.380671602671067,-0.0025329367687632,34.541020160504864,0.0006,0.0,3287.0,1.6940366439243106,30,B0018,G1,24,2,0.9132250757005568,1.712030365121592,0.015975531443663118,-0.011040312502342432,0.16096787686677105,102,1.298503164553757,True,132
80,24,"15 Jul 2008, 13:36:47.89",3.395570490004556,0.00092010027488,34.509206773478624,0.0006,0.0,3276.922,1.6819027078768087,31,B0018,G1,24,2,0.9066838862255429,1.7018569637483545,0.015659941335020917,-0.01017340137323739,0.17310181291427296,101,1.298503164553757,True,132
82,24,"15 Jul 2008, 17:29:47.77",3.391299822602872,-0.0018317579785671,34.91065228926516,0.0006,0.0,3268.687,1.6769770618433686,32,B0018,G1,24,2,0.9040285579078848,1.6928061095511808,0.013921564615106262,-0.009050854197173797,0.1780274589477131,100,1.298503164553757,True,132
84,24,"15 Jul 2008, 21:21:30.39",3.40404682054735,0.0015992730993061,34.89441644740644,0.0006,0.0,3260.594,1.6655229306478936,33,B0018,G1,24,2,0.8978538391580942,1.6835414358838137,0.013489922089467534,-0.009264673667367074,0.1894815901431881,99,1.298503164553757,True,132
87,24,"16 Jul 2008, 01:45:13.39",3.418829401501136,0.0023196510780081,34.53288078794756,0.0006,0.0,3258.812,1.6571924575832084,34,B0018,G1,24,2,0.8933630290434469,1.675126360375118,0.014324747268048502,-0.008415075508695713,0.19781206320787326,98,1.298503164553757,True,132
90,24,"16 Jul 2008, 06:12:34.39",3.4148501288729167,-0.0004577124503051,34.51313962989296,0.0006,0.0,3243.422,1.6482241555294048,35,B0018,G1,24,2,0.8885283766459535,1.6659638626961368,0.013848885516865509,-0.009162497678981163,0.20678036526167687,97,1.298503164553757,True,132
92,24,"16 Jul 2008, 10:05:40.72",3.4160219995907752,0.0013274496074468,34.43103153422671,0.0006,0.0,3236.515,1.6387701497987262,36,B0018,G1,24,2,0.8834318900203323,1.6573373510805205,0.014836898618128458,-0.008626511615616516,0.21623437099235554,96,1.298503164553757,True,132
94,24,"16 Jul 2008, 13:57:42.47",3.455015988846071,0.0015486412357847,33.89640362290872,0.0006,0.0,3230.734,1.6276486907262062,37,B0018,G1,24,2,0.8774365089051547,1.6474716768570878,0.014912871267712124,-0.009865674223432475,0.22735583006487547,95,1.298503164553757,True,132
96,24,"16 Jul 2008, 17:51:36.08",3.4362811914108287,0.0030923276022194,34.569207567020555,0.0004,0.0,3222.093,1.62215370227252,38,B0018,G1,24,2,0.8744742581978935,1.638797831182013,0.014392263524712082,-0.008673845675074699,0.2328508185185616,94,1.298503164553757,True,132
99,24,"16 Jul 2008, 22:13:57.59",3.4449973202642243,0.0010937102057089,34.50595870741836,0.0006,0.0,3220.344,1.6140066510467586,39,B0018,G1,24,2,0.8700823275398015,1.6301606698747233,0.013525776800957845,-0.008637161307289976,0.24099786974432313,93,1.298503164553757,True,132
102,24,"18 Jul 2008, 17:28:12.12",3.336282449478892,-0.0010967830939682,34.92518023827206,0.0004,0.0,3250.75,1.6760516154424625,40,B0018,G1,24,2,0.9035296661852321,1.6357261618573347,0.02427242477761089,0.005565491982611537,0.17895290534861918,92,1.298503164553757,True,132
104,24,"18 Jul 2008, 21:19:44.42",3.4069101290337938,0.0036285932240811,34.21002175721513,0.0006,0.0,3239.344,1.649300642552199,41,B0018,G1,24,2,0.8891086916860135,1.6378322604080293,0.025047079801649764,0.0021060985506945683,0.2057038782388827,91,1.298503164553757,True,132
106,24,"19 Jul 2008, 01:10:07.05",3.4085356287490414,-0.0009739000375239,34.19993305549221,0.0004,0.0,3222.25,1.63238299185809,42,B0018,G1,24,2,0.8799886865838726,1.6387791206344062,0.0246522389509766,0.0009468602263767778,0.22262152893299159,90,1.298503164553757,True,132
108,24,"19 Jul 2008, 05:01:04.95",3.424618629451753,-0.0009172525587987,33.938605663467065,0.0006,0.0,3206.157,1.6164159719025777,43,B0018,G1,24,2,0.8713811496336645,1.6376315745604177,0.02572961871423036,-0.0011475460739884813,0.238588548888504,89,1.298503164553757,True,132
111,24,"19 Jul 2008, 09:25:29.88",3.4510403338526534,0.0005934348499033,33.47620704443014,0.0004,0.0,3197.969,1.6109028378249377,44,B0018,G1,24,2,0.8684091169427205,1.6370108119160534,0.026468919234943513,-0.0006207626443641701,0.24410168296614398,88,1.298503164553757,True,132
114,24,"19 Jul 2008, 13:53:00.75",3.4471277889322587,-0.0030463776578336,33.53169798493108,0.0006,0.0,3181.625,1.5954638693695655,45,B0018,G1,24,2,0.8600862431802414,1.620893262701474,0.020648861187819056,-0.016117549214579398,0.25954065142151617,87,1.298503164553757,True,132
117,24,"29 Jul 2008, 18:34:27.28",3.153251691766954,-0.000685325850094,34.64187919285083,0.0006,0.0,3302.36,1.726707440085764,46,B0018,G1,24,2,0.930837321813855,1.6363746222081872,0.052193870133535665,0.01548135950671301,0.12829708070531765,86,1.298503164553757,True,132
119,24,"29 Jul 2008, 22:21:53.50",3.22099960221937,-0.0017433215703049,34.51797226835117,0.0006,0.0,3285.812,1.7165673917429751,47,B0018,G1,24,2,0.9253710017973061,1.6532115021851639,0.06303638801136575,0.016836879976977005,0.13843712904810657,85,1.298503164553757,True,132
121,24,"30 Jul 2008, 02:09:48.83",3.279534309512825,0.0008269261017827,34.402017900441855,0.0006,0.0,3260.016,1.6958235570934848,48,B0018,G1,24,2,0.914188368861919,1.6690930192233453,0.06143107542531041,0.015881517038181414,0.15918096369759693,84,1.298503164553757,True,132
123,24,"30 Jul 2008, 05:57:02.33",3.312914061922747,-0.0006787234404372,34.34093454270647,0.0006,0.0,3240.031,1.6777783190792557,49,B0018,G1,24,2,0.9044605014567585,1.6824681154742087,0.05217753188741523,0.013375096250863593,0.17722620171182601,83,1.298503164553757,True,132
125,24,"30 Jul 2008, 09:52:21.28",3.3472010348392622,0.0023580257907636,34.02665837549093,0.0006,0.0,3232.265,1.6606586897774192,50,B0018,G1,24,2,0.895231613273491,1.6955070795557798,0.027137698054703212,0.013038964081570726,0.19434583101366254,82,1.298503164553757,True,132
128,24,"30 Jul 2008, 19:28:07.67",3.341784146218493,0.0005327158842809,34.779973290508366,0.0006,0.0,3232.031,1.6664109274827466,51,B0018,G1,24,2,0.8983325424846361,1.6834477770351763,0.022868145446624032,-0.012059302520603499,0.18859359330833514,81,1.298503164553757,True,132
130,24,"30 Jul 2008, 23:16:54.22",3.3409538026606818,0.0012861042475947,34.91089521134707,0.0006,0.0,3209.5149999999994,1.6468336174407805,52,B0018,G1,24,2,0.8877787622525443,1.6695010221747375,0.01845898326964868,-0.013946754860438925,0.2081709033503012,80,1.298503164553757,True,132
132,24,"31 Jul 2008, 02:46:18.03",3.39385721106257,0.0010323478224548,34.07147606291783,0.0006,0.0,3196.125,1.6257639928779952,53,B0018,G1,24,2,0.8764205017595725,1.6554891093316393,0.020008246005954314,-0.014011912843097907,0.22924052791308647,79,1.298503164553757,True,132
134,24,"31 Jul 2008, 06:15:17.84",3.379431086342454,-0.0023519231430473,34.32783951427218,0.0006,0.0,3172.562,1.6121577411874597,54,B0018,G1,24,2,0.8690856130635962,1.64236499375328,0.023026648575300925,-0.013124115578359196,0.242846779603622,78,1.298503164553757,True,132
136,24,"31 Jul 2008, 10:10:14.36",3.4005755999684046,-0.0014357740629136,34.12133577596355,0.0006,0.0,3172.735,1.6057366823755344,55,B0018,G1,24,2,0.8656241342693628,1.6313805922729032,0.025122672425483307,-0.01098440148037696,0.24926783841554734,77,1.298503164553757,True,132
141,24,"01 Aug 2008, 17:46:33.11",3.31386363218204,-0.0050270170127369,34.66127066685323,0.0006,0.0,3238.109,1.673645314879889,56,B0018,G1,24,2,0.9022324722778301,1.632827469752332,0.027718720204591204,0.00144687747942851,0.1813592059111926,76,1.298503164553757,True,132
143,24,"01 Aug 2008, 21:32:12.94",3.3517763797483044,-0.0007122854726491,34.6427606667268,0.0006,0.0,3191.063,1.6404348572349936,57,B0018,G1,24,2,0.8843293042409497,1.6315477177111746,0.02705005149684624,-0.0012797520411573782,0.21456966355608809,75,1.298503164553757,True,132
145,24,"02 Aug 2008, 01:17:09.62",3.3676008246193447,-0.0009773315710621,34.63237475991962,0.0006,0.0,3165.828,1.6132653317422077,58,B0018,G1,24,2,0.8696826954654632,1.6290479854840167,0.028268233061437574,-0.002499732227157514,0.24173918904887404,74,1.298503164553757,True,132
147,24,"02 Aug 2008, 05:03:55.92",3.3877431597098138,0.0018356279146608,34.453971404239326,0.0006,0.0,3140.407,1.5920964324686278,59,B0018,G1,24,2,0.8582709177386076,1.6250357237402504,0.032388337785429266,-0.0040122617437663875,0.26290808832245394,73,1.298503164553757,True,132
150,24,"02 Aug 2008, 09:26:51.38",3.4160493489165225,0.0034918184724231,34.12379740894212,0.0006,0.0,3131.922,1.5866011820698824,60,B0018,G1,24,2,0.855308525821416,1.62120862367912,0.036150882490739236,-0.003827100061130384,0.26840333872119926,72,1.298503164553757,True,132
153,24,"02 Aug 2008, 13:55:03.30",3.42147245050033,0.0013598491896802,34.10164945612194,0.0006,0.0,3121.109,1.580076649033625,61,B0018,G1,24,2,0.8517912659101168,1.6024948905098675,0.024590439849358624,-0.0187137331692528,0.2749278717574566,71,1.298503164553757,True,132
155,24,"02 Aug 2008, 17:41:59.36",3.4158832488116646,0.0030432402930327,34.39355812190329,0.0006,0.0,3105.265,1.5641732953289167,62,B0018,G1,24,2,0.8432180503052695,1.5872425781286519,0.017921337458304234,-0.015252312381215383,0.290831225462165,70,1.298503164553757,True,132
157,24,"02 Aug 2008, 21:29:24.41",3.4412663031911563,0.0010717022096804,34.10191969540592,0.0006,0.0,3091.25,1.555618272193922,63,B0018,G1,24,2,0.8386061892347928,1.575713166218995,0.015353938179555401,-0.011529411909657127,0.2993862485971597,69,1.298503164553757,True,132
159,24,"03 Aug 2008, 01:16:07.08",3.440421318342616,-0.0036085655397428,34.2038950420277,0.0006,0.0,3076.703,1.5402045278637395,64,B0018,G1,24,2,0.8302969133503281,1.5653347852980173,0.01868737342846596,-0.010378380920977648,0.3147999929273422,68,1.298503164553757,True,132
162,24,"03 Aug 2008, 05:39:11.95",3.445662321409105,-0.000958458893455,34.250212400359835,0.0006,0.0,3062.328,1.5321613015959863,65,B0018,G1,24,2,0.8259609528835993,1.5544468092032377,0.019054867978339236,-0.010887976094779228,0.3228432191950954,67,1.298503164553757,True,132
165,24,"03 Aug 2008, 10:08:42.83",3.4388742210783456,-0.0016588333805397,34.26909054031699,0.0006,0.0,3050.563,1.5316232403693415,66,B0018,G1,24,2,0.8256708936300426,1.5447561274703812,0.014550189148550462,-0.009690681732856721,0.3233812804217402,66,1.298503164553757,True,132
167,24,"03 Aug 2008, 13:54:25.09",3.4638457585402174,0.0002243037505703,33.93673653698767,0.0006,0.0,3034.672,1.5222595950771978,67,B0018,G1,24,2,0.8206231187124103,1.5363733874200374,0.012495478435689633,-0.008382740050343784,0.3327449257138839,65,1.298503164553757,True,132
169,24,"03 Aug 2008, 17:42:28.75",3.4607953148814765,0.0021928627152653,33.94589219419355,0.0006,0.0,3031.25,1.5065267126851285,68,B0018,G1,24,2,0.812141801165346,1.5265550755182786,0.012874491107587028,-0.009818311901758702,0.3484778081059532,64,1.298503164553757,True,132
171,24,"03 Aug 2008, 21:26:49.77",3.4579399600497065,0.0015069457183452,34.143263637180524,0.0006,0.0,3011.343,1.5014219556532926,69,B0018,G1,24,2,0.8093899172887186,1.5187985610761894,0.014208788376233497,-0.00775651444208938,0.3535825651377891,63,1.298503164553757,True,132
174,24,"04 Aug 2008, 01:48:42.89",3.458624303365877,0.0009771141679452,34.21387438373232,0.0006,0.0,3003.0,1.4963534117486457,70,B0018,G1,24,2,0.8066575552659644,1.5116369831067211,0.014801516540162075,-0.007161577969468124,0.358651109042436,62,1.298503164553757,True,132
177,24,"04 Aug 2008, 17:08:25.33",3.414320676735576,0.005711470447519,34.697068635695494,0.0006,0.0,3045.187,1.5334262000312422,71,B0018,G1,24,2,0.826642837170715,1.5119975750391013,0.015419216335975617,0.00036059193238013876,0.3215783207598395,61,1.298503164553757,True,132
179,24,"04 Aug 2008, 20:55:13.80",3.441289287985009,-0.0021098176647452,34.65377198720902,0.0006,0.0,3028.469,1.523845267514426,72,B0018,G1,24,2,0.8214779265683784,1.512314709526547,0.015696853346884573,0.00031713448744565833,0.33115925327665563,60,1.298503164553757,True,132
181,24,"05 Aug 2008, 00:41:24.61",3.4434979435076563,0.0012103544781274,34.50390689814792,0.0006,0.0,3012.937,1.501192099426124,73,B0018,G1,24,2,0.8092660058779417,1.5112477868747463,0.016356074928444247,-0.0010669226518008833,0.3538124213649576,59,1.298503164553757,True,132
183,24,"05 Aug 2008, 04:27:50.95",3.4599209387521817,0.0006052000599032,34.47189924811841,0.0006,0.0,2998.875,1.492417671450291,74,B0018,G1,24,2,0.8045358675534857,1.5094469300341458,0.01811004975948194,-0.0018008568406003179,0.36258684934079066,58,1.298503164553757,True,132
185,24,"05 Aug 2008, 08:23:48.25",3.468314102545152,-0.0018147910824547,34.29303576639688,0.0006,0.0,2983.547,1.483323851940123,75,B0018,G1,24,2,0.799633550923934,1.5068410180724414,0.021147793687619897,-0.0026059119617045214,0.37168066885095863,57,1.298503164553757,True,132
188,24,"05 Aug 2008, 12:50:42.53",3.461167189335011,-0.0024045685451799,34.44293907795603,0.0006,0.0,2966.86,1.4807376792294196,76,B0018,G1,24,2,0.7982393911352555,1.4963033139120767,0.01738039891322061,-0.010537704160364526,0.3742668415616621,56,1.298503164553757,True,132
190,24,"05 Aug 2008, 16:36:12.67",3.478026972161799,8.518878236902991e-05,34.34721213558615,0.0006,0.0,2954.797,1.4735077809902477,77,B0018,G1,24,2,0.7943418813674149,1.4862358166072411,0.010754274366182733,-0.01006749730483567,0.381496739800834,55,1.298503164553757,True,132
192,24,"05 Aug 2008, 20:21:46.91",3.460131373135017,-0.0019826814229858,34.851675031592315,0.0006,0.0,2945.735,1.46801928526661,78,B0018,G1,24,2,0.7913831307756389,1.4796012537753382,0.009363254870048632,-0.006634562831902802,0.3869852355244716,54,1.298503164553757,True,132
194,24,"06 Aug 2008, 00:06:53.16",3.470528678394029,0.0014982352852438,34.62998607447624,0.0006,0.0,2941.375,1.458092355711902,79,B0018,G1,24,2,0.786031699313642,1.4727361906276604,0.01016622890779015,-0.006865063147677786,0.3969121650791796,53,1.298503164553757,True,132
197,24,"06 Aug 2008, 04:27:52.92",3.476629441262813,0.0012213860401776,34.41830167745802,0.0006,0.0,2923.953,1.44786609888914,80,B0018,G1,24,2,0.7805189058362434,1.4656446400174639,0.012926535513744808,-0.007091550610196595,0.4071384219019416,52,1.298503164553757,True,132
200,24,"06 Aug 2008, 08:55:24.59",3.475822076913363,-0.0009686294486858,34.32904521156213,0.0006,0.0,2921.031,1.4527808777541982,81,B0018,G1,24,2,0.7831683758563823,1.4600532797224197,0.010603552219888386,-0.005591360295044279,0.4022236430368835,51,1.298503164553757,True,132
202,24,"06 Aug 2008, 12:40:42.03",3.490006746602984,0.0003020928141077,34.23308243525272,0.0006,0.0,2902.75,1.4425356364492432,82,B0018,G1,24,2,0.7776453481817188,1.4538588508142187,0.009794523376689613,-0.0061944289082009,0.4124688843418385,50,1.298503164553757,True,132
204,24,"06 Aug 2008, 16:25:32.09",3.491787123567605,-0.000172722926476,34.48934651704545,0.0006,0.0,2897.875,1.4392712877203313,83,B0018,G1,24,2,0.7758855957432074,1.448109251304963,0.007594741161809857,-0.005749599509255754,0.4157332330707504,49,1.298503164553757,True,132
206,24,"06 Aug 2008, 20:09:11.45",3.487044876202592,0.0023272313045114,34.68549803617113,0.0006,0.0,2892.094,1.4286475681888218,84,B0018,G1,24,2,0.7701585371768062,1.442220293800347,0.009170823394288413,-0.005888957504616066,0.4263569526022599,48,1.298503164553757,True,132
209,24,"07 Aug 2008, 00:27:39.05",3.504583247086097,-0.0010901091062724,34.324732020335226,0.0006,0.0,2886.921,1.4249026750004896,85,B0018,G1,24,2,0.7681397317526905,1.4376276090226168,0.011168897051359369,-0.0045926847777300935,0.4301018457905921,47,1.298503164553757,True,132
212,24,"07 Aug 2008, 19:05:53.11",3.4303014607858104,0.0021459186018903,34.80764979716988,0.0004,0.0,2942.531,1.4698115324524124,86,B0018,G1,24,2,0.7923492994106556,1.44103373996226,0.017657518084154143,0.0034061309396428373,0.38519298833866933,46,1.298503164553757,True,132
214,24,"07 Aug 2008, 22:50:51.86",3.4405762245177645,-0.0001742613144599,34.88545379025749,0.0004,0.0,2912.469,1.4525819651050202,87,B0018,G1,24,2,0.7830611455790711,1.443043005693415,0.018426013178162157,0.0020092657311554076,0.40242255568606145,45,1.298503164553757,True,132
216,24,"08 Aug 2008, 02:32:53.25",3.4678309729542223,0.000799074890741,34.43362403437361,0.0004,0.0,2895.594,1.442834198908794,88,B0018,G1,24,2,0.7778062979024363,1.4437555879311077,0.01831222763036128,0.0007125822376925495,0.41217032188228764,44,1.298503164553757,True,132
218,24,"08 Aug 2008, 06:16:47.33",3.46373200309395,-0.0001030467929246,34.486448396438945,0.0004,0.0,2884.406,1.428376058807949,89,B0018,G1,24,2,0.7700121712904541,1.443701286054933,0.018368544003218332,-5.4301876174545074e-05,0.42662846198313265,43,1.298503164553757,True,132
220,24,"08 Aug 2008, 10:14:50.67",3.501682834204815,-0.000944396097255,33.66051743303642,0.0004,0.0,2873.766,1.4154547844370715,90,B0018,G1,24,2,0.7630465417051595,1.4418117079422494,0.021072720422649592,-0.001889578112683621,0.4395497363540102,42,1.298503164553757,True,132
223,24,"08 Aug 2008, 20:10:08.81",3.4458804859914856,-0.0031744635144942,35.017200460442865,0.0006,0.0,2893.375,1.454576670077708,91,B0018,G1,24,2,0.7841364556121901,1.4387647354673085,0.016649114566915715,-0.003046972474940857,0.4004278507133736,41,1.298503164553757,True,132
225,24,"08 Aug 2008, 23:54:01.81",3.460221345909229,-0.0002055734235931,34.82633508193608,0.0006,0.0,2884.9839999999967,1.4283179548274056,92,B0018,G1,24,2,0.7699808484662279,1.4339119334117856,0.015076828374824833,-0.00485280205552292,0.42668656596367605,40,1.298503164553757,True,132
227,24,"09 Aug 2008, 03:37:06.28",3.465380072924864,7.344987859170812e-05,34.931079396676296,0.0006,0.0,2870.234,1.4197026883204058,93,B0018,G1,24,2,0.7653365112635747,1.429285631294108,0.015203005323153565,-0.004626302117677649,0.4353018324706759,39,1.298503164553757,True,132
229,24,"09 Aug 2008, 07:19:59.66",3.4695766912945536,0.0004415659090119,34.947395669574696,0.0006,0.0,2864.11,1.4155606630306516,94,B0018,G1,24,2,0.7631036189749955,1.4267225521386486,0.01642578796711817,-0.00256307915545948,0.43944385776043005,38,1.298503164553757,True,132
232,24,"09 Aug 2008, 11:36:57.88",3.4708976588878517,0.0015186313158394,34.90115196244712,0.0008,0.0,2846.64,1.405680035419228,95,B0018,G1,24,2,0.7577771480684934,1.42476760233508,0.018546844870495634,-0.001954949803568695,0.44932448537185365,37,1.298503164553757,True,132
235,24,"09 Aug 2008, 15:59:02.41",3.463695994913882,-4.810067679034984e-05,35.03832449306042,0.0006,0.0,2839.532,1.4084461071166137,96,B0018,G1,24,2,0.759268288206635,1.415541489742861,0.009057410464106713,-0.009226112592218883,0.446558413674468,36,1.298503164553757,True,132
237,24,"09 Aug 2008, 19:41:13.30",3.476025252893392,-0.0005931402917384,34.87255644732397,0.0006,0.0,2832.703,1.3968547782872414,97,B0018,G1,24,2,0.7530196086484692,1.409248854434828,0.008889819551468982,-0.006292635308032857,0.45814974250384033,35,1.298503164553757,True,132
239,24,"09 Aug 2008, 23:22:00.98",3.4959869797550738,0.0020876242878427,34.60380601735497,0.0006,0.0,2827.077999999994,1.3935670371440676,98,B0018,G1,24,2,0.751247245774781,1.4040217241995605,0.008890133080865796,-0.00522713023526764,0.4614374836470141,34,1.298503164553757,True,132
241,24,"10 Aug 2008, 03:01:08.86",3.498486525112168,0.0006660198031519,34.652212875823615,0.0006,0.0,2821.531,1.3893644292809475,99,B0018,G1,24,2,0.7489816944965945,1.3987824774496196,0.008071222293304283,-0.005239246749940829,0.4656400915101342,33,1.298503164553757,True,132
244,24,"10 Aug 2008, 07:19:08.45",3.4901229858478677,-0.0015943223839276,34.88838289145866,0.0006,0.0,2805.156,1.378565141566671,100,B0018,G1,24,2,0.7431599902402237,1.3933594986791082,0.010893798554275101,-0.005422978770511388,0.4764393792244106,32,1.298503164553757,True,132
247,24,"10 Aug 2008, 11:39:39.81",3.5002914337238367,0.0005021061095786,34.530306379783376,0.0006,0.0,2814.906,1.384901110085747,101,B0018,G1,24,2,0.7465755983684312,1.3886504992729347,0.00720702078145865,-0.004708999406173353,0.4701034107053348,31,1.298503164553757,True,132
249,24,"10 Aug 2008, 15:21:25.47",3.488365679744425,0.0009461835276275,34.721906145277494,0.0006,-0.0,2801.156,1.3703251814242443,102,B0018,G1,24,2,0.7387179740348331,1.3833445799003354,0.00915843562440994,-0.005305919372599411,0.4846793393668374,30,1.298503164553757,True,132
251,24,"10 Aug 2008, 19:01:07.22",3.4996632718023597,-0.0049459076918322,34.71956893863621,0.0006,0.0,2794.187,1.3733464385229082,103,B0018,G1,24,2,0.7403466800917733,1.3793004601761036,0.007892994513005631,-0.004044119724231887,0.4816580822681735,29,1.298503164553757,True,132
253,24,"10 Aug 2008, 22:40:10.45",3.503533537088468,0.0016490195804674,34.78261100713098,0.0006,0.0,2785.391,1.3679487285504814,104,B0018,G1,24,2,0.7374368704864981,1.3750173200300104,0.0068016420578212305,-0.004283140146093212,0.48705579224060025,28,1.298503164553757,True,132
256,24,"11 Aug 2008, 02:53:19.86",3.49645464004892,-0.0025291469994353,34.89129597246078,0.0006,0.0,2779.5,1.3567141087089647,105,B0018,G1,24,2,0.7313804864100185,1.3706471134584692,0.010148599883088083,-0.004370206571541279,0.498290412082117,27,1.298503164553757,True,132
259,24,"14 Aug 2008, 13:04:49.69",3.4124077925269103,0.0019796541134129,34.299742810820014,0.0006,0.0,2899.234,1.4604310209194575,106,B0018,G1,24,2,0.7872924322020762,1.3857530956252113,0.042216692348380346,0.015105982166742127,0.39457349987162416,26,1.298503164553757,True,132
261,24,"14 Aug 2008, 16:49:56.81",3.4184683336986885,0.0091134131538031,34.61534490195121,0.0006,0.0,2894.922,1.4500998937104097,107,B0018,G1,24,2,0.7817231049614924,1.4017080380824443,0.04939302935260162,0.015954942457233078,0.404904627080672,25,1.298503164553757,True,132
263,24,"14 Aug 2008, 20:29:23.81",3.435059021261037,0.000176044762656,34.69435704227177,0.0006,0.0,2888.25,1.4381406901824496,108,B0018,G1,24,2,0.7752761106852413,1.4146668884143525,0.048584936436997336,0.01295885033190829,0.4168638306086321,24,1.298503164553757,True,132
265,24,"15 Aug 2008, 00:08:59.58",3.4447128708336927,-0.0023698941932552,34.54760908927221,0.0006,0.0,2873.906,1.4283681980964316,109,B0018,G1,24,2,0.7700079337204485,1.4267507823235426,0.04097871752581874,0.012083893909190024,0.4266363226946501,23,1.298503164553757,True,132
267,24,"15 Aug 2008, 03:59:10.80",3.4584291739002917,-0.0034992061998464,34.3846126625483,0.0006,0.0,2847.406,1.4147874517552432,110,B0018,G1,24,2,0.7626867945054364,1.4383654509327983,0.01789206634950681,0.011614668609255707,0.44021706903583846,22,1.298503164553757,True,132
270,24,"15 Aug 2008, 08:19:52.70",3.45760615956929,-0.0010700060416549,34.24921056216717,0.0006,0.0,2849.281,1.413889163393182,111,B0018,G1,24,2,0.7622025431993112,1.4290570794275432,0.015487692900391046,-0.009308371505255097,0.44111535739789964,21,1.298503164553757,True,132
272,24,"15 Aug 2008, 12:00:03.39",3.473799879244527,0.0009520599642077,34.22340605592692,0.0006,0.0,2833.688,1.3989331662177225,112,B0018,G1,24,2,0.7541400306782735,1.4188237339290057,0.015004314705900471,-0.010233345498537449,0.45607135457335923,20,1.298503164553757,True,132
274,24,"15 Aug 2008, 15:37:16.69",3.4534645231734142,-0.0019277373530407,34.99486742649797,0.0006,0.0,2826.453,1.3953322584033976,113,B0018,G1,24,2,0.7521988452127043,1.4102620475731953,0.013348315402807575,-0.008561686355810404,0.4596722623876841,19,1.298503164553757,True,132
276,24,"15 Aug 2008, 19:13:34.20",3.455168986263728,0.000152307236546,35.34543171116737,0.0006,0.0,2818.312,1.390046129540245,114,B0018,G1,24,2,0.7493491870022229,1.4025976338619581,0.011178601923219917,-0.007664413711237295,0.4649583912508366,18,1.298503164553757,True,132
279,24,"15 Aug 2008, 23:27:04.38",3.479281571059917,-0.0017712083510631,34.891129022498426,0.0006,0.0,2812.7189999999973,1.3860271454209647,115,B0018,G1,24,2,0.747182624023947,1.3968455725951023,0.010728501137678233,-0.005752061266855702,0.46897737537011697,17,1.298503164553757,True,132
282,24,"16 Aug 2008, 03:52:55.64",3.455105228850889,0.0007561974600431,34.9881129859963,0.0006,0.0,2803.5,1.388215260193751,116,B0018,G1,24,2,0.7483621978461461,1.3917107919552163,0.00530498327986261,-0.005134780639886216,0.4667892605973307,16,1.298503164553757,True,132
284,24,"16 Aug 2008, 07:37:37.80",3.480977907386269,-0.0016950359734035,34.4672414409356,0.0006,0.0,2783.25,1.3761826562394497,117,B0018,G1,24,2,0.7418756347033405,1.3871606899595617,0.007035882289446509,-0.0045501019956545544,0.478821864551632,15,1.298503164553757,True,132
286,24,"16 Aug 2008, 11:21:22.14",3.474553150815604,0.0013097195754989,34.450104313131234,0.0006,0.0,2776.391,1.3647168898640163,118,B0018,G1,24,2,0.7356946436346267,1.3810376162516853,0.010577145551848244,-0.006123073707876259,0.4902876309270654,14,1.298503164553757,True,132
288,24,"16 Aug 2008, 15:02:56.64",3.478489619456452,0.002093334563477,34.35230626621817,0.0006,0.0,2766.516,1.3589854739373584,119,B0018,G1,24,2,0.7326049390746541,1.374825485131108,0.012842262610079097,-0.006212131120577347,0.49601904685372333,13,1.298503164553757,True,132
291,24,"16 Aug 2008, 19:15:49.61",3.487993649197899,0.000490381506153,34.04759298247839,0.0006,0.0,2751.516,1.34623087640088,120,B0018,G1,24,2,0.7257291620112973,1.3668662313270912,0.016086645745669894,-0.007959253804016964,0.5087736443902018,12,1.298503164553757,True,132
294,24,"18 Aug 2008, 14:27:16.02",3.427989429916725,-0.0009226510516785,34.20414157198772,0.0006,0.0,2848.859,1.4268427818454643,121,B0018,G1,24,2,0.7691856089045949,1.3745917356574338,0.031137233251083148,0.007725504330342669,0.4281617389456174,11,1.298503164553757,True,132
296,24,"18 Aug 2008, 18:08:54.12",3.44397698882391,-0.0030776247602472,34.240840304974746,0.0004,0.0,2840.016,1.4064481483279665,122,B0018,G1,24,2,0.7581912240991064,1.3806448340751372,0.0343045520878584,0.006053098417703362,0.4485563724631152,10,1.298503164553757,True,132
298,24,"18 Aug 2008, 21:48:48.48",3.4345905788343294,-0.0024520745335597,34.625354606377115,0.0006,0.0,2817.375,1.3934907492075153,123,B0018,G1,24,2,0.7512061203027418,1.3863996059438368,0.03336517761186842,0.005754771868699793,0.46151377158356643,9,1.298503164553757,True,132
300,24,"19 Aug 2008, 01:25:43.66",3.463052037166904,0.0014658005290318,34.248117223477834,0.0006,0.0,2809.234,1.3882493512249316,124,B0018,G1,24,2,0.7483805757157408,1.3922523814013514,0.029721845204503744,0.005852775457514658,0.46675516956615004,8,1.298503164553757,True,132
302,24,"19 Aug 2008, 05:17:05.81",3.4638112912405465,-0.0010231279047346,34.28115361152317,0.0006,0.0,2791.187,1.3701878338420928,125,B0018,G1,24,2,0.7386439323920165,1.397043772889594,0.021140189828619267,0.004791391488242569,0.48481668694898894,7,1.298503164553757,True,132
305,24,"19 Aug 2008, 09:39:42.50",3.473054155492156,0.0026470138477782,34.201571832935585,0.0006,0.0,2794.016,1.379695166560862,126,B0018,G1,24,2,0.7437691666500521,1.3876142498326736,0.013748128830431913,-0.009429523056920441,0.4753093542302196,6,1.298503164553757,True,132
307,24,"19 Aug 2008, 13:17:33.98",3.44948309373786,0.0078937340430795,34.92065208125561,0.0006,0.0,2774.719,1.3686586323935683,127,B0018,G1,24,2,0.7378195670433692,1.380056346645794,0.010897641744985042,-0.007557903186879633,0.48634588839751336,5,1.298503164553757,True,132
309,24,"19 Aug 2008, 16:54:51.73",3.459275126150541,-0.0034505295848511,35.17385755151279,0.0006,0.0,2777.844,1.3627371779096438,128,B0018,G1,24,2,0.7346274160714679,1.3739056323862198,0.010066632833455484,-0.006150714259574297,0.4922673428814379,4,1.298503164553757,True,132
311,24,"19 Aug 2008, 20:32:20.47",3.484328701795344,-0.0013408280923082,34.92470595323358,0.0006,0.0,2781.125,1.3634051133928071,129,B0018,G1,24,2,0.7349874882306874,1.3689367848197949,0.006826781539085895,-0.0049688475664249054,0.49159940739827457,3,1.298503164553757,True,132
314,24,"20 Aug 2008, 00:43:05.41",3.481460722799574,0.0024152354421238,34.80598210295429,0.0006,0.0,2760.906,1.3518646035305233,130,B0018,G1,24,2,0.7287662042753458,1.3652721387574809,0.010113924575023253,-0.003664646062313892,0.5031399172605584,2,1.298503164553757,True,132
317,24,"20 Aug 2008, 05:02:00.30",3.457732208932067,2.9462768606643104e-05,35.0817702475143,0.0006,0.0,2753.25,1.3547969729652622,131,B0018,G1,24,2,0.7303469925709389,1.360292500038361,0.006835335392825171,-0.004979638719119972,0.5002075478258194,1,1.298503164553757,True,132
319,24,"20 Aug 2008, 08:37:19.52",3.477276738661716,-0.0019400685802433,34.581659542097185,0.0006,0.0,2742.843,1.341051440640485,132,B0018,G1,24,2,0.7229370201580871,1.3547710616877444,0.009147158419409504,-0.005521438350616669,0.5139530801505967,0,1.298503164553757,True,132
2,43,"07 Apr 2009, 16:31:01.89",1.999936473158621,-4.000555584272215,58.72626885895911,3.995,0.223,1572.359,1.697507332205763,1,B0029,G3,43,4,0.9202071998435523,1.697507332205763,0.0,0.0,0.1471938747554109,39,1.2912908448728218,True,40
4,43,"07 Apr 2009, 19:44:26.58",2.933592436450829,0.00125616284071,59.76796387174703,0.0006,0.0,1723.281,1.844701206961174,2,B0029,G3,43,4,1.0,1.7711042695834684,0.10408178698867442,0.0,0.0,38,1.2912908448728218,True,40
6,43,"07 Apr 2009, 22:58:18.00",2.9710857404783844,0.0005991342947919,59.79869709805255,0.0006,0.0,1705.906,1.8254376674722927,3,B0029,G3,43,4,0.9895573660296919,1.7892154022130766,0.0800034284687829,0.0,0.019263539488881154,37,1.2912908448728218,True,40
8,43,"08 Apr 2009, 02:11:30.22",2.97665436032912,-0.0013784822736576,59.9199472840752,0.0006,0.0,1697.688,1.815750429913437,4,B0029,G3,43,4,0.9843059803189329,1.7958491591381667,0.06665627728582281,0.0,0.028950777047736853,36,1.2912908448728218,True,40
10,43,"08 Apr 2009, 05:23:26.34",3.0091524136033923,-0.0004931531399003,59.88923782438607,0.0006,0.0,1686.094,1.8132993337127028,5,B0029,G3,43,4,0.982977257709827,1.7993391940530739,0.0582511475830282,0.0,0.0314018732484711,35,1.2912908448728218,True,40
14,43,"09 Apr 2009, 10:24:58.30",1.9392366668780088,-3.889455908057784,59.58813236464061,3.995,0.159,1678.563,1.8151647619660576,6,B0029,G3,43,4,0.9839884937009542,1.8228706800051326,0.013084830299605109,0.023531485952058916,0.029536444995116318,34,1.2912908448728218,True,40
16,43,"09 Apr 2009, 13:33:59.84",2.8810174649563263,-0.001326245969839,59.81336613073259,0.0006,0.0,1677.469,1.8143317955190057,7,B0029,G3,43,4,0.9835369482452953,1.8167967977166992,0.004917609853833791,-0.006073882288433641,0.030369411442168204,33,1.2912908448728218,True,40
18,43,"09 Apr 2009, 16:42:43.42",2.8832234640330854,-0.0008719115106377,59.75433532594285,0.0006,0.0,1666.093,1.801343601809866,8,B0029,G3,43,4,0.976496136616763,1.8119779845842139,0.006015882733873126,-0.004818813132485333,0.04335760515130782,32,1.2912908448728218,True,40
20,43,"09 Apr 2009, 19:50:50.06",2.901820456555757,-0.0001957128071003,59.7737242563152,0.0006,0.0,1654.328,1.7881558802945825,9,B0029,G3,43,4,0.9693471623191812,1.806459074660443,0.01168046291421548,-0.005518909923770909,0.0565453266665914,31,1.2912908448728218,True,40
22,43,"09 Apr 2009, 22:58:17.88",2.9194257800468835,-0.0004829903649605,59.80010734859943,0.0006,0.0,1643.812,1.7760714604539518,10,B0029,G3,43,4,0.9627962803687445,1.7990135000086926,0.016920164740244364,-0.007445574651750197,0.06862974650722209,30,1.2912908448728218,True,40
26,43,"10 Apr 2009, 12:49:04.72",1.852379628685352,-3.727775726904437,59.92418745751934,3.979,0.073,1652.266,1.7852807447597443,11,B0029,G3,43,4,0.9677885708660025,1.7930366965674303,0.014952276635872912,-0.005976803441262657,0.0594204622014296,29,1.2912908448728218,True,40
28,43,"10 Apr 2009, 15:54:20.09",2.8859854427284723,-0.0010778587983171,60.120904895462246,0.0006,0.0,1648.672,1.7698116401111978,12,B0029,G3,43,4,0.9594028742609522,1.7841326654858682,0.012080929878463294,-0.00890403108156157,0.07488956684997605,28,1.2912908448728218,True,40
30,43,"10 Apr 2009, 18:59:06.62",2.8903856133546757,-0.0006324525937087,60.15908336784943,0.0006,0.0,1636.969,1.7565231680521758,13,B0029,G3,43,4,0.9521992837776388,1.7751685787343305,0.012728798351182593,-0.008964086751538059,0.08817803890899811,27,1.2912908448728218,True,40
32,43,"10 Apr 2009, 22:03:26.62",2.9100600167874644,4.34136654887158e-05,60.0330623550184,0.0006,0.0,1625.187,1.7543413277348154,14,B0029,G3,43,4,0.9510165229548417,1.768405668222377,0.01308155972425212,-0.006762910511953412,0.09035987922635846,26,1.2912908448728218,True,40
34,43,"11 Apr 2009, 01:08:27.48",2.88474361143666,-0.0003387128052207,60.155675284547456,0.0006,0.0,1622.016,1.7392875506998715,15,B0029,G3,43,4,0.9428559726293272,1.761048886271561,0.01734213087710248,-0.00735678195081606,0.10541365626130239,25,1.2912908448728218,True,40
38,43,"13 Apr 2009, 09:51:27.48",1.9415928705254093,-3.896587227584963,59.70826330240836,3.995,0.168,1638.422,1.7797845109331345,16,B0029,G3,43,4,0.9648090998243676,1.7599496395062393,0.015498362509043257,-0.0010992467653219596,0.0649166960280394,24,1.2912908448728218,True,40
40,43,"13 Apr 2009, 12:55:24.47",3.082158782897465,-0.0009707919130171,59.826072535975634,0.0006,0.0,1646.438,1.7657088508465202,17,B0029,G3,43,4,0.9571787800557794,1.7591290816533032,0.014944395648759221,-0.0008205578529355328,0.07899235611465372,23,1.2912908448728218,True,40
42,43,"13 Apr 2009, 15:59:56.88",3.0795070258393755,-0.0038740340987182,59.97193555147316,0.0006,0.0,1634.765,1.7523941408724169,18,B0029,G3,43,4,0.9499609661768385,1.7583032762173516,0.015235638432322793,-0.0008258054359517875,0.09230706608875705,22,1.2912908448728218,True,40
44,43,"13 Apr 2009, 19:04:39.47",3.0916369041260543,-0.0020382204224137,59.90509096707212,0.0006,0.0,1622.016,1.7380191225603103,19,B0029,G3,43,4,0.9421683663466541,1.7550388351824506,0.017825302881117867,-0.003264441034901022,0.10668208440086357,21,1.2912908448728218,True,40
46,43,"13 Apr 2009, 22:09:45.53",3.083135884256708,-0.0012569842783994,59.93533323501854,0.0006,0.0,1616.25,1.7312214443143976,20,B0029,G3,43,4,0.9384833911212567,1.7534256139053561,0.01985647515094561,-0.0016132212770947785,0.11347976264677628,20,1.2912908448728218,True,40
50,43,"14 Apr 2009, 10:33:23.94",2.8963057908946763,-0.0012190363261026,60.25771781052726,0.0006,0.0,1622.218,1.7379128985265808,21,B0029,G3,43,4,0.9421107830191598,1.7450512914240452,0.013895367235857945,-0.008374322481310736,0.10678830843459308,19,1.2912908448728218,True,40
52,43,"14 Apr 2009, 13:36:17.44",3.2197807726489325,-0.0021653455564282,59.72819636826332,0.0006,0.0,1619.656,1.7224270683625882,22,B0029,G3,43,4,0.9337160196257414,1.7363949349272587,0.010986162789182154,-0.008656356496786399,0.12227413859858571,18,1.2912908448728218,True,40
54,43,"14 Apr 2009, 16:39:25.03",3.0848830966901644,-0.0002376486581417,60.33243416075105,0.0006,0.0,1605.484,1.7184213765608034,23,B0029,G3,43,4,0.9315445612959756,1.7296003820649362,0.008930671276617124,-0.0067945528623226895,0.1262798304003705,17,1.2912908448728218,True,40
56,43,"14 Apr 2009, 19:42:47.23",3.2211986785867115,0.0011858413436538,59.82462321645194,0.0006,0.0,1600.75,1.7010220930648232,24,B0029,G3,43,4,0.9221125278423614,1.7222009761658383,0.014063382684755538,-0.007399405899097422,0.14367911389635069,16,1.2912908448728218,True,40
58,43,"14 Apr 2009, 22:45:53.78",3.2154442875561204,-0.001171969301066,59.80492177511413,0.0006,0.0,1595.0,1.693698739563104,25,B0029,G3,43,4,0.9181425876297765,1.7146964352155798,0.01761059980182462,-0.00750454095025872,0.15100246739806988,15,1.2912908448728218,True,40
62,43,"15 Apr 2009, 14:58:30.25",3.223257403217158,-0.0008981749816239,59.81432804087793,0.0006,0.0,1612.422,1.713072721286705,26,B0029,G3,43,4,0.9286450915856969,1.7097283997676047,0.012049463667630598,-0.004968035447975172,0.13162848567446894,14,1.2912908448728218,True,40
64,43,"15 Apr 2009, 18:01:43.84",3.2221760275662388,-0.0007737221740796,59.81396563751103,0.0006,0.0,1598.969,1.6976972688567131,27,B0029,G3,43,4,0.9203101632124888,1.7047824398664297,0.01051115632197341,-0.004945959901175012,0.14700393810446077,13,1.2912908448728218,True,40
66,43,"15 Apr 2009, 21:02:58.33",3.2068104165765066,-0.0002067235052409,60.11653217948734,0.0006,0.0,1592.187,1.6899314034061208,28,B0029,G3,43,4,0.9161003402767814,1.6990844452354932,0.008861921414417554,-0.0056979946309365205,0.1547698035550531,12,1.2912908448728218,True,40
68,43,"16 Apr 2009, 00:05:00.81",3.2386841242913507,0.0021054304856953,59.70911481737406,0.0006,0.0,1577.484,1.685023551367069,29,B0029,G3,43,4,0.913439827007461,1.6958847368959424,0.010687588532953648,-0.003199708339550833,0.15967765559410485,11,1.2912908448728218,True,40
70,43,"16 Apr 2009, 03:06:43.06",3.2346552164888736,-0.0006518345422784,59.69286656192291,0.0006,0.0,1571.547,1.678389965463405,30,B0029,G3,43,4,0.9098438051267186,1.6928229820760028,0.013335243950237077,-0.0030617548199398216,0.166311241497769,10,1.2912908448728218,True,40
74,43,"16 Apr 2009, 10:13:36.39",3.2250360032255063,0.001719445173467,59.944989852676514,0.0006,0.0,1578.484,1.6737947494868326,31,B0029,G3,43,4,0.9073527697442774,1.684967387716028,0.009417866112782333,-0.00785559435997447,0.1709064574743413,9,1.2912908448728218,True,40
76,43,"16 Apr 2009, 13:14:46.30",3.3075178536649554,-0.00037455799163,59.565328325519694,0.0006,0.0,1574.469,1.6687898927884717,32,B0029,G3,43,4,0.9046396709077424,1.6791859125023798,0.008475243337483328,-0.00578147521364829,0.17591131417270223,8,1.2912908448728218,True,40
78,43,"16 Apr 2009, 16:16:19.73",3.300577557899683,0.0006105189627948,59.65289744657819,0.0006,0.0,1568.281,1.6492566306631429,33,B0029,G3,43,4,0.8940508221274532,1.6710509579537842,0.013571366066371262,-0.008134954548595585,0.19544457629803103,7,1.2912908448728218,True,40
80,43,"16 Apr 2009, 19:17:26.53",3.3062280407265128,-2.8205429930546203e-05,59.70136172491921,0.0006,0.0,1561.422,1.6409676757039668,34,B0029,G3,43,4,0.8895574359205723,1.662239782821164,0.016265872062162543,-0.008811175132620442,0.20373353125720706,6,1.2912908448728218,True,40
82,43,"16 Apr 2009, 22:17:17.75",3.3125825687867976,9.386519420112688e-05,59.51079178252917,0.0006,0.0,1554.234,1.6456360229757092,35,B0029,G3,43,4,0.8920881152816124,1.6556889943236246,0.014650995424381145,-0.006550788497539139,0.1990651839854647,5,1.2912908448728218,True,40
86,43,"17 Apr 2009, 09:45:34.06",3.304058593185552,-0.0015795540891757,59.88906583734223,0.0006,0.0,1573.734,1.654547743574037,36,B0029,G3,43,4,0.8969190985133133,1.6518395931410654,0.010700482508080504,-0.0038494011825591203,0.1901534633871369,4,1.2912908448728218,True,40
88,43,"17 Apr 2009, 12:46:29.12",3.3697769011437253,0.0012055515072253,59.1257636215212,0.0006,0.0,1566.578,1.6461201520877546,37,B0029,G3,43,4,0.8923505583863377,1.647305645000922,0.0050154068319747495,-0.004533948140143407,0.19858105487341926,3,1.2912908448728218,True,40
90,43,"17 Apr 2009, 15:46:53.88",3.310050246067916,0.0001898247242473,59.71123703472215,0.0006,0.0,1550.047,1.6275119188151763,38,B0029,G3,43,4,0.8822631614667942,1.6429567026313285,0.009925169713319503,-0.004348942369593311,0.21718928814599758,2,1.2912908448728218,True,40
92,43,"17 Apr 2009, 18:47:33.94",3.311149686490291,0.0007112299714433,59.7083635503317,0.0006,0.0,1543.64,1.6200530533464497,39,B0029,G3,43,4,0.8782197611369306,1.6387737781598255,0.014380304344208734,-0.0041829244715034354,0.22464815361472423,1,1.2912908448728218,True,40
94,43,"17 Apr 2009, 21:46:23.80",3.310883488731553,-0.0039661416030931,59.81684924328699,0.0006,0.0,1536.781,1.612079811711934,40,B0029,G3,43,4,0.8738975209798645,1.6320625359070704,0.01780060525698868,-0.0067112422527550565,0.23262139524923997,0,1.2912908448728218,True,40
2,43,"07 Apr 2009, 16:31:01.89",3.1452014253532408,-0.0032544498348232,60.56813821036632,0.0006,0.001,1572.359,1.6560706096175404,1,B0030,G3,43,4,0.9295647486935653,1.6560706096175404,0.0,0.0,0.1254842653333712,39,1.247088412465638,True,40
4,43,"07 Apr 2009, 19:44:26.58",3.312392816472032,-0.0017890546149496,59.986615867574905,0.0006,0.0,1723.281,1.7815548749509116,2,B0030,G3,43,4,1.0,1.7188127422842259,0.08873077494943886,0.0,0.0,38,1.247088412465638,True,40
6,43,"07 Apr 2009, 22:58:18.00",3.349618284046072,0.0005981133953777,59.947614346748765,0.0006,0.0,1705.906,1.761969227822918,3,B0030,G3,43,4,0.9890064306166638,1.73319823746379,0.06750853743229639,0.0,0.0195856471279936,37,1.247088412465638,True,40
8,43,"08 Apr 2009, 02:11:30.22",3.363204662480438,-0.0024191741393284,60.20503630628619,0.0006,0.0,1697.688,1.751755031874225,4,B0030,G3,43,4,0.9832731264718929,1.7378374360663988,0.05589594862059589,0.0,0.029799843076686594,36,1.247088412465638,True,40
10,43,"08 Apr 2009, 05:23:26.34",3.387542758441693,2.606781502507169e-05,60.20954451264892,0.0006,0.0,1686.094,1.7381688070362076,5,B0030,G3,43,4,0.9756470774351537,1.7379037102603605,0.04840753831265486,0.0,0.04338606791470401,35,1.247088412465638,True,40
14,43,"09 Apr 2009, 10:24:58.30",3.2667591961357134,-0.0037098331009017,61.25690819437772,0.0006,0.001,1678.563,1.750674529346134,6,B0030,G3,43,4,0.9826666323676231,1.7568244942060793,0.0161988903606496,0.018920783945718743,0.03088034560477748,34,1.247088412465638,True,40
16,43,"09 Apr 2009, 13:33:59.84",3.3338084050192887,-0.0032803831945322,60.958722455527926,0.0006,0.0,1677.469,1.7491047649061158,7,B0030,G3,43,4,0.981785511913749,1.7503344721971204,0.008470784437728359,-0.006490022008959162,0.03245011004479581,33,1.247088412465638,True,40
18,43,"09 Apr 2009, 16:42:43.42",3.3960415986314683,-0.0019827002633993,60.42827906564214,0.0006,0.0,1666.093,1.7252544028765475,8,B0030,G3,43,4,0.9683981263412302,1.742991507207846,0.011303355922534576,-0.007342964989274092,0.05630047207436406,32,1.247088412465638,True,40
20,43,"09 Apr 2009, 19:50:50.06",3.413055281908902,-0.0009784353128637,60.38098658930368,0.0006,0.0,1654.328,1.7112621367644252,9,B0030,G3,43,4,0.9605441633177741,1.7348929281858858,0.01668144248655459,-0.008098579021959961,0.0702927381864864,31,1.247088412465638,True,40
22,43,"09 Apr 2009, 22:58:17.88",3.4270654954959023,-0.0023972570078393,60.28902968187832,0.0006,0.0,1643.812,1.6990418392711273,10,B0030,G3,43,4,0.9536848194574653,1.72706753463287,0.02281155061894588,-0.007825393553016058,0.0825130356797843,30,1.247088412465638,True,40
26,43,"10 Apr 2009, 12:49:04.72",3.3798695020070197,-0.0025029716304127,61.05626921877244,0.0006,0.001,1652.266,1.7185770039532977,11,B0030,G3,43,4,0.9646500526685438,1.7206480295543027,0.018642800561629824,-0.006419505078567278,0.06297787099761387,29,1.247088412465638,True,40
28,43,"10 Apr 2009, 15:54:20.09",3.424390487351894,-0.0006210362539479,60.69851331714205,0.0006,0.0,1648.672,1.70324722921867,12,B0030,G3,43,4,0.9560453361087745,1.7114765224168136,0.010754480469729098,-0.009171507137489154,0.07830764573224158,28,1.247088412465638,True,40
30,43,"10 Apr 2009, 18:59:06.62",3.4386201783326107,-0.0023847552169451,60.75123874110876,0.0006,0.0,1636.969,1.689458044662304,13,B0030,G3,43,4,0.9483053642727984,1.7043172507739648,0.011195344133586638,-0.007159271642848708,0.0920968302886076,27,1.247088412465638,True,40
32,43,"10 Apr 2009, 22:03:26.62",3.456324781338571,0.0007633648614528,60.52016384566531,0.0006,0.0,1625.187,1.6756136292719177,14,B0030,G3,43,4,0.9405343909589577,1.6971875492754633,0.015990983003722113,-0.007129701498501495,0.10594124567899388,26,1.247088412465638,True,40
34,43,"11 Apr 2009, 01:08:27.48",3.4532451032029297,-0.0020993260135871,60.64762871074443,0.0004,0.0,1622.016,1.6718407140871654,15,B0030,G3,43,4,0.9384166256081395,1.691747324238671,0.019454366926999308,-0.005440225036792379,0.10971416086374619,25,1.247088412465638,True,40
38,43,"13 Apr 2009, 09:51:27.48",3.274074054647872,-0.0024903702166418,61.730384883818985,0.0006,0.001,1638.422,1.7233056681204446,16,B0030,G3,43,4,0.9673042870306917,1.6926930570721006,0.021127676588606432,0.0009457328334293802,0.05824920683046697,24,1.247088412465638,True,40
40,43,"13 Apr 2009, 12:55:24.47",3.381954262783334,-0.0005953944508119,61.18461175835259,0.0006,0.0,1646.438,1.709207290507283,17,B0030,G3,43,4,0.9593907628325947,1.6938850693298229,0.022021238397683673,0.0011920122577226077,0.07234758444362854,23,1.247088412465638,True,40
42,43,"13 Apr 2009, 15:59:56.88",3.434559461918513,5.022575499415978e-05,60.67607294111054,0.0006,0.0,1634.765,1.684001734344571,18,B0030,G3,43,4,0.9452426967151216,1.6927938072662763,0.02242692166146343,-0.0010912620635465942,0.09755314060634057,22,1.247088412465638,True,40
44,43,"13 Apr 2009, 19:04:39.47",3.450201803622341,0.0012011416906636,60.63256580721473,0.0006,0.0,1622.016,1.66898698813004,19,B0030,G3,43,4,0.9368148080064201,1.6914684790379009,0.023846859896748698,-0.0013253282283755218,0.11256788682087149,21,1.247088412465638,True,40
46,43,"13 Apr 2009, 22:09:45.53",3.449859438528198,-0.0021624612496117,60.87275039695327,0.0006,0.0,1616.25,1.6620689362837142,20,B0030,G3,43,4,0.9329316540583743,1.6895141234772104,0.026147071234875266,-0.001954355560690235,0.11948593866719737,20,1.247088412465638,True,40
50,43,"14 Apr 2009, 10:33:23.94",3.4443893363606555,-0.0020551714610438,60.65278584813653,0.0006,0.0,1622.218,1.6687049625248174,21,B0030,G3,43,4,0.9366565049369003,1.678593982358085,0.01890491084682364,-0.010920141119125449,0.11284991242609421,19,1.247088412465638,True,40
52,43,"14 Apr 2009, 13:36:17.44",3.4801395225885603,0.0010776037840459,60.19473881257438,0.0006,0.0,1619.656,1.652762183550463,22,B0030,G3,43,4,0.9277077045387123,1.667304960966721,0.011428908417164358,-0.01128902139136403,0.1287926914004487,18,1.247088412465638,True,40
54,43,"14 Apr 2009, 16:39:25.03",3.492546921315259,0.0007478351109079,60.214950629437766,0.0006,0.0,1605.484,1.648481366235244,23,B0030,G3,43,4,0.9253048499450042,1.6602008873448557,0.009296315905923324,-0.007104073621865404,0.1330735087156676,17,1.247088412465638,True,40
56,43,"14 Apr 2009, 19:42:47.23",3.4934497198763443,0.0003574563452803,60.41816918998191,0.0006,0.0,1600.75,1.6307406443132095,24,B0030,G3,43,4,0.915346850799722,1.6525516185814895,0.014524459947757619,-0.007649268763366112,0.15081423063770205,16,1.247088412465638,True,40
58,43,"14 Apr 2009, 22:45:53.78",3.501240975584903,-0.002939152441859,60.25867105965887,0.0006,0.0,1595.0,1.62323023017929,25,B0030,G3,43,4,0.9111311994944955,1.6447838773606047,0.018106043261232052,-0.007767741220884838,0.15832464477162156,15,1.247088412465638,True,40
62,43,"15 Apr 2009, 14:58:30.25",3.474768534568747,0.0004862633145462,60.205576568768805,0.0006,0.0,1612.422,1.654190654039439,26,B0030,G3,43,4,0.9285095156471216,1.6418810156635293,0.014012952153281412,-0.0029028616970756538,0.12736422091147248,14,1.247088412465638,True,40
64,43,"15 Apr 2009, 18:01:43.84",3.4994373212819463,-0.0020495564985561,60.109290625847294,0.0006,0.0,1598.969,1.638514396616985,27,B0030,G3,43,4,0.9197103157780263,1.6390314582768333,0.012627210053305136,-0.002849557386695567,0.14304047833392652,13,1.247088412465638,True,40
66,43,"15 Apr 2009, 21:02:58.33",3.498168539355966,0.0003230621505563,60.30825838911061,0.0006,0.0,1592.187,1.618847673357618,28,B0030,G3,43,4,0.9086712377592204,1.6331047197013084,0.013966379250281425,-0.005926738575525193,0.16270720159329355,12,1.247088412465638,True,40
68,43,"16 Apr 2009, 00:05:00.81",3.511127307152203,-0.0010356581600535,60.21840830383354,0.0006,0.0,1577.484,1.6134212267751404,29,B0030,G3,43,4,0.9056253329382269,1.6296408361936945,0.016598927631123105,-0.0034638835076138187,0.16813364817577114,11,1.247088412465638,True,40
70,43,"16 Apr 2009, 03:06:43.06",3.517770954625824,0.0002020457967086,59.93938660381843,0.0006,0.0,1571.547,1.6066443601761986,30,B0030,G3,43,4,0.9018214273194742,1.6263236621930761,0.01958839846064821,-0.0033171740006182836,0.17491051477471298,10,1.247088412465638,True,40
74,43,"16 Apr 2009, 10:13:36.39",3.510455101791246,-0.0035181294562653,60.19971004402888,0.0006,0.0,1578.484,1.6138387876938998,31,B0030,G3,43,4,0.9058597129871551,1.6182532889239685,0.012129196698398568,-0.008070373269107867,0.16771608725701181,9,1.247088412465638,True,40
76,43,"16 Apr 2009, 13:14:46.30",3.513762271078856,-0.0025314391017296,60.479723524355855,0.0006,0.0,1574.469,1.596329501327274,32,B0030,G3,43,4,0.8960316203402148,1.609816309866026,0.008699088310132466,-0.008436979057942207,0.18522537362363756,8,1.247088412465638,True,40
78,43,"16 Apr 2009, 16:16:19.73",3.519864196505968,-0.0006454735004999,60.5591850472308,0.0006,0.0,1568.281,1.589078586740699,33,B0030,G3,43,4,0.8919616280607039,1.6038624925426421,0.01088513298051842,-0.005953817323383825,0.19247628821021268,7,1.247088412465638,True,40
80,43,"16 Apr 2009, 19:17:26.53",3.5245738774688795,-0.0016406764535419,60.56872257404891,0.0006,0.0,1561.422,1.5805481432309574,34,B0030,G3,43,4,0.8871734266812901,1.5972878758338058,0.013322969257765402,-0.006574616708836611,0.2010067317199542,6,1.247088412465638,True,40
82,43,"16 Apr 2009, 22:17:17.75",3.5317101208537345,-0.0004863640898333,60.42529793629052,0.0006,0.0,1554.234,1.584613105427081,35,B0030,G3,43,4,0.8894551201914243,1.592881624883982,0.01309615218130013,-0.004406250949823542,0.1969417695238307,5,1.247088412465638,True,40
86,43,"17 Apr 2009, 09:45:34.06",3.5089560246425955,-0.0022131368278453,60.42695803386011,0.0006,0.0,1573.734,1.5936651221220737,36,B0030,G3,43,4,0.8945360844784447,1.588846891769617,0.006443070816447193,-0.004034733114365219,0.1878897528288379,4,1.247088412465638,True,40
88,43,"17 Apr 2009, 12:46:29.12",3.5394757845164624,-0.0031642392155578,59.76132652907446,0.0006,0.0,1566.578,1.5849874126960888,37,B0030,G3,43,4,0.8896652216450874,1.58657847404338,0.004980717423377354,-0.002268417726237049,0.1965674622548228,3,1.247088412465638,True,40
90,43,"17 Apr 2009, 15:46:53.88",3.528338300575132,-0.0016649686368416,60.35263285479335,0.0006,0.0,1550.047,1.5787064969416462,38,B0030,G3,43,4,0.8861396969235346,1.5845040560835693,0.0057756297240459985,-0.0020744179598105373,0.20284837800926536,2,1.247088412465638,True,40
92,43,"17 Apr 2009, 18:47:33.94",3.5333028015819727,-0.0004025801269542,60.19303455672996,0.0006,0.0,1543.64,1.570705516096967,39,B0030,G3,43,4,0.8816486868754159,1.5825355306567712,0.008497155293417038,-0.0019685254267980843,0.21084935885394462,1,1.247088412465638,True,40
94,43,"17 Apr 2009, 21:46:23.80",3.5360286685644247,-0.0051538193572977,60.35484861106313,0.0006,0.0,1536.781,1.562780404428482,40,B0030,G3,43,4,0.877200262760103,1.5781689904570517,0.0120355922279747,-0.004366540199719759,0.2187744705224295,0,1.247088412465638,True,40
2,43,"07 Apr 2009, 16:31:01.89",3.2260667040672133,0.0010100716665803,60.298901311589,0.0004,0.0,1572.359,1.6666751942525773,1,B0031,G3,43,4,0.9093311452425187,1.6666751942525773,0.0,0.0,0.16618316870173988,39,1.283000854068022,True,40
4,43,"07 Apr 2009, 19:44:26.58",3.2261377348262275,0.0007942795898248,61.299177671050806,0.0004,0.001,1723.281,1.8328583629543171,2,B0031,G3,43,4,1.0,1.7497667786034472,0.1175092455080683,0.0,0.0,38,1.283000854068022,True,40
6,43,"07 Apr 2009, 22:58:18.00",3.190910276438791,0.0004243191714293,61.653714109712645,0.0004,0.001,1705.906,1.8139835002945135,3,B0031,G3,43,4,0.9897019524032507,1.7711723525004694,0.09098795069414607,0.0,0.01887486265980365,37,1.283000854068022,True,40
8,43,"08 Apr 2009, 02:11:30.22",3.212067220651373,-0.0015200618830992,61.622465458281305,0.0006,0.001,1697.688,1.8044387333514835,4,B0031,G3,43,4,0.9844943667349041,1.7794889477132227,0.07613059703394395,0.0,0.028419629602833618,36,1.283000854068022,True,40
10,43,"08 Apr 2009, 05:23:26.34",3.1339299674766687,-0.0008320210389836,61.86915639494988,0.0006,0.002,1686.094,1.802147684291295,5,B0031,G3,43,4,0.983244379771102,1.7840206950288373,0.0667052061103289,0.0,0.03071067866302224,35,1.283000854068022,True,40
14,43,"09 Apr 2009, 10:24:58.30",3.1920222896980537,-2.7845975358335603e-05,61.52724802804828,0.0006,0.002,1678.563,1.7715647509798835,6,B0031,G3,43,4,0.9665584568817218,1.8049986063742984,0.022266332525334914,0.020977911345461252,0.061293611974433615,34,1.283000854068022,True,40
16,43,"09 Apr 2009, 13:33:59.84",3.0684086441531115,-0.0002847082358759,61.84294867967338,0.0006,0.002,1677.469,1.8139928165779544,7,B0031,G3,43,4,0.9897070353292581,1.801225497099026,0.017440658452227822,-0.003773109275272546,0.01886554637636273,33,1.283000854068022,True,40
18,43,"09 Apr 2009, 16:42:43.42",3.076588838860329,0.0001538856917936,61.8379476525885,0.0006,0.001,1666.093,1.8013261041198854,8,B0031,G3,43,4,0.9827961290016943,1.7986940178641002,0.015983646405321152,-0.0025314792349256264,0.03153225883443178,32,1.283000854068022,True,40
20,43,"09 Apr 2009, 19:50:50.06",2.359674470455269,-3.972490054354634,61.84646585876763,3.997,0.438,1654.328,1.7883722583933568,9,B0031,G3,43,4,0.9757285639413757,1.795480722872475,0.016154089642148116,-0.0032132949916253485,0.04448610456096036,31,1.283000854068022,True,40
22,43,"09 Apr 2009, 22:58:17.88",2.4195090802038206,-3.9716997358322224,61.76013798618494,3.997,0.496,1643.812,1.776540165737316,10,B0031,G3,43,4,0.9692730227521652,1.790359219161679,0.01751403563858108,-0.00512150371079576,0.05631819721700104,30,1.283000854068022,True,40
26,43,"10 Apr 2009, 12:49:04.72",2.3489668209281325,-3.971624623463087,61.91960614794014,3.997,0.428,1652.266,1.7856209131823229,11,B0031,G3,43,4,0.9742274412869231,1.7931704516021671,0.014634464010881653,0.0028112324404878652,0.04723744977199429,29,1.283000854068022,True,40
28,43,"10 Apr 2009, 15:54:20.09",2.399709439291441,-3.976269369125786,61.86471031425517,3.997,0.482,1648.672,1.781363403668594,12,B0031,G3,43,4,0.9719045615708568,1.7866445690202952,0.00934839462022851,-0.0065258825818721,0.05149495928572323,28,1.283000854068022,True,40
30,43,"10 Apr 2009, 18:59:06.62",2.4168059304515817,-3.973154806839999,61.77393480386064,3.997,0.498,1636.969,1.768489838397124,13,B0031,G3,43,4,0.9648807971973132,1.7800773158757426,0.00787357335804921,-0.006567253144552287,0.06436852455719322,27,1.283000854068022,True,40
32,43,"10 Apr 2009, 22:03:26.62",2.471072287476068,-3.974568606515369,61.64539051089847,3.997,0.549,1625.187,1.766505238291406,14,B0031,G3,43,4,0.9637980075252738,1.7757039118553526,0.008181297798259976,-0.0043734040203901705,0.06635312466291121,26,1.283000854068022,True,40
34,43,"11 Apr 2009, 01:08:27.48",2.404447263605832,-3.9747355384381247,61.88870329111738,3.997,0.48,1622.016,1.751740527921767,15,B0031,G3,43,4,0.9557424421482306,1.7707439842922426,0.013400322538022275,-0.004959927563109812,0.0811178350325501,25,1.283000854068022,True,40
38,43,"13 Apr 2009, 09:51:27.48",3.1887992024115723,-0.001688550274988,61.738130590534674,0.0004,0.002,1638.422,1.7352349314055016,16,B0031,G3,43,4,0.9467370564349228,1.7606667879368785,0.017678341044072732,-0.010077196355364259,0.09762343154881559,24,1.283000854068022,True,40
40,43,"13 Apr 2009, 12:55:24.47",2.386904670931757,-3.973820724766586,61.73655452780071,3.997,0.465,1646.438,1.7782778274549178,17,B0031,G3,43,4,0.9702210838531882,1.7600496726941433,0.016807659134511852,-0.0006171152427352222,0.05458053549939934,23,1.283000854068022,True,40
42,43,"13 Apr 2009, 15:59:56.88",2.365034266156857,-3.972930814008442,61.82230520583519,3.997,0.44,1634.765,1.7649894859707391,18,B0031,G3,43,4,0.9629710192804082,1.7593496022088666,0.01643703506581891,-0.0007000704852769601,0.06786887698357802,22,1.283000854068022,True,40
44,43,"13 Apr 2009, 19:04:39.47",2.4186775515647607,-3.9721793976112862,61.70265737807168,3.997,0.492,1622.016,1.762591283533551,19,B0031,G3,43,4,0.9616625698739181,1.7585668112572954,0.016100823338540828,-0.0007827909515709663,0.07026707942076604,21,1.283000854068022,True,40
46,43,"13 Apr 2009, 22:09:45.53",2.360775838409723,-3.969977814193208,61.83339482415222,3.997,0.437,1616.25,1.744314576121582,20,B0031,G3,43,4,0.9516908733253044,1.7570816208972584,0.017193350159833795,-0.0014851903600370253,0.08854378683273523,20,1.283000854068022,True,40
50,43,"14 Apr 2009, 10:33:23.94",2.4505597087782616,-3.975108097772886,61.71886225058171,3.997,0.522,1622.218,1.7628373753518478,21,B0031,G3,43,4,0.9617968365599155,1.7626021096865272,0.012102861687475663,0.005520488789269251,0.07002098760246933,19,1.283000854068022,True,40
52,43,"14 Apr 2009, 13:36:17.44",2.3428829070219703,-3.97537182359878,61.9456150656118,3.997,0.414,1619.656,1.747857930947971,22,B0031,G3,43,4,0.9536241131751516,1.7565181303851383,0.009650203398456096,-0.006083979301389375,0.08500043200634622,18,1.283000854068022,True,40
54,43,"14 Apr 2009, 16:39:25.03",2.411955819284382,-3.970815076227242,61.68681561807962,3.997,0.488,1605.484,1.7441167338864991,23,B0031,G3,43,4,0.9515829314138717,1.75234357996829,0.009583868168321241,-0.004174550416848,0.08874162906781802,17,1.283000854068022,True,40
56,43,"14 Apr 2009, 19:42:47.23",2.3413222526109294,-3.972179423716818,61.72142337926525,3.997,0.419,1600.75,1.7268422932817389,24,B0031,G3,43,4,0.9421580675215433,1.7451937819179277,0.012817022370410835,-0.007149798050362444,0.10601606967257826,16,1.283000854068022,True,40
58,43,"14 Apr 2009, 22:45:53.78",2.328244465576847,-3.971954521752017,61.922368397426354,3.997,0.41,1595.0,1.7203093493042263,25,B0031,G3,43,4,0.9385937201013845,1.7403927365544565,0.017031706098754713,-0.004801045363471123,0.11254901365009085,15,1.283000854068022,True,40
62,43,"15 Apr 2009, 14:58:30.25",2.318164845471509,-3.970506699204227,61.87504931919781,3.997,0.397,1612.422,1.7394245516699778,26,B0031,G3,43,4,0.949022896055243,1.7357101718180825,0.011703199981318633,-0.004682564736374006,0.09343381128433936,14,1.283000854068022,True,40
64,43,"15 Apr 2009, 18:01:43.84",2.4548236850102603,-3.975132218671333,61.49120341342234,3.997,0.528,1598.969,1.7367384416372014,27,B0031,G3,43,4,0.9475573654462948,1.7334862739559287,0.009703352998417744,-0.002223897862153912,0.09611992131711578,13,1.283000854068022,True,40
66,43,"15 Apr 2009, 21:02:58.33",2.3584309858697914,-3.971192121686157,61.70751319442212,3.997,0.435,1592.187,1.716963468448543,28,B0031,G3,43,4,0.9367682212394376,1.7280556208683375,0.009863527466862636,-0.005430653087591208,0.11589489450577406,12,1.283000854068022,True,40
68,43,"16 Apr 2009, 00:05:00.81",2.4660401403368404,-3.976290350032149,61.49432037699378,3.997,0.543,1577.484,1.7127773558366357,29,B0031,G3,43,4,0.934484295379962,1.7252426333793167,0.012057626443850774,-0.002812987489020635,0.12008100711768144,11,1.283000854068022,True,40
70,43,"16 Apr 2009, 03:06:43.06",2.442554361335084,-3.9721932129569018,61.505904797603456,3.997,0.52,1571.547,1.7061083466554066,30,B0031,G3,43,4,0.9308457113431248,1.7224024328495529,0.014857618948360305,-0.0028402005297639477,0.12675001629891058,10,1.283000854068022,True,40
74,43,"16 Apr 2009, 10:13:36.39",2.455972935605985,-3.9773601813298223,61.58650298757853,3.997,0.532,1578.484,1.713732696207521,31,B0031,G3,43,4,0.9350055251651951,1.7172640617570614,0.011580078585047024,-0.005138371092491356,0.11912566674679614,9,1.283000854068022,True,40
76,43,"16 Apr 2009, 13:14:46.30",2.3451886335989784,-3.9729221643372505,61.66803036509911,3.997,0.428,1574.469,1.7093475797926974,32,B0031,G3,43,4,0.9326130236476444,1.7117858893881608,0.004176129565836145,-0.005478172368900802,0.12351078316161979,8,1.283000854068022,True,40
78,43,"16 Apr 2009, 16:16:19.73",2.3048157078228537,-3.974630494287267,61.83745125268187,3.997,0.388,1568.281,1.690100045411559,33,B0031,G3,43,4,0.9221116478893375,1.7064132047807639,0.009603385304162278,-0.0053726846073968385,0.14275831754275825,7,1.283000854068022,True,40
80,43,"16 Apr 2009, 19:17:26.53",2.327904771892418,-3.974486780922736,61.7791359328034,3.997,0.41,1561.422,1.6946883343387664,34,B0031,G3,43,4,0.9246149994957387,1.70279540048119,0.010005344392753138,-0.0036178042995738567,0.13817002861555072,6,1.283000854068022,True,40
82,43,"16 Apr 2009, 22:17:17.75",2.3672431402232186,-3.9722445121478014,61.63755727730526,3.997,0.45,1554.234,1.687010991299212,35,B0031,G3,43,4,0.9204262726444289,1.6989759294099511,0.01189178109264002,-0.0038194710712389224,0.1458473716551052,5,1.283000854068022,True,40
86,43,"17 Apr 2009, 09:45:34.06",2.32931910043758,-3.972417300957448,61.76541153453152,3.997,0.41,1573.734,1.6957069027070075,36,B0031,G3,43,4,0.9251707262168146,1.6953707707098484,0.00856732678878219,-0.0036051587001026952,0.13715146024730962,4,1.283000854068022,True,40
88,43,"17 Apr 2009, 12:46:29.12",2.313616978242905,-3.971873201593042,61.71412204720752,3.997,0.397,1566.578,1.687696889615565,37,B0031,G3,43,4,0.9208004959506136,1.6910406326744218,0.003980676296331043,-0.004330138035426456,0.14516147333875207,3,1.283000854068022,True,40
90,43,"17 Apr 2009, 15:46:53.88",2.464103908062826,-3.973881064387811,61.46370523914892,3.997,0.529,1550.047,1.6819617127259294,38,B0031,G3,43,4,0.9176714069792262,1.689412966137296,0.005737567567278956,-0.0016276665371258935,0.15089665022838772,2,1.283000854068022,True,40
92,43,"17 Apr 2009, 18:47:33.94",2.450218643464606,-3.977415719646514,61.45868723262231,3.997,0.516,1543.64,1.6750033888978846,39,B0031,G3,43,4,0.9138749740585563,1.6854759770491199,0.007648295847960959,-0.003936989088176368,0.15785497405643256,1,1.283000854068022,True,40
94,43,"17 Apr 2009, 21:46:23.80",2.4650879684691613,-3.976451692607174,61.44540062417477,3.997,0.528,1536.781,1.6672987794846676,40,B0031,G3,43,4,0.909671370785689,1.6815335346862106,0.01100370052682948,-0.00394244236290886,0.1655595834696495,0,1.283000854068022,True,40
2,43,"07 Apr 2009, 16:31:01.89",3.2505285064740668,-0.0014938301288475,59.2439529735591,0.0004,0.0,1572.359,1.704864107351214,1,B0032,G3,43,4,0.9001242586881959,1.704864107351214,0.0,0.0,0.18916784534364273,39,1.3258223668863998,True,40
4,43,"07 Apr 2009, 19:44:26.58",2.6672646952717707,-3.989905344820086,60.121290886265,4.001,0.588,1723.281,1.8940319526948568,2,B0032,G3,43,4,1.0,1.7994480300230355,0.13376186622493777,0.0,0.0,38,1.3258223668863998,True,40
6,43,"07 Apr 2009, 22:58:18.00",2.653980741191812,-3.990463696971729,60.28987126771494,4.001,0.581,1705.906,1.8747686491853093,3,B0032,G3,43,4,0.9898294727910268,1.8245549030771269,0.10410179466105197,0.0,0.019263303509547525,37,1.3258223668863998,True,40
8,43,"08 Apr 2009, 02:11:30.22",2.614778884516638,-3.987112403193844,60.57061862772471,4.001,0.539,1697.688,1.8654947184112376,4,B0032,G3,43,4,0.9849330766342057,1.8347898569106544,0.08742886377506566,0.0,0.028537234283619206,36,1.3258223668863998,True,40
10,43,"08 Apr 2009, 05:23:26.34",2.611753951946988,-3.989181042605176,60.44487262242978,4.001,0.544,1686.094,1.8527398169018068,5,B0032,G3,43,4,0.9781988177473464,1.838379848908885,0.07613996899451715,0.0,0.04129213579305002,35,1.3258223668863998,True,40
14,43,"09 Apr 2009, 10:24:58.30",2.6899647104301128,-3.990456641361005,60.80514996345169,4.001,0.616,1678.563,1.844174397003866,6,B0032,G3,43,4,0.9736764970516718,1.8662419068394154,0.019460419427990247,0.02786205793053038,0.04985755569099082,34,1.3258223668863998,True,40
16,43,"09 Apr 2009, 13:33:59.84",2.6352220172441965,-3.987533153152042,60.79131486140098,4.001,0.574,1677.469,1.8430238477512757,7,B0032,G3,43,4,0.9730690367335113,1.856040285850699,0.0137954518088295,-0.01020162098871622,0.0510081049435811,33,1.3258223668863998,True,40
18,43,"09 Apr 2009, 16:42:43.42",2.616116680441599,-3.986184742982623,60.82453443905106,4.001,0.556,1666.093,1.8302818174911863,8,B0032,G3,43,4,0.966341573534192,1.8471429195118745,0.013021035122423726,-0.008897366338824587,0.06375013520367045,32,1.3258223668863998,True,40
20,43,"09 Apr 2009, 19:50:50.06",2.637757551280405,-3.991174883415285,60.93844327722512,4.001,0.577,1654.328,1.8173838456081812,9,B0032,G3,43,4,0.9595317771816787,1.8375207449512634,0.01382092763733706,-0.009622174560611273,0.07664810708667558,31,1.3258223668863998,True,40
22,43,"09 Apr 2009, 22:58:17.88",2.6425811435343314,-3.992236141862011,61.056928797496845,4.001,0.581,1643.812,1.805799298110468,10,B0032,G3,43,4,0.9534154350147842,1.8281326411929957,0.016568190462325803,-0.009388103758267752,0.08823265458438878,30,1.3258223668863998,True,40
26,43,"10 Apr 2009, 12:49:04.72",2.6868552360676885,-3.992885609722858,61.26264235870029,4.001,0.616,1652.266,1.8149829605049184,11,B0032,G3,43,4,0.9582641717963277,1.8222943538932057,0.014518676941374502,-0.005838287299789524,0.07904899218993844,29,1.3258223668863998,True,40
28,43,"10 Apr 2009, 15:54:20.09",3.2661019116261025,-0.0007372159571872,61.30909593373104,0.0004,0.002,1648.672,1.7995150369321795,12,B0032,G3,43,4,0.9500975072631709,1.8135925917293867,0.011765946225578219,-0.008701762163819238,0.09451691576267729,28,1.3258223668863998,True,40
30,43,"10 Apr 2009, 18:59:06.62",3.262190570924121,-0.0007958531547423,61.30545349817428,0.0004,0.002,1636.969,1.7866516942518147,13,B0032,G3,43,4,0.9433059942361268,1.8048665670815123,0.01245305315901482,-0.008726024647874331,0.10738025844304211,27,1.3258223668863998,True,40
32,43,"10 Apr 2009, 22:03:26.62",3.2713115762151967,-0.0037050217710093,61.48218876912336,0.0004,0.002,1625.187,1.7735550719416031,14,B0032,G3,43,4,0.9363913155837538,1.7961008123481967,0.016277663513878157,-0.008765754733315622,0.12047688075325369,26,1.3258223668863998,True,40
34,43,"11 Apr 2009, 01:08:27.48",3.2615739067935388,0.0005784818394443,61.55806089309812,0.0004,0.002,1622.016,1.769995333364443,15,B0032,G3,43,4,0.934511865465663,1.7889400193989917,0.0186473855169264,-0.007160792949205019,0.12403661933041388,25,1.3258223668863998,True,40
38,43,"13 Apr 2009, 09:51:27.48",2.6512994484308834,-3.9893792992512274,61.75555924618304,4.001,0.582,1638.422,1.799526080374287,16,B0032,G3,43,4,0.9501033379156537,1.7858486433728653,0.013936882930903905,-0.0030913760261262802,0.09450587232056984,24,1.3258223668863998,True,40
40,43,"13 Apr 2009, 12:55:24.47",3.243773736993998,-0.0021656368828754,61.788148736083365,0.0004,0.002,1646.438,1.7968530684449833,17,B0032,G3,43,4,0.9486920565877435,1.7853162496754262,0.013321567722337667,-0.0005323936974392484,0.09717888424987353,23,1.3258223668863998,True,40
42,43,"13 Apr 2009, 15:59:56.88",3.248116311605556,-0.0037582295619379,62.026796878552666,0.0006,0.002,1634.765,1.7838265504081745,18,B0032,G3,43,4,0.9418143911828518,1.784751220906698,0.013310674010602458,-0.0005650287687280376,0.1102054022866823,22,1.3258223668863998,True,40
44,43,"13 Apr 2009, 19:04:39.47",3.233936782683162,0.0018785106032199,62.05922080379437,0.0004,0.002,1622.016,1.7696444491040102,19,B0032,G3,43,4,0.9343266076298944,1.7839690963391797,0.014217052955169923,-0.0007821245675185828,0.1243875035908466,21,1.3258223668863998,True,40
46,43,"13 Apr 2009, 22:09:45.53",3.370046246482991,0.0009533628343327,61.64550283999622,0.0004,0.002,1616.25,1.7512940457049684,20,B0032,G3,43,4,0.9246380681240363,1.7802288388072847,0.020068281124514073,-0.003740257531894908,0.14273790698988842,20,1.3258223668863998,True,40
50,43,"14 Apr 2009, 10:33:23.94",3.2711060176079623,-0.000881891989505,62.13034562682843,0.0004,0.002,1622.218,1.7697554297961993,21,B0032,G3,43,4,0.9343852025717755,1.7742747086916673,0.017109895281823568,-0.00595413011561754,0.12427652289865754,19,1.3258223668863998,True,40
52,43,"14 Apr 2009, 13:36:17.44",3.341668001410156,0.0002794086737932,62.20222370977498,0.0004,0.002,1619.656,1.7547726933914918,22,B0032,G3,43,4,0.9264747043442298,1.7658586336809687,0.01310904978354199,-0.008416075010698298,0.13925925930336502,18,1.3258223668863998,True,40
54,43,"14 Apr 2009, 16:39:25.03",3.3575800033203334,-0.0015153236480604,62.03180738733935,0.0004,0.002,1605.484,1.7389166355812984,23,B0032,G3,43,4,0.9181031149485847,1.7568766507155935,0.013105665616871367,-0.008981982965375224,0.15511531711355842,17,1.3258223668863998,True,40
56,43,"14 Apr 2009, 19:42:47.23",3.3424185942990423,-0.0020759879446723,61.96921771562387,0.0004,0.002,1600.75,1.7337200518764075,24,B0032,G3,43,4,0.915359452837976,1.7496917712700728,0.014160974683292835,-0.007184879445520531,0.16031190081844926,16,1.3258223668863998,True,40
58,43,"14 Apr 2009, 22:45:53.78",3.417264130427884,-0.0017898526722466,61.65924463840257,0.0004,0.002,1595.0,1.7150972597500092,25,B0032,G3,43,4,0.9055270991124217,1.7424524140790811,0.020822489627664465,-0.0072393571909918466,0.17893469294484765,15,1.3258223668863998,True,40
62,43,"15 Apr 2009, 14:58:30.25",3.3493351406479275,-0.0029480691534742,62.33740245716058,0.0004,0.002,1612.422,1.7462926148815636,26,B0032,G3,43,4,0.9219974416993929,1.737759851096154,0.014945702019203602,-0.0046925629829271285,0.14773933781329318,14,1.3258223668863998,True,40
64,43,"15 Apr 2009, 18:01:43.84",3.430927872366103,-0.001970916860085,61.635537077555966,0.0004,0.002,1598.969,1.719149261914565,27,B0032,G3,43,4,0.9076664517029577,1.7306351648007687,0.013196661396627413,-0.007124686295385363,0.17488269078029184,13,1.3258223668863998,True,40
66,43,"15 Apr 2009, 21:02:58.33",3.420008585846164,-0.0035269261453412,61.78998984690891,0.0004,0.002,1592.187,1.711582246191498,28,B0032,G3,43,4,0.903671262650154,1.7251682869228087,0.01450521172414471,-0.005466877877960075,0.1824497065033588,12,1.3258223668863998,True,40
68,43,"16 Apr 2009, 00:05:00.81",3.411908994388453,-0.0011944097810903,61.73688397506812,0.0004,0.002,1577.484,1.69510511952259,29,B0032,G3,43,4,0.8949717649223231,1.7174453004520451,0.01853404582668814,-0.0077229864707635265,0.1989268331722669,11,1.3258223668863998,True,40
70,43,"16 Apr 2009, 03:06:43.06",3.3408236307147847,-0.0051272738465925,62.42543508482999,0.0004,0.002,1571.547,1.7005124371100973,30,B0032,G3,43,4,0.8978266890854628,1.7145283359240626,0.020079271490483996,-0.00291696452798238,0.19351951558475955,10,1.3258223668863998,True,40
74,43,"16 Apr 2009, 10:13:36.39",3.3589122104028566,-0.0032373450998049,62.30704662675053,0.0004,0.002,1578.484,1.7080989351250158,31,B0032,G3,43,4,0.9018321642856696,1.7068895999727534,0.009398469511441939,-0.007638735951309572,0.18593301756984104,9,1.3258223668863998,True,40
76,43,"16 Apr 2009, 13:14:46.30",3.426145804697182,-0.000863194062759,61.8450404936678,0.0004,0.002,1574.469,1.691435430587127,32,B0032,G3,43,4,0.8930342638520579,1.7013468337072655,0.008488899630297073,-0.005542766265487576,0.20259652210772972,8,1.3258223668863998,True,40
78,43,"16 Apr 2009, 16:16:19.73",3.41629497343454,-0.0022897893046415,61.89227239550515,0.0004,0.002,1568.281,1.6844494328889932,33,B0032,G3,43,4,0.8893458373246204,1.6959202710467647,0.008968921923541437,-0.005426562660500967,0.20958251980586362,7,1.3258223668863998,True,40
80,43,"16 Apr 2009, 19:17:26.53",3.4644317504208755,-0.0033500877582569,61.3579908957577,0.0004,0.002,1561.422,1.664037581688075,34,B0032,G3,43,4,0.8785689065701651,1.6897067634798617,0.01691574170113379,-0.006213507566902976,0.22999437100678177,6,1.3258223668863998,True,40
82,43,"16 Apr 2009, 22:17:17.75",3.410759984120558,-0.0046250148508471,61.9860043375609,0.0004,0.002,1554.234,1.6686372014231974,35,B0032,G3,43,4,0.8809973871079818,1.6833317163424817,0.01780819335190496,-0.006375047137379975,0.22539475127165942,5,1.3258223668863998,True,40
86,43,"17 Apr 2009, 09:45:34.06",3.402720338253019,-0.0025748646522335,62.12447949500408,0.0004,0.002,1573.734,1.6899344075625968,36,B0032,G3,43,4,0.8922417624254613,1.6796988108299977,0.012576937173338886,-0.003632905512483786,0.20409754513225997,4,1.3258223668863998,True,40
88,43,"17 Apr 2009, 12:46:29.12",3.455017706668503,-0.001752813389654,61.596910979803226,0.0004,0.002,1566.578,1.669431712846442,37,B0032,G3,43,4,0.8814168686389634,1.675298067281861,0.011219956923342454,-0.0044007435481370205,0.22460023984841482,3,1.3258223668863998,True,40
90,43,"17 Apr 2009, 15:46:53.88",3.4030066966677173,-0.0010781432331686,62.09278981101164,0.0006,0.002,1550.047,1.6634226761839213,38,B0032,G3,43,4,0.8782442523301567,1.6710927159408466,0.010867408329420533,-0.004205351341014385,0.23060927651093555,2,1.3258223668863998,True,40
92,43,"17 Apr 2009, 18:47:33.94",3.476214392039967,-0.0035913583615983,61.50241358452914,0.0004,0.002,1543.64,1.643615219594737,39,B0032,G3,43,4,0.867786426335721,1.6670082435221787,0.016539540249240654,-0.004084472418667584,0.2504167331001197,1,1.3258223668863998,True,40
94,43,"17 Apr 2009, 21:46:23.80",3.4481169561463685,-0.0018282133330169,61.65584902755229,0.0004,0.002,1536.781,1.6358000873538243,40,B0032,G3,43,4,0.8636602381635556,1.6604408207083043,0.02150503349293577,-0.0065674228138746125,0.2582318653410325,0,1.3258223668863998,True,40
5,24,"19 Jun 2009, 22:02:50.61",3.894438574944198,-0.0033371641671963,27.190007928365205,0.0004,0.0,3260.531,0.6895699007862814,1,B0033,G4,24,4,0.5216595290308834,0.6895699007862814,0.0,0.0,0.6323074203609709,190,0.9253141248030765,True,191
7,24,"20 Jun 2009, 01:59:39.75",3.7856150559017863,-0.0008095433388791,27.35229059997687,0.0006,0.0,3265.75,1.1610848192311252,2,B0033,G4,24,4,0.878360495831356,0.9253273600087033,0.3334113962629709,0.0,0.16079250191612715,189,0.9253141248030765,True,191
9,24,"20 Jun 2009, 05:55:38.98",3.771789225880074,-0.0014054161060007,27.29315588724995,0.0004,0.0,3264.109,1.2529393053824995,3,B0033,G4,24,4,0.9478484011625816,1.0345313417999689,0.30225503882683746,0.0,0.06893801576475278,188,0.9253141248030765,True,191
11,24,"20 Jun 2009, 09:50:35.16",3.7649006171476658,-0.0021329049746138,26.994601482390657,0.0004,0.0,3253.531,1.302918002447558,4,B0033,G4,24,4,0.9856572781782506,1.101628006961866,0.280915032647833,0.0,0.01895931869969436,187,0.9253141248030765,True,191
13,24,"20 Jun 2009, 13:47:19.16",3.7587123583317448,-0.0025222645825502,26.8896353239218,0.0006,0.0,3242.578,1.3218773211472523,5,B0033,G4,24,4,1.0,1.1456778697989434,0.2624631283732563,0.0,0.0,186,0.9253141248030765,True,191
17,24,"20 Jun 2009, 18:55:22.28",3.76499805749274,-0.0020381538215625,26.57127207097505,0.0004,0.0,3234.625,1.2884694418301417,6,B0033,G4,24,4,0.9747269441856253,1.2654577780077152,0.06357357276353479,0.11977990820877205,0.033407879317110645,185,0.9253141248030765,True,191
19,24,"20 Jun 2009, 22:51:49.98",3.560849362055559,-0.0017152658297963,28.033340571303984,0.0004,0.0,3235.36,1.713169326386719,7,B0033,G4,24,4,1.296012344700691,1.3758746794388341,0.19023594037114797,0.11041690143111875,-0.3912920052394666,184,0.9253141248030765,True,191
21,24,"21 Jun 2009, 02:48:20.08",3.6233254829454378,-0.0025057760117063,27.798893159039967,0.0004,0.0,3236.125,1.6560966776720512,8,B0033,G4,24,4,1.252836894300245,1.4565061538967443,0.20956081502080895,0.08063147445791033,-0.33421935652479884,183,0.9253141248030765,True,191
23,24,"21 Jun 2009, 06:44:49.84",3.651471221971837,-0.002746250447323,27.64397233381925,0.0004,0.0,3230.25,1.6197297341990775,9,B0033,G4,24,4,1.2253253068849992,1.5198685002470484,0.19914920474031367,0.06336234635030391,-0.2978524130518252,182,0.9253141248030765,True,191
25,24,"21 Jun 2009, 10:41:15.05",3.662058802753117,-0.0007438210558437,27.534166821572335,0.0004,0.0,3226.078,1.604655812282729,10,B0033,G4,24,4,1.2139218871612492,1.5764241984741436,0.16631090558494246,0.056555698227095344,-0.2827784911354767,181,0.9253141248030765,True,191
29,24,"21 Jun 2009, 15:49:05.80",3.660716090719738,-0.0023753134775801,27.776261473027382,0.0004,0.0,3224.5,1.6255699769029337,11,B0033,G4,24,4,1.229743449635786,1.643844305488702,0.04303278047061198,0.0674201070145584,-0.3036926557556814,180,0.9253141248030765,True,191
31,24,"21 Jun 2009, 19:45:24.47",3.6684969621830734,-0.0008326190143605,27.601987700074066,0.0004,0.0,3222.188,1.5900967306245992,12,B0033,G4,24,4,1.202907944017498,1.6192297863362781,0.02480298014283809,-0.024614519152423943,-0.2682194094773469,179,0.9253141248030765,True,191
33,24,"21 Jun 2009, 23:41:43.61",3.668983863678264,-0.0008802090907818,27.574235168750995,0.0004,0.0,3216.546000000002,1.5739402299623984,13,B0033,G4,24,4,1.1906855536309389,1.6027984967943474,0.021229644106704734,-0.01643128954193056,-0.25206290881514604,178,0.9253141248030765,True,191
35,24,"22 Jun 2009, 03:37:57.22",3.674631315977068,-0.0038935675440472,27.50837363324785,0.0004,0.0,3211.859,1.5711303351557309,14,B0033,G4,24,4,1.188559868620904,1.5930786169856783,0.022619772874791846,-0.00971987980866933,-0.24925301400847855,177,0.9253141248030765,True,191
37,24,"22 Jun 2009, 07:34:06.23",3.670072420010663,-0.0047613793585487,28.212687567058737,0.0006,0.0,3215.859,1.5897706153457416,15,B0033,G4,24,4,1.202661237856767,1.5901015775982807,0.02167495159142145,-0.0029770393873974842,-0.2678932941984893,176,0.9253141248030765,True,191
41,24,"22 Jun 2009, 12:41:48.36",3.664085135642289,-0.0006019264633233,28.97593094893021,0.0004,0.0,3225.125,1.6257378771074,16,B0033,G4,24,4,1.2298704661158937,1.590135157639174,0.021743659773227404,3.358004089326627e-05,-0.3038605559601477,175,0.9253141248030765,True,191
43,24,"22 Jun 2009, 16:38:13.28",3.658489054389466,-0.0017877557845525,29.7871470139562,0.0006,0.0,3234.343,1.6523506333962537,17,B0033,G4,24,4,1.2500030123538126,1.602585938193505,0.03530864351090017,0.012450780554330887,-0.33047331224900134,174,0.9253141248030765,True,191
45,24,"22 Jun 2009, 20:34:46.06",3.6736840489376936,-0.0034640001685576,28.21968886670245,0.0006,0.0,3218.25,1.6143816761595386,18,B0033,G4,24,4,1.2212795017607405,1.6106742274329329,0.031536732338329626,0.00808828923942806,-0.29250435501228633,173,0.9253141248030765,True,191
47,24,"23 Jun 2009, 00:31:03.38",3.67829176330782,-0.0033769315226439,27.705330602267736,0.0004,0.0,3203.5,1.58697453394504,19,B0033,G4,24,4,1.2005460026863242,1.6138430671907948,0.027046304157185116,0.003168839757861841,-0.26509721279778775,172,0.9253141248030765,True,191
49,24,"23 Jun 2009, 04:27:04.48",3.6788173399565394,-0.0025664071556752,27.541059661587035,0.0004,0.0,3194.39,1.5818355572787333,20,B0033,G4,24,4,1.1966583675903177,1.612256055577393,0.028975916714941107,-0.0015870116134016677,-0.25995823613148095,171,0.9253141248030765,True,191
53,24,"26 Jun 2009, 15:29:34.97",3.5955983747892377,-0.0041991548625571,30.10336526053764,0.0002,0.0,3225.219,1.6919769406371152,21,B0033,G4,24,4,1.2799803079824796,1.6255038682833363,0.04651492312517733,0.013247812705943041,-0.3700996194898629,170,0.9253141248030765,True,191
57,24,"26 Jun 2009, 20:32:24.27",3.634572774561236,-0.0007662900631212,28.41063186473258,0.0004,0.0,3252.985,1.6879483800354476,22,B0033,G4,24,4,1.276932702476871,1.6326234176111751,0.05380446224788988,0.0071195493278387815,-0.36607105888819524,169,0.9253141248030765,True,191
59,24,"27 Jun 2009, 00:28:29.45",3.6513149000609406,-0.0051058476465896,27.73173539841066,0.0004,0.0,3245.25,1.6586223007531458,23,B0033,G4,24,4,1.254747527791485,1.6414715425298965,0.05369221277730479,0.008848124918721422,-0.33674497960589345,168,0.9253141248030765,True,191
61,24,"27 Jun 2009, 04:25:16.22",3.661855576234011,-0.0028798032548673,27.579653347529767,0.0004,0.0,3235.031,1.6420179032789863,24,B0033,G4,24,4,1.2421863035322258,1.6524802163966856,0.04459774354027665,0.011008673866789253,-0.320140582131734,167,0.9253141248030765,True,191
63,24,"27 Jun 2009, 08:21:51.23",3.67038522934228,-0.0011630133765098,27.646969632039813,0.0004,0.0,3228.141,1.6381810791118745,25,B0033,G4,24,4,1.2392837466112994,1.6637493207633138,0.02517274724084355,0.011269104366628247,-0.3163037579646222,166,0.9253141248030765,True,191
65,24,"27 Jun 2009, 12:18:20.50",3.665234892517982,-0.0021509649355257,28.025331504110845,0.0004,0.0,3217.875,1.6422892507912386,26,B0033,G4,24,4,1.2423915778855348,1.6538117827941385,0.020643592163357125,-0.009937537969175337,-0.32041192964398624,165,0.9253141248030765,True,191
69,24,"27 Jun 2009, 17:26:12.72",3.6660280245971744,-0.0029840298976633,28.365217072473307,0.0004,0.0,3220.219,1.651270876264092,27,B0033,G4,24,4,1.2491861762413476,1.6464762820398675,0.008317641910835895,-0.007335500754271118,-0.32939355511683965,164,0.9253141248030765,True,191
71,24,"27 Jun 2009, 21:22:21.78",3.669310338604157,-0.001791876654558,28.052635334415356,0.0004,0.0,3210.234,1.6326559297917211,28,B0033,G4,24,4,1.2351039719591719,1.6412830078475824,0.006807322331978808,-0.005193274192284924,-0.3107786086444688,163,0.9253141248030765,True,191
73,24,"28 Jun 2009, 01:18:34.66",3.6724246882953855,-0.0047764553761524,27.55514995151664,0.0004,0.0,3210.546,1.6260888111680731,29,B0033,G4,24,4,1.230135947681436,1.6380971894253995,0.00955163462019385,-0.0031858184221826404,-0.3042114900208208,162,0.9253141248030765,True,191
75,24,"28 Jun 2009, 05:14:48.25",3.6798433952200575,-0.004714110625908,27.3168682705255,0.0004,0.0,3200.969,1.6079292963823688,30,B0033,G4,24,4,1.216398277403574,1.6320468328794988,0.016522678030394644,-0.006050356545901137,-0.2860519752351165,161,0.9253141248030765,True,191
77,24,"28 Jun 2009, 09:10:46.12",3.6769709687993086,-0.0057187414277749,27.642345489209912,0.0004,0.0,3188.625,1.6125361114907395,31,B0033,G4,24,4,1.21988333235888,1.6260962050193988,0.01725330998655332,-0.005950627860099811,-0.2906587903434872,160,0.9253141248030765,True,191
81,24,"28 Jun 2009, 14:18:12.91",3.6771182482905846,-0.0039721985249669,28.0771950467432,0.0004,0.0,3191.735,1.6218384168987892,32,B0033,G4,24,4,1.2269205250387394,1.6202097131463382,0.010022693955618556,-0.005886491873060562,-0.29996109575153684,159,0.9253141248030765,True,191
83,24,"28 Jun 2009, 18:13:23.98",3.68041989192634,-0.0024752621801761,27.828571236360112,0.0004,0.0,3190.313,1.6145443029101134,33,B0033,G4,24,4,1.221402528873751,1.6165873877700168,0.007304107324190305,-0.0036223253763215447,-0.2926669817628611,158,0.9253141248030765,True,191
85,24,"28 Jun 2009, 22:07:58.45",3.6815764219463616,-0.0028062319021674,27.41959308063842,0.0004,0.0,3182.156,1.5953958917107596,34,B0033,G4,24,4,1.2069167586036815,1.610448803878554,0.009795296484676991,-0.006138583891462712,-0.27351857056350726,157,0.9253141248030765,True,191
87,24,"29 Jun 2009, 02:03:46.14",3.6831871651021273,-0.0021374202985593,27.42607334529848,0.0004,0.0,3180.156,1.5877243027113055,35,B0033,G4,24,4,1.2011132026482803,1.6064078051443413,0.014249543977951517,-0.004040998734212664,-0.2658469815640532,156,0.9253141248030765,True,191
89,24,"29 Jun 2009, 05:59:12.22",3.684011780621729,-0.0036703657276215,27.478348485591116,0.0004,0.0,3171.953,1.5811840578305605,36,B0033,G4,24,4,1.1961655083531177,1.6001373944123056,0.017423325245560187,-0.006270410732035802,-0.25930673668330817,155,0.9253141248030765,True,191
93,24,"29 Jun 2009, 11:06:27.91",3.6773793062469577,-0.0023021764137939,29.207631524275097,0.0004,0.0,3192.172,1.6128422608267754,37,B0033,G4,24,4,1.2201149342867883,1.5983381631979028,0.01490454745443944,-0.0017992312144027522,-0.2909649396795231,154,0.9253141248030765,True,191
95,24,"29 Jun 2009, 14:59:50.62",3.673647692820989,-0.0036581672125256,29.980428405860664,0.0004,0.0,3194.735,1.61998606328022,38,B0033,G4,24,4,1.2255192197973714,1.5994265152719243,0.016497364954014056,0.0010883520740213371,-0.2981087421329678,153,0.9253141248030765,True,191
97,24,"29 Jun 2009, 18:50:48.06",3.678081816828041,-0.0042430019879586,29.046532308068443,0.0004,0.0,3178.75,1.6099381853611876,39,B0033,G4,24,4,1.217918001622063,1.6023349740020099,0.01688642814921482,0.0029084587300856057,-0.2880608642139353,152,0.9253141248030765,True,191
99,24,"29 Jun 2009, 22:44:42.88",3.683906096302265,-0.0036205082703519,28.0425763092746,0.0004,0.0,3165.359,1.577097753956516,40,B0033,G4,24,4,1.1930742200704063,1.600209664251052,0.019630758231194517,-0.0021253097509578824,-0.25522043280926376,151,0.9253141248030765,True,191
101,24,"30 Jun 2009, 02:36:39.73",3.684933227944666,-0.0037682952537176,27.745235199459053,0.0004,0.0,3155.25,1.5708599066554392,41,B0033,G4,24,4,1.188355289500009,1.5981448340160278,0.02246988888870428,-0.002064830235024262,-0.24898258550818686,150,0.9253141248030765,True,191
105,24,"01 Jul 2009, 11:15:23.88",3.662079269522,-0.003850910460834,29.347447130705405,0.0006,0.0,3173.766,1.6261581345348248,42,B0033,G4,24,4,1.2301883907982387,1.6008080087576375,0.025262876811936365,0.0026631747416098863,-0.3042808133875725,149,0.9253141248030765,True,191
109,24,"01 Jul 2009, 16:18:18.55",3.6633640731879935,-0.0027017320976802,30.13119078321019,0.0006,0.0,3199.485,1.6348129972245726,43,B0033,G4,24,4,1.2367357931564515,1.6037733955465083,0.02871160762909097,0.0029653867888705054,-0.3129356760773203,148,0.9253141248030765,True,191
111,24,"01 Jul 2009, 20:10:02.44",3.676422458061145,-0.005458902856758,29.23439997062713,0.0006,0.0,3196.015,1.611705363734261,44,B0033,G4,24,4,1.2192548718026783,1.604126831221123,0.0288171500697909,0.00035343567461469937,-0.2898280425870088,147,0.9253141248030765,True,191
113,24,"14 Jul 2009, 16:14:47.94",3.591696379020959,-0.0061415363732094,31.12318520375957,0.0006,0.0,3595.281,1.8851401699720665,45,B0033,G4,24,4,1.426108262706225,1.6657353144242328,0.12508158545307216,0.061608483203110076,-0.5632628488248141,146,0.9253141248030765,True,191
117,24,"14 Jul 2009, 21:23:50.22",3.63922910163301,0.0003332014512735,29.321320939068144,0.0004,0.0,3198.0,1.6584957887780232,46,B0033,G4,24,4,1.2546518215008189,1.6832624908487497,0.1141234750643173,0.0175271764245168,-0.33661846763077086,145,0.9253141248030765,True,191
119,24,"15 Jul 2009, 01:16:15.02",3.657056059789032,-0.0047654302997466,28.602434047335944,0.0004,0.0,3183.516,1.62418934644937,47,B0033,G4,24,4,1.228699002899711,1.6828687332316588,0.11437288128848619,-0.0003937576170909729,-0.30231202530211765,144,0.9253141248030765,True,191
121,24,"15 Jul 2009, 05:09:04.55",3.669630742187033,-0.0041224312602134,28.229318354528697,0.0004,0.0,3183.797,1.604172098856364,48,B0033,G4,24,4,1.2135559580249922,1.676740553558017,0.11834341708051876,-0.006128179673641742,-0.2822947777091116,143,0.9253141248030765,True,191
123,24,"15 Jul 2009, 09:04:59.11",3.665074826201681,-0.0058720864615969,29.130974348897382,0.0004,0.0,3191.516,1.6080016740907346,49,B0033,G4,24,4,1.2164530311293609,1.6759998156293114,0.11886270613273216,-0.000740737928705304,-0.28612435294348226,142,0.9253141248030765,True,191
125,24,"15 Jul 2009, 12:57:49.30",3.659413610655113,-0.0066092568294561,30.14212833835845,0.0004,0.0,3189.985,1.6256752138435595,50,B0033,G4,24,4,1.2298230613659686,1.6241068244036103,0.021458312348088426,-0.05189299122570139,-0.3037978926963072,141,0.9253141248030765,True,191
129,24,"15 Jul 2009, 18:00:54.64",3.665372526833405,-0.0038624584740951,29.626389825503274,0.0004,0.0,3189.734,1.617632765910718,51,B0033,G4,24,4,1.2237389506817324,1.6159342198301492,0.009581126112916205,-0.008172604573461051,-0.2957554447634656,140,0.9253141248030765,True,191
131,24,"15 Jul 2009, 21:52:48.09",3.674744379793083,-0.0050602397216166,28.90204316111476,0.0006,0.0,3176.016,1.5973191489094265,52,B0033,G4,24,4,1.2083717023930174,1.6105601803221603,0.011193347992038038,-0.0053740395079886925,-0.2754418277621742,139,0.9253141248030765,True,191
133,24,"16 Jul 2009, 01:44:58.39",3.677673396753701,-0.0024101112899613,28.704766411441188,0.0004,0.0,3171.36,1.5875852250170606,53,B0033,G4,24,4,1.2010079903929372,1.6072428055543,0.015273999695470442,-0.00331737476786067,-0.26570790386980825,138,0.9253141248030765,True,191
135,24,"16 Jul 2009, 05:37:32.72",3.679497849260305,-0.0033189338033478,29.13615272933579,0.0004,0.0,3170.843,1.5802530015403684,54,B0033,G4,24,4,1.1954611644058413,1.6016930710442268,0.019410410482407672,-0.005549734510073234,-0.2583756803931161,137,0.9253141248030765,True,191
137,24,"16 Jul 2009, 09:29:18.12",3.67766777385441,-0.0030955741443648,29.27064127799949,0.0004,0.0,3164.672,1.583036530487776,55,B0033,G4,24,4,1.1975669036472043,1.59316533437307,0.015135785485118864,-0.008527736671156694,-0.2611592093405237,136,0.9253141248030765,True,191
141,24,"16 Jul 2009, 14:36:00.45",3.674487561335051,-0.0046593995982578,30.364970956363397,0.0004,0.0,3177.453,1.6027138832797037,56,B0033,G4,24,4,1.2124528181546488,1.5901815578468672,0.00954427809458908,-0.0029837765262028526,-0.28083656213245134,135,0.9253141248030765,True,191
143,24,"16 Jul 2009, 18:26:09.14",3.678354478789924,-0.0057276492529986,29.63204231850857,0.0006,0.0,3172.375,1.5930709154513834,57,B0033,G4,24,4,1.2051579144037081,1.5893319111552584,0.00891861341626387,-0.0008496466916086299,-0.27119359430413104,134,0.9253141248030765,True,191
145,24,"16 Jul 2009, 22:18:31.58",3.684055460464009,-0.0042231699901529,28.325504346759143,0.0004,0.0,3158.406,1.5448888685020246,58,B0033,G4,24,4,1.1687082029376383,1.5807926398522512,0.02194142211067339,-0.0085392713030072,-0.22301154735477224,133,0.9253141248030765,True,191
147,24,"17 Jul 2009, 02:10:38.27",3.685538030652792,-0.0047770000684067,28.046258124386892,0.0004,0.0,3141.578,1.5352188565640517,59,B0033,G4,24,4,1.1613928403217033,1.5717858108569878,0.029986529008445957,-0.009006828995263349,-0.21334153541679934,132,0.9253141248030765,True,191
149,24,"17 Jul 2009, 06:02:31.67",3.6871115508065606,-0.0040616145575025,27.809126657143945,0.0004,0.0,3138.187,1.5252677314227332,60,B0033,G4,24,4,1.1538648156085765,1.5602320510439793,0.03523731644455561,-0.011553759813008569,-0.20339041027548088,131,0.9253141248030765,True,191
153,24,"17 Jul 2009, 11:08:50.73",3.683124667684506,-0.0041099724302318,29.621883674035,0.0006,0.0,3157.969,1.5559492005453626,61,B0033,G4,24,4,1.177075342509818,1.550879114497111,0.026186463625771993,-0.009352936546868218,-0.23407187939811025,130,0.9253141248030765,True,191
155,24,"17 Jul 2009, 15:00:00.14",3.680151825765432,-0.0060446114690282,30.68054520989986,0.0004,0.0,3159.281,1.564802943842715,62,B0033,G4,24,4,1.1837731980185788,1.5452255201753773,0.015786329695359643,-0.0056535943217336905,-0.24292562269546258,129,0.9253141248030765,True,191
157,24,"17 Jul 2009, 18:49:14.75",3.684117587468709,-0.0048233976378002,29.46181999166822,0.0004,0.0,3150.375,1.5518620461881203,63,B0033,G4,24,4,1.1739834108366918,1.5466201557125965,0.016054889619385802,0.0013946355372191465,-0.22998472504086798,128,0.9253141248030765,True,191
159,24,"17 Jul 2009, 22:40:36.95",3.687668594854964,-0.0030424161886373,28.219626348722752,0.0004,0.0,3134.078,1.5144550545105004,64,B0033,G4,24,4,1.1456850271068353,1.5424673953018864,0.021502412310513523,-0.004152760410710244,-0.19257773336324813,127,0.9253141248030765,True,191
161,24,"18 Jul 2009, 02:32:19.20",3.688873347334531,-0.0052786710624954,27.959372839271644,0.0004,0.0,3129.797,1.5051936202146428,65,B0033,G4,24,4,1.1386787534173677,1.5384525730602683,0.026750358989296282,-0.004014822241618088,-0.18331629906739044,126,0.9253141248030765,True,191
165,24,"23 Jul 2009, 10:25:18.89",3.624020206850946,-0.0052011123152046,29.446844653087144,0.0006,0.0,3161.89,1.605823969917045,66,B0033,G4,24,4,1.214805598240657,1.5484275269346046,0.040612810298384816,0.009974953874336468,-0.2839466487697926,125,0.9253141248030765,True,191
169,24,"23 Jul 2009, 15:28:51.73",3.6387239662328335,-0.0056594383410983,30.340525403440623,0.0006,0.0,3196.859,1.6249005195877049,67,B0033,G4,24,4,1.2292370052747859,1.5604470420836027,0.05351453551525077,0.012019515148997994,-0.30302319844045256,124,0.9253141248030765,True,191
171,24,"23 Jul 2009, 19:19:21.39",3.667919656332861,-0.002470026510219,28.96938472258452,0.0004,0.0,3171.906,1.589785130036615,68,B0033,G4,24,4,1.2026722182182887,1.5680316588533016,0.05466857241173719,0.007584616769698948,-0.2679078088893627,123,0.9253141248030765,True,191
173,24,"23 Jul 2009, 23:11:10.81",3.676696187562201,-0.0038050534508286,28.122121687336165,0.0004,0.0,3160.842999999993,1.5552386152299904,69,B0033,G4,24,4,1.1765377848227283,1.5761883709971996,0.04721006488398487,0.008156712143897992,-0.2333612940827381,122,0.9253141248030765,True,191
175,24,"24 Jul 2009, 03:02:51.23",3.681131305419905,-0.0044559848557148,27.82840510037057,0.0006,0.0,3147.141,1.539756404636803,70,B0033,G4,24,4,1.1648254947746999,1.5831009278816317,0.03522526517361302,0.006912556884432064,-0.21787908348955076,121,0.9253141248030765,True,191
177,24,"24 Jul 2009, 06:55:12.22",3.683892345239848,-0.0033898120465947,27.622368505383115,0.0004,0.0,3141.203,1.5293174002138357,71,B0033,G4,24,4,1.1569283894564035,1.5677996139409898,0.0392713553168987,-0.015301313940641848,-0.20744007906658335,120,0.9253141248030765,True,191
181,24,"24 Jul 2009, 12:01:07.84",3.676914382179392,-0.0069462323462503,29.380423995840346,0.0004,0.0,3151.047,1.547680553576876,72,B0033,G4,24,4,1.170820112288219,1.5523556207388238,0.023025181474971658,-0.015443993202165763,-0.22580323242962375,119,0.9253141248030765,True,191
183,24,"24 Jul 2009, 15:46:09.42",3.6731081817952687,-0.0026486890603959,30.375643957736497,0.0006,0.0,3159.172,1.5659920939439786,73,B0033,G4,24,4,1.1846727898961606,1.5475970135202968,0.014074795289114242,-0.004758607218527278,-0.24411477279672633,118,0.9253141248030765,True,191
185,24,"24 Jul 2009, 19:35:49.25",3.682717239986389,-0.0042441999409865,28.6940229981199,0.0004,0.0,3141.047,1.5416252851780503,74,B0033,G4,24,4,1.1662393026306552,1.5448743475099087,0.013533314093425843,-0.0027226660103880198,-0.219747964030798,117,0.9253141248030765,True,191
187,24,"24 Jul 2009, 23:28:02.16",3.6853977892052794,-0.0054371788064107,27.911925288162987,0.0004,0.0,3135.0310000000027,1.517590655990168,75,B0033,G4,24,4,1.1480571091673293,1.5404411977805816,0.018388479834424258,-0.004433149729327024,-0.19571333484291564,116,0.9253141248030765,True,191
189,24,"25 Jul 2009, 03:20:05.39",3.686856323022529,-0.0060074843219415,27.52691062891712,0.0004,0.0,3117.984,1.5075202042593092,76,B0033,G4,24,4,1.140438813906678,1.5360817585896764,0.023545563033774686,-0.0043594391909052895,-0.1856428831120569,115,0.9253141248030765,True,191
193,24,"25 Jul 2009, 08:26:42.52",3.686829190711486,-0.0043342006185988,27.66545628454895,0.0004,0.0,3125.328,1.49549282626034,77,B0033,G4,24,4,1.131340104210584,1.5256442131263692,0.028221409250324337,-0.010437545463307218,-0.17361550511308765,114,0.9253141248030765,True,191
195,24,"25 Jul 2009, 12:19:43.72",3.687593683960091,-0.0062659327745942,27.658533250062128,0.0004,0.0,3120.172,1.4997618811573148,78,B0033,G4,24,4,1.1345696436153978,1.5123981705690364,0.01837421539024273,-0.013246042557332771,-0.17788456001006248,113,0.9253141248030765,True,191
197,24,"25 Jul 2009, 16:13:02.19",3.688674667787081,-0.0033990188070229,27.38834407572265,0.0006,0.0,3116.641,1.4906966807803954,79,B0033,G4,24,4,1.1277118208568897,1.5022124496895055,0.010588118887786553,-0.01018572087953098,-0.1688193596331431,112,0.9253141248030765,True,191
199,24,"25 Jul 2009, 20:06:55.42",3.687993228296498,-0.0060171312367378,27.67641380203665,0.0004,0.0,3110.844,1.4800999425051866,80,B0033,G4,24,4,1.119695389902456,1.4947143069925093,0.010244462794063682,-0.007498142696996268,-0.1582226213579343,111,0.9253141248030765,True,191
201,24,"26 Jul 2009, 00:01:09.55",3.689769253067038,-0.0031436327300978,27.43320541196029,0.0006,0.0,3101.406,1.4676091496100632,81,B0033,G4,24,4,1.110246106905239,1.48673209606266,0.012960672889862968,-0.00798221092984921,-0.14573182846281085,110,0.9253141248030765,True,191
205,24,"26 Jul 2009, 05:07:11.55",3.69042588553884,-0.0057398015999112,27.417373089359625,0.0004,0.0,3099.563,1.4729818491920503,82,B0033,G4,24,4,1.1143105533527535,1.482229900649002,0.013066046118895953,-0.004502195413657928,-0.15110452804479801,109,0.9253141248030765,True,191
207,24,"26 Jul 2009, 09:01:35.14",3.690069126830951,-0.005520653264676,27.451998284218732,0.0004,0.0,3104.64,1.4742872137206404,83,B0033,G4,24,4,1.1152980614276007,1.4771349671616671,0.008786501630636788,-0.005094933487334874,-0.1524098925733881,108,0.9253141248030765,True,191
209,24,"26 Jul 2009, 12:55:45.11",3.6898349768027527,-0.0047782501480326,27.53764754977461,0.0004,0.0,3099.875,1.4635162808346138,84,B0033,G4,24,4,1.1071498522755754,1.471698887172511,0.006375816739376573,-0.0054360799891563175,-0.1416389596873615,107,0.9253141248030765,True,191
211,24,"26 Jul 2009, 16:49:47.36",3.690765452318253,-0.0040200815993511,27.36436146868505,0.0004,0.0,3093.25,1.4527095680488362,85,B0033,G4,24,4,1.0989745756346248,1.4662208122812408,0.008697329243547897,-0.00547807489127008,-0.1308322469015839,106,0.9253141248030765,True,191
213,24,"26 Jul 2009, 20:43:48.92",3.69029465108762,-0.0044152232207387,27.532408052243994,0.0004,0.0,3086.688,1.4557303847230247,86,B0033,G4,24,4,1.101259823006572,1.463845059303833,0.00977848048842395,-0.0023757529774076857,-0.13385306357577242,105,0.9253141248030765,True,191
217,24,"27 Jul 2009, 01:50:03.89",3.691967438675652,-0.0048113455184332,27.401181351083583,0.0004,0.0,3094.281,1.459740099618568,87,B0033,G4,24,4,1.1042931717382558,1.4611967093891367,0.008378181497986248,-0.002648349914696446,-0.13786277847131578,104,0.9253141248030765,True,191
219,24,"27 Jul 2009, 05:43:49.02",3.6909327969669823,-0.0043871733118382,27.640289159581677,0.0004,0.0,3088.328,1.448711504158192,88,B0033,G4,24,4,1.0959500408864422,1.456081567476647,0.00579808940371546,-0.005115141912489696,-0.12683418301093963,103,0.9253141248030765,True,191
221,24,"27 Jul 2009, 09:37:15.14",3.6899564516458674,-0.0025502574209802,28.368946772774525,0.0004,0.0,3095.687,1.4666759762884336,89,B0033,G4,24,4,1.10954016142399,1.456713506567411,0.006881881341934522,0.0006319390907639555,-0.1447986551411813,102,0.9253141248030765,True,191
223,24,"27 Jul 2009, 13:29:48.03",3.6892322843321015,-0.0046511357309762,29.092744230481,0.0004,0.0,3102.062,1.4689502109504418,90,B0033,G4,24,4,1.11126061961298,1.459961635147732,0.008221844035001384,0.003248128580321108,-0.14707288980318944,101,0.9253141248030765,True,191
225,24,"27 Jul 2009, 17:21:22.67",3.688826664285261,-0.0055593028549558,29.096002950316493,0.0006,0.0,3107.141,1.471116588522042,91,B0033,G4,24,4,1.1128994839288608,1.4630388759075355,0.009077132373456923,0.0030772407598034677,-0.14923926737478976,100,0.9253141248030765,True,191
229,24,"27 Jul 2009, 22:28:00.19",3.691154665670452,-0.0062710969473126,27.795657371281525,0.0004,0.0,3090.719,1.4473012364654927,92,B0033,G4,24,4,1.0948831735832985,1.4605511032769205,0.01156961143898013,-0.0024877726306150815,-0.12542391531824038,99,0.9253141248030765,True,191
231,24,"28 Jul 2009, 02:21:28.11",3.692378857042203,-0.0033000268943214,27.31540210895253,0.0004,0.0,3069.812,1.4205315547561643,93,B0033,G4,24,4,1.0746319132877553,1.4549151133965148,0.021435892110247396,-0.005635989880405523,-0.09865423360891201,98,0.9253141248030765,True,191
233,24,"28 Jul 2009, 06:15:44.12",3.693942079817392,-0.0033706430257833,27.048777819929736,0.0004,0.0,3064.437,1.4241466094817417,94,B0033,G4,24,4,1.0773667016586155,1.4464092400351765,0.023898867186772046,-0.00850587336133839,-0.10226928833448934,97,0.9253141248030765,True,191
235,24,"28 Jul 2009, 10:09:52.30",3.6911505233553608,-0.00629665113741,28.275518204852357,0.0004,0.0,3083.25,1.4412820083364295,95,B0033,G4,24,4,1.0903296283845358,1.440875599512374,0.020308315163718255,-0.005533640522802452,-0.11940468718917718,96,0.9253141248030765,True,191
237,24,"28 Jul 2009, 14:03:56.17",3.691343235546049,-0.0037006063711493,28.89432229591138,0.0006,0.0,3076.484,1.4448965388921615,96,B0033,G4,24,4,1.093064020220985,1.4356315895863978,0.012388129356868054,-0.005244009925976112,-0.1230192177449092,95,0.9253141248030765,True,191
241,24,"28 Jul 2009, 19:09:29.83",3.6906407570690023,-0.004981787832883,28.67026290975928,0.0006,0.0,3081.297,1.4540256354795746,97,B0033,G4,24,4,1.0999701804533808,1.4369764693892144,0.01420369453229863,0.00134487980281639,-0.13214831433232233,94,0.9253141248030765,True,191
243,24,"28 Jul 2009, 23:02:26.66",3.693000090395609,-0.0036507597780291,27.51683279097454,0.0004,0.0,3065.953,1.4226030447542912,98,B0033,G4,24,4,1.0761989951681896,1.4373907673888398,0.013622423221956934,0.00041429799962537927,-0.10072572360703891,93,0.9253141248030765,True,191
245,24,"29 Jul 2009, 02:56:24.12",3.694329168801657,-0.0061350279668474,27.35622352854747,0.0004,0.0,3055.828,1.410196954589097,99,B0033,G4,24,4,1.0668137897737684,1.4346008364103109,0.01780069394256127,-0.0027899309785289093,-0.08831963344184479,92,0.9253141248030765,True,191
247,24,"29 Jul 2009, 06:50:26.91",3.693957317112615,-0.0044907408648596,27.50992568303245,0.0004,0.0,3051.468,1.4144881298999457,100,B0033,G4,24,4,1.0700600632684407,1.429242060723014,0.019259798414565717,-0.005358775687296769,-0.09261080875269334,91,0.9253141248030765,True,191
249,24,"29 Jul 2009, 10:44:27.91",3.6913642256481936,-0.0038204144805213,28.99801947858157,0.0004,0.0,3069.0,1.431360032946153,101,B0033,G4,24,4,1.0828236554538064,1.4265347595338125,0.01736760677830444,-0.002707301189201683,-0.10948271179890079,90,0.9253141248030765,True,191
253,24,"29 Jul 2009, 15:50:33.84",3.6901234930538673,-0.0029577857867533,29.74133207600237,0.0006,0.0,3079.235,1.4515133236517528,102,B0033,G4,24,4,1.0980696169232935,1.426032297168248,0.016381797244258277,-0.0005024623655643712,-0.12963600250450047,89,0.9253141248030765,True,191
255,24,"29 Jul 2009, 19:41:04.11",3.691931727836907,-0.0052860919369715,28.653114041223027,0.0004,0.0,3070.344,1.4230376757726733,103,B0033,G4,24,4,1.0765277934699904,1.4261192233719244,0.016360190464720537,8.692620367640735e-05,-0.10116035462542095,88,0.9253141248030765,True,191
257,24,"29 Jul 2009, 23:34:17.86",3.695670134064248,-0.0032274266505443,27.44222042193992,0.0004,0.0,3051.4839999999967,1.396298696255913,104,B0033,G4,24,4,1.0562997593786319,1.4233395717052875,0.02041896303386085,-0.002779651666636829,-0.07442137510866065,87,0.9253141248030765,True,191
259,24,"30 Jul 2009, 03:28:18.17",3.696209202066597,-0.0035078557395229,27.35137346868172,0.0004,0.0,3054.812,1.3979060730399124,105,B0033,G4,24,4,1.0575157396804986,1.420023160333281,0.023351970558708163,-0.0033164113720066447,-0.07602875189266012,86,0.9253141248030765,True,191
261,24,"30 Jul 2009, 07:22:22.19",3.695290652862115,-0.002768013696255,27.60693623809089,0.0004,0.0,3046.532,1.4011347560096767,106,B0033,G4,24,4,1.059958237874629,1.4139781049459856,0.023594447333923567,-0.006045055387295273,-0.07925743486242443,85,0.9253141248030765,True,191
265,24,"30 Jul 2009, 12:28:05.95",3.6914451077050088,-0.005090656547898,29.4922030994671,0.0004,0.0,3071.782,1.436782528945267,107,B0033,G4,24,4,1.0869257728835902,1.4110319460046885,0.017989869566546714,-0.002946158941297172,-0.11490520779801461,84,0.9253141248030765,True,191
267,24,"30 Jul 2009, 16:19:05.44",3.6903816418581448,-0.0042792645110852,30.155740198128512,0.0006,0.0,3074.532,1.4370006879546382,108,B0033,G4,24,4,1.0870908101422534,1.4138245484410814,0.021129283574271657,0.002792602436392988,-0.11512336680738589,83,0.9253141248030765,True,191
269,24,"30 Jul 2009, 20:09:43.30",3.692817256324836,-0.0048600725771777,29.053378832893628,0.0004,0.0,3053.656,1.410355528453481,109,B0033,G4,24,4,1.0669337508789687,1.4166359148805951,0.019046956423664187,0.0028113664395136074,-0.08847820730622868,82,0.9253141248030765,True,191
271,24,"31 Jul 2009, 00:03:07.41",3.696583006276534,-0.0041094068867682,27.81129287737524,0.0004,0.0,3031.953,1.382633397996189,110,B0033,G4,24,4,1.0459619632449755,1.4135813798718506,0.023504571122012256,-0.003054535008744708,-0.06075607684893658,81,0.9253141248030765,True,191
273,24,"31 Jul 2009, 03:56:28.39",3.696037159027243,-0.0044420301318628,27.586684141774377,0.0004,0.0,3023.5,1.3699403583067564,111,B0033,G4,24,4,1.036359680577461,1.4073425003312665,0.03067923435561848,-0.006238879540584064,-0.04806303715950411,80,0.9253141248030765,True,191
277,24,"31 Jul 2009, 09:01:51.91",3.69461557786559,-0.0033295396466948,28.33774449255638,0.0004,0.0,3042.703,1.3786129327882322,112,B0033,G4,24,4,1.0429204819035243,1.3957085810998593,0.02759888614414455,-0.011633919231406952,-0.056735611640979844,79,0.9253141248030765,True,191
279,24,"31 Jul 2009, 15:42:00.56",3.711902445541256,-0.0060240814356578,28.268647074079823,0.0004,0.0,4424.203,1.8035959863147195,113,B0033,G4,24,4,1.3644200997028872,1.4690276407718756,0.18764026004168993,0.07331905967201627,-0.4817186651674672,78,0.9253141248030765,True,191
283,24,"31 Jul 2009, 21:03:02.06",3.6929743730579663,-0.004121829946946,29.06233626567544,0.0004,0.0,3066.766,1.4234424290662009,114,B0033,G4,24,4,1.0768339892773109,1.4716450208944196,0.186706193070069,0.0026173801225439774,-0.10156510791894857,77,0.9253141248030765,True,191
285,24,"01 Aug 2009, 00:54:40.03",3.69475589972292,-0.0033475712465654,28.292139768202823,0.0004,0.0,3046.125,1.3946003892958665,115,B0033,G4,24,4,1.0550149904118924,1.474038419154355,0.18535167560201485,0.00239339825993552,-0.07272306814861418,76,0.9253141248030765,True,191
287,24,"01 Aug 2009, 04:46:48.45",3.6941271533352737,-0.002978926082582,28.19074995901198,0.0004,0.0,3033.625,1.3961613987822286,116,B0033,G4,24,4,1.056195893859882,1.4792826272494497,0.18201091315563003,0.005244208095094427,-0.07428407763497624,75,0.9253141248030765,True,191
289,24,"01 Aug 2009, 08:40:39.03",3.694638900687209,-0.0055622950194406,28.07456794234874,0.0004,0.0,3028.562,1.384968608315797,117,B0033,G4,24,4,1.0477285495100166,1.4805537623549625,0.18115225494953507,0.001271135105512977,-0.06309128716854473,74,0.9253141248030765,True,191
291,24,"01 Aug 2009, 12:33:32.73",3.695210378260146,-0.0018361172446503,28.062706428975623,0.0004,0.0,3020.984,1.3715114742475478,118,B0033,G4,24,4,1.0375482295567475,1.394136859941528,0.0190990504631391,-0.08641690241343433,-0.04963415310029551,73,0.9253141248030765,True,191
295,24,"01 Aug 2009, 17:38:48.78",3.696531893223855,-0.0058083241423395,28.04671118772578,0.0004,0.0,3017.391,1.3616865084879255,119,B0033,G4,24,4,1.030115644397411,1.381785675825873,0.01492100111270474,-0.012351184115655079,-0.03980918734067318,72,0.9253141248030765,True,191
297,24,"01 Aug 2009, 21:30:33.97",3.69622432207493,-0.0036522499769917,27.91204923792128,0.0004,0.0,3022.14,1.3796301360966086,120,B0033,G4,24,4,1.0436899960574502,1.3787916251860215,0.013097259931544343,-0.0029940506398515865,-0.057752814949356246,71,0.9253141248030765,True,191
299,24,"02 Aug 2009, 01:23:21.30",3.696300046640152,-0.0021805157954059,27.995364337612028,0.0006,0.0,3009.016,1.364231776003204,121,B0033,G4,24,4,1.0320411389002366,1.3724057006302166,0.00990622130454428,-0.006385924555804889,-0.042354454855951795,70,0.9253141248030765,True,191
301,24,"02 Aug 2009, 05:16:47.78",3.698214147617165,-0.0032692136451969,27.908873260816087,0.0004,0.0,3014.672,1.3418414512081456,122,B0033,G4,24,4,1.015102861469449,1.3637802692086862,0.014114613343259723,-0.008625431421530294,-0.01996413006089326,69,0.9253141248030765,True,191
303,24,"02 Aug 2009, 09:10:15.05",3.698384749765636,-0.0017845950857703,27.826784479268223,0.0004,0.0,3010.703,1.355221569579225,123,B0033,G4,24,4,1.0252249190590796,1.3605222882750216,0.013759513513317733,-0.0032579809336645837,-0.03334424843197259,68,0.9253141248030765,True,191
307,24,"02 Aug 2009, 14:15:27.17",3.697609803889614,-0.0052268560350485,28.06296317277054,0.0004,0.0,3011.75,1.3403860264029774,124,B0033,G4,24,4,1.014001832817331,1.3562621918580322,0.016360534637946882,-0.004260096416989612,-0.018508705255725122,67,0.9253141248030765,True,191
309,24,"02 Aug 2009, 18:08:54.38",3.697511741949768,-0.0049086544877736,28.045214031676554,0.0004,0.0,3005.734,1.3594078914195438,125,B0033,G4,24,4,1.0283918709186408,1.3522177429226192,0.010638551903291129,-0.004044448935412959,-0.03753057027229145,66,0.9253141248030765,True,191
311,24,"02 Aug 2009, 22:02:10.05",3.6985069826531234,-0.000511311915111,28.00922043361105,0.0004,0.0,2993.75,1.3457100861355502,126,B0033,G4,24,4,1.0180294832258818,1.3485134049490886,0.008398171724879293,-0.00370433797353078,-0.023832764988297894,65,0.9253141248030765,True,191
313,24,"03 Aug 2009, 01:55:22.88",3.6989298808451614,-0.0005653848808,27.939637916882067,0.0004,0.0,2998.125,1.3477611420854358,127,B0033,G4,24,4,1.019581106751812,1.3496973431245465,0.007601965830633322,0.0011839381754580546,-0.025883820938183533,64,0.9253141248030765,True,191
315,24,"03 Aug 2009, 05:48:39.62",3.698275622675269,-0.0038519850576494,27.96091149750342,0.0004,0.0,2990.859,1.335482103134067,128,B0033,G4,24,4,1.0102920155820565,1.345749449835515,0.009010912841062719,-0.003947893289031601,-0.013604781986814585,63,0.9253141248030765,True,191
319,24,"03 Aug 2009, 10:53:34.97",3.696235576527621,-0.0034919539575301,29.66877381678462,0.0006,0.0,3024.453,1.353154941842234,129,B0033,G4,24,4,1.0236615154784832,1.348303232923366,0.008919811679105579,0.002553783087851302,-0.031277620694981634,62,0.9253141248030765,True,191
321,24,"03 Aug 2009, 14:44:14.31",3.6933978977788144,-0.0016756607148199,30.23839313356673,0.0004,0.0,3030.765,1.3709677706044292,130,B0033,G4,24,4,1.0371369178302956,1.3506152087603431,0.013056548435446187,0.002311975836977087,-0.04909044945717689,61,0.9253141248030765,True,191
323,24,"03 Aug 2009, 18:38:05.89",3.693636649310085,-0.003945424211559,29.60136517368781,0.0004,0.0,3020.813,1.357426672491866,131,B0033,G4,24,4,1.0268930790897908,1.3529585260316064,0.013007439786725982,0.0023433172712631566,-0.03554935134461368,60,0.9253141248030765,True,191
325,24,"03 Aug 2009, 22:31:42.52",3.6951351889189454,-0.0061265292970059,28.612504355608472,0.0004,0.0,2998.156,1.3443678821106904,132,B0033,G4,24,4,1.0170141060774978,1.3522798740366573,0.013428118629037589,-0.0006786519949490977,-0.022490560963438044,59,0.9253141248030765,True,191
327,24,"04 Aug 2009, 02:24:55.45",3.694756829262461,-0.0037496474457075,28.354922754916934,0.0004,0.0,2986.766,1.33005823859453,133,B0033,G4,24,4,1.006188862851643,1.35119510112875,0.015223417756701893,-0.001084772907907361,-0.00818091744727778,58,0.9253141248030765,True,191
331,24,"05 Aug 2009, 10:47:54.89",3.690691920205501,-0.0041316454571849,29.134016739994152,0.0004,0.0,3032.328,1.4033641858066626,134,B0033,G4,24,4,1.0616448011897868,1.3612369499216357,0.028020477232701485,0.010041848792885721,-0.08148686465941024,57,0.9253141248030765,True,191
335,24,"05 Aug 2009, 15:53:12.47",3.6927611324810585,-0.0042212905431462,30.15343673839048,0.0004,0.0,3047.703,1.3865570950229378,135,B0033,G4,24,4,1.048930239471504,1.3643548148053373,0.03015959236718307,0.0031178648837017152,-0.06467977387568546,56,0.9253141248030765,True,191
337,24,"05 Aug 2009, 19:44:54.08",3.693010851429681,-0.0034015783536654,28.899165696137484,0.0004,0.0,3034.968,1.3704138176872631,136,B0033,G4,24,4,1.0367178525295269,1.3669522438444168,0.029972417399005382,0.002597429039079424,-0.0485364965400108,55,0.9253141248030765,True,191
339,24,"05 Aug 2009, 23:38:49.91",3.69574712854625,-0.0027161801774493,28.46302715598701,0.0004,0.0,3011.7339999999967,1.325319393635713,137,B0033,G4,24,4,1.0026039273337963,1.3631425461494213,0.03443855055713393,-0.003809697694995462,-0.0034420724884607345,54,0.9253141248030765,True,191
341,24,"06 Aug 2009, 03:32:21.31",3.77858123258773,-0.004901469372079,27.00874217147089,0.0004,0.0,3002.922,0.8439684993200656,138,B0033,G4,24,4,0.6384620462264898,1.2659245982945284,0.2376628534432258,-0.0972179478548929,0.47790882182718675,53,0.9253141248030765,True,191
355,24,"07 Aug 2009, 03:40:19.73",3.937094593894868,-0.0053766646130902,26.20583404171173,0.0004,0.0,2964.75,0.4304242256752923,139,B0033,G4,24,4,0.32561586373365475,1.0713366062682543,0.42301989517468164,-0.19458799202627403,0.8914530954719599,52,0.9253141248030765,True,191
359,24,"07 Aug 2009, 08:44:36.25",3.930750719208295,-0.0037434760064681,27.005169850837667,0.0006,0.0,2969.953,0.4643633320269643,140,B0033,G4,24,4,0.3512907927219336,0.8868978536690598,0.4513168672521309,-0.1844387525991947,0.8575139891202881,51,0.9253141248030765,True,191
361,24,"07 Aug 2009, 12:32:22.34",3.960081085572656,-0.0061073307076061,27.70169794811881,0.0006,0.0,2988.453,0.3994839380247729,141,B0033,G4,24,4,0.3022095406539408,0.6927118777365616,0.39685996589605427,-0.19418597593249803,0.9223933831224794,50,0.9253141248030765,True,191
363,24,"07 Aug 2009, 16:20:49.77",3.6674425489435496,-0.0046492891957823,31.2701901303856,0.0006,0.0,3001.235,1.461469789426299,142,B0033,G4,24,4,1.1056016818246754,0.7199419568946788,0.45196249890968654,0.02723007915811717,-0.1395924682790466,49,0.9253141248030765,True,191
365,24,"07 Aug 2009, 20:14:10.41",3.6899840360041223,-0.0039566216846857,29.413640013567605,0.0004,0.0,2976.234,1.4150999545382532,143,B0033,G4,24,4,1.0705229085177839,0.8341682479383163,0.5522011029318604,0.11422629104363753,-0.0932226333910009,48,0.9253141248030765,True,191
367,24,"08 Aug 2009, 00:07:05.12",3.692850277684523,-0.004050083016493,28.760026858690583,0.0004,0.0,2950.39,1.383632373873956,144,B0033,G4,24,4,1.0467176883503129,1.0248098775780492,0.5424215767590922,0.19064162963973272,-0.061755052726703674,47,0.9253141248030765,True,191
371,24,"08 Aug 2009, 05:11:27.59",3.694938681971724,-0.0050080949292295,28.33215540671082,0.0004,0.0,2941.719,1.3705402893609833,145,B0033,G4,24,4,1.0368135283321878,1.2060452690448529,0.4522395712855367,0.1812353914668038,-0.04866296821373095,46,0.9253141248030765,True,191
373,24,"08 Aug 2009, 09:03:54.81",3.6971865143782208,-0.0040922672609471,28.159993064001306,0.0004,0.0,2946.969,1.3557042566115398,146,B0033,G4,24,4,1.025590071728388,1.3972893327622062,0.04203478224361122,0.1912440637173534,-0.0338269354642875,45,0.9253141248030765,True,191
375,24,"08 Aug 2009, 12:56:26.70",3.696517888689688,-0.0039468858933263,28.31748868826383,0.0004,0.0,2936.171,1.3578385793919765,147,B0033,G4,24,4,1.0272046865994444,1.3765630907553417,0.024274663016728457,-0.02072624200686448,-0.03596125824472418,44,0.9253141248030765,True,191
377,24,"08 Aug 2009, 16:48:44.94",3.6957942641034913,-0.004493586657132,28.43364912885919,0.0004,0.0,2927.281,1.3609083979571397,148,B0033,G4,24,4,1.029527003894743,1.365724779439119,0.011507298051122699,-0.010838311316222704,-0.03903107680988738,43,0.9253141248030765,True,191
379,24,"08 Aug 2009, 20:40:51.69",3.697224739688924,-0.0055757584407588,28.161605377823605,0.0004,0.0,2924.422,1.3495626547684758,149,B0033,G4,24,4,1.0209439508328924,1.358910835618023,0.007714512576809808,-0.006813943821096036,-0.027685333621223496,42,0.9253141248030765,True,191
383,24,"17 Aug 2009, 13:08:30.97",3.645707441471605,-0.0030167725241164,29.86786157595889,0.0004,0.0,3023.859,1.1888877132486642,150,B0033,G4,24,4,0.8993933810868568,1.322580320395559,0.07485175529239263,-0.03633051522246382,0.13298960789858816,41,0.9253141248030765,True,191
387,24,"17 Aug 2009, 18:14:09.38",3.66899344873017,-0.0033994140289899,30.09086473540463,0.0004,0.0,3056.172,1.5041493934608643,151,B0033,G4,24,4,1.1378887960309498,1.352269347765424,0.11166253007826726,0.029689027369864895,-0.18227207231361198,40,0.9253141248030765,True,191
389,24,"17 Aug 2009, 22:06:54.11",3.672441459219711,-0.0034309627193213,29.181323490660272,0.0006,0.0,3045.078,1.4899088638712767,152,B0033,G4,24,4,1.127115837480433,1.3786834046612841,0.1277685314723213,0.02641405689586005,-0.16803154272402443,39,0.9253141248030765,True,191
391,24,"18 Aug 2009, 02:01:03.31",3.678823272254144,-0.0030361596545626,28.617037731531845,0.0006,0.0,3034.25,1.475330178643193,153,B0033,G4,24,4,1.1160870642388807,1.4015677607984949,0.13388929178343448,0.022884356137210647,-0.15345285749594062,38,0.9253141248030765,True,191
393,24,"18 Aug 2009, 05:55:02.02",3.683020291040092,-0.0040286684578631,28.419933696505083,0.0004,0.0,3022.609,1.459830765413703,154,B0033,G4,24,4,1.104361760399007,1.4236213829275401,0.13225317125273717,0.022053622129045446,-0.13795344426645073,37,0.9253141248030765,True,191
395,24,"18 Aug 2009, 09:48:49.64",3.681766855507581,-0.0018298136454199,29.42928527979492,0.0004,0.0,3028.828,1.4474169057725728,155,B0033,G4,24,4,1.0949706773971772,1.4753272214323219,0.022707200260970388,0.05170583850478172,-0.12553958462532044,36,0.9253141248030765,True,191
399,24,"18 Aug 2009, 14:54:37.94",3.6804577629949806,-0.0046957588216586,30.241566309595463,0.0006,0.0,3037.875,1.4676323674647154,156,B0033,G4,24,4,1.1102636712088856,1.468023816233092,0.01600204919991864,-0.007303405199229784,-0.14575504631746306,35,0.9253141248030765,True,191
401,24,"18 Aug 2009, 18:45:24.70",3.685587489325032,-0.0037685063888959,28.95113335765185,0.0006,0.0,3023.187,1.441552493165527,157,B0033,G4,24,4,1.0905342501181645,1.458352542091942,0.013949643648153473,-0.009671274141149943,-0.11967517201827471,34,0.9253141248030765,True,191
403,24,"18 Aug 2009, 22:39:17.61",3.688000087810126,-0.0030061701935155,28.276442241095,0.0004,0.0,2996.922,1.418392873584403,158,B0033,G4,24,4,1.0730140012942995,1.4469650810801844,0.018964004419797436,-0.011387461011758004,-0.0965155524371506,33,0.9253141248030765,True,191
405,24,"19 Aug 2009, 02:32:38.62",3.6898132764595406,-0.0021713770502938,28.00698118663726,0.0004,0.0,2986.469,1.4031824838852518,159,B0033,G4,24,4,1.0615073437128304,1.435635424774494,0.02523944471593526,-0.01132965630569025,-0.08130516273799948,32,0.9253141248030765,True,191
407,24,"19 Aug 2009, 06:25:55.27",3.6911332043278944,-0.00187538182041,28.25017060471996,0.0004,0.0,2979.219,1.3911104661211642,160,B0033,G4,24,4,1.0523748640409571,1.4243741368442122,0.03065005667859402,-0.011261287930281716,-0.06923314497391186,31,0.9253141248030765,True,191
411,24,"19 Aug 2009, 11:30:52.69",3.6906992096130993,-0.0046868751307867,28.932424430201834,0.0004,0.0,2995.047,1.4086019958134537,161,B0033,G4,24,4,1.065607203693406,1.4125680625139598,0.018962284002885764,-0.011806074330252336,-0.08672467466620137,30,0.9253141248030765,True,191
413,24,"19 Aug 2009, 15:24:12.88",3.6900957485282495,-0.0047727274354066,29.444099823311227,0.0006,0.0,2989.828,1.413770890394895,162,B0033,G4,24,4,1.0695174716878328,1.4070117419598334,0.010550579873151496,-0.005556320554126426,-0.09189356924764258,29,0.9253141248030765,True,191
415,24,"19 Aug 2009, 19:17:33.31",3.6906450864108473,-0.0049830133329054,28.99480256087424,0.0004,0.0,2989.391,1.412472234540845,163,B0033,G4,24,4,1.0685350387242938,1.405827614151122,0.009199659932215994,-0.001184127808711599,-0.0905949133935926,28,0.9253141248030765,True,191
417,24,"19 Aug 2009, 23:10:50.88",3.692494339511162,-0.0035663737086224,28.26053549775529,0.0004,0.0,2967.2810000000027,1.3831900026575588,164,B0033,G4,24,4,1.0463830345898464,1.4018291179055833,0.013820816277953977,-0.0039984962455386075,-0.061312681510306444,27,0.9253141248030765,True,191
419,24,"20 Aug 2009, 03:03:46.69",3.694794099112309,-0.0052053067930432,27.924429531229794,0.0006,0.0,2962.609,1.3646098107432565,165,B0033,G4,24,4,1.0323271221257635,1.3965289868300017,0.021759999039706455,-0.005300131075581538,-0.042732489596004175,26,0.9253141248030765,True,191
423,24,"20 Aug 2009, 08:08:26.70",3.694103480773858,-0.0033736283623529,27.85097590963881,0.0004,0.0,2957.016,1.369751365782437,166,B0033,G4,24,4,1.0362167077604711,1.3887588608237986,0.023256178668921438,-0.007770126006203348,-0.04787404463518463,25,0.9253141248030765,True,191
425,24,"20 Aug 2009, 12:01:09.55",3.691196258107461,-0.0056772396121053,29.252141782938505,0.0006,0.0,2973.281,1.3867946911071662,167,B0033,G4,24,4,1.0491099808744524,1.3833636209662528,0.018682295488852963,-0.00539523985754573,-0.06491736995991393,24,0.9253141248030765,True,191
427,24,"20 Aug 2009, 15:51:55.17",3.691426680535412,-0.0027968416093896,29.67284978091932,0.0004,0.0,2968.016,1.3918615875742792,168,B0033,G4,24,4,1.052943087310317,1.3792414915729396,0.01157645193368177,-0.004122129393313134,-0.06998426642702693,23,0.9253141248030765,True,191
429,24,"20 Aug 2009, 19:42:35.55",3.694197094424096,-0.0052268070326606,28.91036028277935,0.0004,0.0,2959.281,1.377162352180965,169,B0033,G4,24,4,1.0418231178864095,1.3780359614776208,0.011374560697711355,-0.001205530095318741,-0.05528503103371274,22,0.9253141248030765,True,191
431,24,"20 Aug 2009, 23:35:23.25",3.695493225426338,-0.0038022901981101,28.269444998864117,0.0004,0.0,2942.797000000006,1.3599525359390852,170,B0033,G4,24,4,1.0288038944179687,1.3771045065167864,0.01284458288743994,-0.000931454960834266,-0.038075214791832845,21,0.9253141248030765,True,191
435,24,"21 Aug 2009, 17:59:25.48",3.690317240506416,-0.0024585062701535,29.65027100379239,0.0004,0.0,2978.89,1.379779043170725,171,B0033,G4,24,4,1.0438026442372277,1.3791100419944442,0.012174839250506046,0.002005535477657627,-0.05790172202347277,20,0.9253141248030765,True,191
439,24,"21 Aug 2009, 23:04:26.38",3.694739713945817,-0.0078375068187784,28.196809890778663,0.0004,0.0,2948.891,1.3631373661966442,172,B0033,G4,24,4,1.0312132180417335,1.3743785770123398,0.01301004975849647,-0.004731464982104416,-0.04126004504939185,19,0.9253141248030765,True,191
441,24,"22 Aug 2009, 02:57:06.98",3.69426820007469,-0.0043903018295481,28.10188717197656,0.0004,0.0,2938.547,1.3652295228794809,173,B0033,G4,24,4,1.0327959342661264,1.3690521640733802,0.00884931830862876,-0.005326412938959679,-0.043352201732228535,18,0.9253141248030765,True,191
443,24,"22 Aug 2009, 06:49:38.89",3.695817479420944,-0.0060696757278596,28.026109519944544,0.0004,0.0,2925.484,1.3498620694059131,174,B0033,G4,24,4,1.0211704579622964,1.3635921075183697,0.010801217898877218,-0.0054600565550103845,-0.02798474825866082,17,0.9253141248030765,True,191
445,24,"22 Aug 2009, 10:41:58.17",3.695398410103413,-0.0038366418949758,28.0005999727774,0.0004,0.0,2917.297,1.3529504172332432,175,B0033,G4,24,4,1.0235067926417125,1.3621916837772012,0.011798923573421657,-0.0014004237411683995,-0.031073096085990848,16,0.9253141248030765,True,191
447,24,"22 Aug 2009, 14:34:05.88",3.694674413001038,-0.0032102287422676,28.336141342985467,0.0006,0.0,2918.938,1.3535740542605128,176,B0033,G4,24,4,1.0239785739615768,1.356950685995159,0.006790920947464353,-0.005240997782042456,-0.03169673311326049,15,0.9253141248030765,True,191
451,24,"22 Aug 2009, 19:38:07.91",3.69532700262418,-0.0039726523907328,28.205856479421247,0.0006,0.0,2918.25,1.3432225183905024,177,B0033,G4,24,4,1.016147638590792,1.3529677164339304,0.007989583382388686,-0.0039829695612283444,-0.021345197243250125,14,0.9253141248030765,True,191
453,24,"22 Aug 2009, 23:30:19.44",3.696081102195805,-0.003110031519677,28.143359935895475,0.0006,0.0,2915.4839999999967,1.3412081769053426,178,B0033,G4,24,4,1.014623789552054,1.3481634472391026,0.005653840080666229,-0.004804269194827659,-0.019330855758090237,13,0.9253141248030765,True,191
455,24,"23 Aug 2009, 03:22:24.16",3.697323859711627,-0.0041664673403462,28.154630330084053,0.0004,0.0,2906.015,1.3277389969987805,179,B0033,G4,24,4,1.004434356923864,1.3437388327576762,0.010538624369889995,-0.004424614481426526,-0.005861675851528192,12,0.9253141248030765,True,191
457,24,"23 Aug 2009, 07:14:19.11",3.691479745144456,-0.0022120216776183,28.88494934235416,0.0006,0.0,2894.14,1.329778900445409,180,B0033,G4,24,4,1.0059775435827123,1.3391045294001094,0.010569921924987758,-0.004634303357566827,-0.007901579298156713,11,0.9253141248030765,True,191
459,24,"23 Aug 2009, 11:06:06.55",3.696986024765029,-0.0026886666675515,28.121099866537264,0.0004,0.0,2892.031,1.3356045028702497,181,B0033,G4,24,4,1.0103846109645664,1.3355106191220567,0.006804319925454869,-0.0035939102780526257,-0.013727181722997361,10,0.9253141248030765,True,191
463,24,"23 Aug 2009, 16:09:49.30",3.6992188472343575,-0.003306981698729,27.93994482338392,0.0004,0.0,2888.719,1.3177489685711123,182,B0033,G4,24,4,0.9968769018803069,1.3304159091581789,0.008823513620984349,-0.005094709963878019,0.004128352576139971,9,0.9253141248030765,True,191
465,24,"23 Aug 2009, 20:01:32.50",3.698862496220322,-0.0045173251636368,28.060363959319066,0.0004,0.0,2875.641,1.317605472474197,183,B0033,G4,24,4,0.9967683471039901,1.32569536827195,0.007868199986239019,-0.004720540886229108,0.004271848673055301,8,0.9253141248030765,True,191
467,24,"23 Aug 2009, 23:53:02.44",3.698749536561362,-0.0045498242880622,28.086209187094145,0.0006,0.0,2860.7810000000027,1.3185279522072382,184,B0033,G4,24,4,0.997466202887037,1.3238531593136413,0.008334582316094167,-0.0018422089583084666,0.0033493689400141413,7,0.9253141248030765,True,191
469,24,"24 Aug 2009, 03:44:13.05",3.6983865817874975,-0.0034905025384618,28.18473589727645,0.0004,0.0,2852.844,1.3215397269813982,185,B0033,G4,24,4,0.999744610062936,1.3222053246208392,0.0076570525474252155,-0.0016478346928021637,0.00033759416585410484,6,0.9253141248030765,True,191
471,24,"24 Aug 2009, 07:35:22.55",3.6938600206878487,-0.0034168042453458,29.357373081706413,0.0004,0.0,2854.64,1.3046615372928705,186,B0033,G4,24,4,0.9869762620335749,1.3160167315053632,0.006543601591651296,-0.006188593115475838,0.017215783854381828,5,0.9253141248030765,True,191
475,24,"24 Aug 2009, 12:38:30.39",3.683524492486472,-0.0041917527513147,31.900885556489055,0.0006,0.0,2897.844,1.3280324770208678,187,B0033,G4,24,4,1.0046563745176242,1.3180734331953143,0.008536718822170865,0.0020567016899510904,-0.006155155873615481,4,0.9253141248030765,True,191
477,24,"24 Aug 2009, 16:30:26.73",3.6937224217529874,-0.005174598929843,30.715274572351014,0.0004,0.0,2896.063,1.3634549770713926,188,B0033,G4,24,4,1.0314534906220005,1.3272433341147536,0.021967774101928805,0.009169900919439122,-0.04157765592414031,3,0.9253141248030765,True,191
479,24,"24 Aug 2009, 20:22:13.22",3.696958361716894,-0.0049627219737559,29.613151656531528,0.0004,0.0,2866.234,1.3291316747402466,189,B0033,G4,24,4,1.0054879174314741,1.3293640786213552,0.021421090998045213,0.0021207445066016906,-0.0072543535929943115,2,0.9253141248030765,True,191
481,24,"25 Aug 2009, 00:13:33.59",3.6995129931885007,-0.0039730115409675,28.86680477797147,0.0004,0.0,2836.609,1.3124201086917682,190,B0033,G4,24,4,0.992845620161426,1.3275401549634291,0.022609161356767913,-0.0018239236579260076,0.009457212455484143,1,0.9253141248030765,True,191
483,24,"25 Aug 2009, 04:04:24.88",3.70104888829149,-0.0032010346575026,28.67969579932708,0.0006,0.0,2829.516,1.3152825503676355,191,B0033,G4,24,4,0.9950110568703204,1.3296643575783822,0.02030365268362956,0.002124202614953008,0.006594770779616788,0,0.9253141248030765,True,191
1,24,"19 Jun 2009, 17:18:16.02",3.4610207112838625,-0.0032013975874125,32.423332464235564,0.0002,0.0,1819.406,0.7459302957645664,1,B0034,G4,24,4,0.4487279982604721,0.7459302957645664,0.0,0.0,0.9163914195200189,196,1.1636252006992096,True,197
5,24,"19 Jun 2009, 22:02:50.61",3.569719591815537,-0.0021747283459733,28.761559150881013,0.0004,0.0,3260.531,1.6623217152845853,2,B0034,G4,24,4,1.0,1.204126005524576,0.6479865869637716,0.0,0.0,195,1.1636252006992096,True,197
7,24,"20 Jun 2009, 01:59:39.75",3.607177929123132,-0.0037841213080569,28.70099633734389,0.0004,0.0,3265.75,1.645087369694532,3,B0034,G4,24,4,0.9896323645227105,1.3511131269145613,0.5241745415470134,0.0,0.017234345590053213,194,1.1636252006992096,True,197
9,24,"20 Jun 2009, 05:55:38.98",3.64052099258842,-0.0037169470625612,28.523071527910197,0.0006,0.0,3264.109,1.620729289277574,4,B0034,G4,24,4,0.9749793162030066,1.4185171675053145,0.4487157809674041,0.0,0.041592426007011296,193,1.1636252006992096,True,197
11,24,"20 Jun 2009, 09:50:35.16",3.652480048752134,-0.0039719968733202,28.07699777200596,0.0004,0.0,3253.531,1.5967402025126003,5,B0034,G4,24,4,0.9605482427565126,1.4541617745067716,0.3966888946118005,0.0,0.06558151277198498,192,1.1636252006992096,True,197
13,24,"20 Jun 2009, 13:47:19.16",3.676757555511718,-0.0025207445461126,27.795848100446243,0.0004,0.0,3242.578,1.4856500618812698,6,B0034,G4,24,4,0.8937199389390942,1.6021057277301125,0.06966156529426192,0.1479439532233407,0.17667165340331548,191,1.1636252006992096,True,197
17,24,"20 Jun 2009, 18:55:22.28",3.678781964938644,-0.0008656585110982,27.495042616371336,0.0006,0.0,3234.625,1.4866702197497013,7,B0034,G4,24,4,0.8943336335440863,1.5669754286231354,0.07572918275967605,-0.035130299106976806,0.17565149553488402,190,1.1636252006992096,True,197
19,24,"20 Jun 2009, 22:51:49.98",3.6806686360197607,-0.0040611201859791,27.87874703645478,0.0004,0.0,3235.36,1.4701330958405268,8,B0034,G4,24,4,0.8843854245078208,1.5319845738523346,0.07087806250645082,-0.034990854770801064,0.19218861944405852,189,1.1636252006992096,True,197
21,24,"21 Jun 2009, 02:48:20.08",3.6816451108930175,-0.0019298818818611,27.803427271553364,0.0006,0.0,3236.125,1.4565041801019636,9,B0034,G4,24,4,0.8761867012322664,1.4991395520172124,0.05595195931942281,-0.03284502183512208,0.2058175351826217,188,1.1636252006992096,True,197
23,24,"21 Jun 2009, 06:44:49.84",3.683202247295824,-0.0031291008524035,27.6875491488881,0.0006,0.0,3230.25,1.4418961035576472,10,B0034,G4,24,4,0.8673989458838286,1.4681707322262216,0.019222860250981685,-0.030968819790990622,0.2204256117269381,187,1.1636252006992096,True,197
25,24,"21 Jun 2009, 10:41:15.05",3.683317608574453,-0.0032049035336227,27.636054016668133,0.0004,0.0,3226.078,1.4370949588970292,11,B0034,G4,24,4,0.8645107295918361,1.4584597116293736,0.020412805677873815,-0.009711020596848119,0.22522675638755607,186,1.1636252006992096,True,197
29,24,"21 Jun 2009, 15:49:05.80",3.683314001784841,0.0006588552845539,27.88887675758409,0.0006,0.0,3224.5,1.4458703624967404,12,B0034,G4,24,4,0.8697897339620634,1.4502997401787814,0.01319530044537081,-0.008159971450592173,0.2164513527878449,185,1.1636252006992096,True,197
31,24,"21 Jun 2009, 19:45:24.47",3.684623755742781,-0.0039891437752915,27.69683882503535,0.0004,0.0,3222.188,1.432104054561837,13,B0034,G4,24,4,0.8615083599005169,1.4426939319230434,0.009286323243412048,-0.007605808255737934,0.23021766072274819,184,1.1636252006992096,True,197
33,24,"21 Jun 2009, 23:41:43.61",3.684972446426273,-0.0041939524338583,27.663660264450275,0.0006,0.0,3216.546000000002,1.426720633302465,14,B0034,G4,24,4,0.8582698644818063,1.4367372225631436,0.0076150275703991835,-0.005956709359899737,0.23560108198212038,183,1.1636252006992096,True,197
35,24,"22 Jun 2009, 03:37:57.22",3.686314176934777,-0.0047115005396784,27.60876896357645,0.0004,0.0,3211.859,1.4230846885129826,15,B0034,G4,24,4,0.8560825954615856,1.4329749395542108,0.008957655179657584,-0.0037622830089329095,0.23923702677160263,182,1.1636252006992096,True,197
37,24,"22 Jun 2009, 07:34:06.23",3.6863963923634366,-0.0032320305812023,28.259676291737293,0.0006,0.0,3215.859,1.4409479522418909,16,B0034,G4,24,4,0.8668285681362252,1.4337455382231832,0.009547036263419482,0.0007705986689723332,0.2213737630426944,181,1.1636252006992096,True,197
41,24,"22 Jun 2009, 12:41:48.36",3.6830423873655618,-0.0030776460698067,29.075184664827937,0.0006,0.0,3225.125,1.486901544051865,17,B0034,G4,24,4,0.894472790904564,1.441951774534208,0.026011639825722712,0.008206236311024906,0.17542017123272036,180,1.1636252006992096,True,197
43,24,"22 Jun 2009, 16:38:13.28",3.681208214980984,-0.0019908194220372,29.89322104742615,0.0004,0.0,3234.343,1.5245313226850703,18,B0034,G4,24,4,0.9171096717725753,1.4604372281588547,0.04393252164198544,0.018485453624646642,0.13779039259951498,179,1.1636252006992096,True,197
45,24,"22 Jun 2009, 20:34:46.06",3.686358589613999,-0.0048094965950771,28.33208343675977,0.0006,0.0,3218.25,1.4629049605190707,19,B0034,G4,24,4,0.8800372076404146,1.467674093602176,0.03977337570021604,0.007236865443321161,0.19941675476551457,178,1.1636252006992096,True,197
47,24,"23 Jun 2009, 00:31:03.38",3.6882253306784873,-0.0015571884618775,27.84137730338397,0.0004,0.0,3203.5,1.423079450854989,20,B0034,G4,24,4,0.8560794446527227,1.4676730460705771,0.03977484370936161,-1.0475315987079626e-06,0.23924226442959617,177,1.1636252006992096,True,197
49,24,"23 Jun 2009, 04:27:04.48",3.690108969149793,-0.0026467287643768,27.62001038479039,0.0004,0.0,3194.39,1.4051040863603437,21,B0034,G4,24,4,0.8452660357142681,1.4605042728942679,0.048145197847808255,-0.00716877317630944,0.2572176289242416,176,1.1636252006992096,True,197
53,24,"26 Jun 2009, 15:29:34.97",3.5781282282920546,-0.002820895676952,30.2418866947399,0.0002,0.0,3225.219,1.6329463925070862,22,B0034,G4,24,4,0.982328737868608,1.4897132425853121,0.0922570992432977,0.02920896969104425,0.029375322777499102,175,1.1636252006992096,True,197
57,24,"26 Jun 2009, 20:32:24.27",3.672626109956671,-0.0031814297377531,28.42491184252591,0.0004,0.0,3252.985,1.5687138208259117,23,B0034,G4,24,4,0.9436884607847115,1.4985497422134801,0.09834106908519148,0.008836499628168282,0.09360789445867357,174,1.1636252006992096,True,197
59,24,"27 Jun 2009, 00:28:29.45",3.6824479095931855,-0.0038364552329703,27.75416584197836,0.0004,0.0,3245.25,1.5149520966053402,24,B0034,G4,24,4,0.911347113302905,1.5089591694307343,0.09635944344986536,0.010409427217253908,0.14736961867924503,173,1.1636252006992096,True,197
61,24,"27 Jun 2009, 04:25:16.22",3.686018968891642,-0.0049971003392294,27.5950114084994,0.0004,0.0,3235.031,1.4855182940634626,25,B0034,G4,24,4,0.8936406716007711,1.521446938072429,0.0859287439029624,0.012487768641694697,0.1768034212211227,172,1.1636252006992096,True,197
63,24,"27 Jun 2009, 08:21:51.23",3.686578081733821,-0.0022903127598801,27.7131957503008,0.0006,0.0,3228.141,1.480771929049074,26,B0034,G4,24,4,0.8907854090058431,1.5365805066101748,0.06424303239667349,0.015133568537746056,0.18154978623551132,171,1.1636252006992096,True,197
65,24,"27 Jun 2009, 12:18:20.50",3.687131488440341,-0.0028214845629695,28.03233044163632,0.0004,0.0,3217.875,1.484026357317059,27,B0034,G4,24,4,0.8927431697918939,1.5067964995721694,0.037245094016215036,-0.029784007038005454,0.17829535796752638,170,1.1636252006992096,True,197
69,24,"27 Jun 2009, 17:26:12.72",3.686750485990863,-0.0022942501807927,28.384349464676884,0.0006,0.0,3220.219,1.4922153055506522,28,B0034,G4,24,4,0.8976693812215457,1.4914967965171175,0.013758997902253536,-0.015299703055051905,0.1701064097339331,169,1.1636252006992096,True,197
71,24,"27 Jun 2009, 21:22:21.78",3.688075165495123,-0.00510896792784,28.089098479297142,0.0004,0.0,3210.234,1.473312924099279,29,B0034,G4,24,4,0.8862983082953059,1.4831689620159054,0.006909740761753662,-0.00832783450121224,0.18900879118530622,168,1.1636252006992096,True,197
73,24,"28 Jun 2009, 01:18:34.66",3.690162277141576,-0.0030736889878201,27.568014076383093,0.0004,0.0,3210.546,1.441593178980006,30,B0034,G4,24,4,0.8672167160694336,1.4743839389992142,0.019545596029144394,-0.008785023016691308,0.22072853630457923,167,1.1636252006992096,True,197
75,24,"28 Jun 2009, 05:14:48.25",3.690965415547831,-0.0026654103779089,27.3972363542051,0.0004,0.0,3200.969,1.4225873198015788,31,B0034,G4,24,4,0.8557833942258496,1.4627470171497152,0.029551289689745054,-0.011636921849499026,0.23973439548300646,166,1.1636252006992096,True,197
77,24,"28 Jun 2009, 09:10:46.12",3.6918927555831567,-0.001590377847712,27.65963902346786,0.0004,0.0,3188.625,1.4266489379486664,32,B0034,G4,24,4,0.8582267348317878,1.4512715332760364,0.030351862556856426,-0.011475483873678494,0.23567277733591885,165,1.1636252006992096,True,197
81,24,"28 Jun 2009, 14:18:12.91",3.69045528775458,-0.0035509706877942,28.14021057702333,0.0004,0.0,3191.735,1.4596775560238575,33,B0034,G4,24,4,0.8780957034986242,1.4447639833706778,0.021607116560226024,-0.006507549905358933,0.20264415926072776,164,1.1636252006992096,True,197
83,24,"28 Jun 2009, 18:13:23.98",3.691458997128092,-0.0048417269359505,27.91396308900881,0.0004,0.0,3190.313,1.4396159938545154,34,B0034,G4,24,4,0.8660273042321756,1.4380245973217247,0.014593089990967903,-0.006739386048952722,0.22270572143006984,163,1.1636252006992096,True,197
85,24,"28 Jun 2009, 22:07:58.45",3.69484419462526,0.0007387327329248,27.40601408923019,0.0004,0.0,3182.156,1.4195512657848512,35,B0034,G4,24,4,0.8539570004605442,1.4336162146826938,0.016455949664914486,-0.004408382639030961,0.24277044949973403,162,1.1636252006992096,True,197
87,24,"29 Jun 2009, 02:03:46.14",3.693406095936799,-0.0041598655269046,27.48539859519225,0.0004,0.0,3180.156,1.4118101714470452,36,B0034,G4,24,4,0.8493002037246123,1.4314607850117873,0.018800470283093635,-0.002155429670906717,0.25051154383754004,161,1.1636252006992096,True,197
89,24,"29 Jun 2009, 05:59:12.22",3.694760595109032,-0.005405043794501,27.516026317682943,0.0004,0.0,3171.953,1.4044196701845313,37,B0034,G4,24,4,0.8448543126587853,1.4270149314589602,0.02248927900877421,-0.0044458535528270286,0.257902045100054,160,1.1636252006992096,True,197
93,24,"29 Jun 2009, 11:06:27.91",3.688748107701924,-0.0045796272971689,29.27142356345174,0.0004,0.0,3192.172,1.4735059098606866,38,B0034,G4,24,4,0.8864144024061108,1.429780602226326,0.027746126020820643,0.002765670767365824,0.18881580542389864,159,1.1636252006992096,True,197
95,24,"29 Jun 2009, 14:59:50.62",3.686272741131182,-0.0029702783615431,30.07905153611557,0.0006,0.0,3194.735,1.492658600645149,39,B0034,G4,24,4,0.8979360534850558,1.4403891235844528,0.0399173964779193,0.01060852135812671,0.16966311463943629,158,1.1636252006992096,True,197
97,24,"29 Jun 2009, 18:50:48.06",3.6890979765352783,-0.0017872799680272,29.076018368160504,0.0006,0.0,3178.75,1.4820260149945934,40,B0034,G4,24,4,0.8915398273196921,1.4528840734264012,0.041510208735807144,0.012494949841948433,0.18029570028999187,157,1.1636252006992096,True,197
99,24,"29 Jun 2009, 22:44:42.88",3.694474114219967,-0.0040536943446696,28.027506978378327,0.0004,0.0,3165.359,1.423575357658995,41,B0034,G4,24,4,0.8563777664513529,1.455237110668791,0.03884791240197353,0.0023530372423899324,0.23874635762559038,156,1.1636252006992096,True,197
101,24,"30 Jun 2009, 02:36:39.73",3.6958094970374473,-0.0037317315959172,27.74237960554569,0.0004,0.0,3155.25,1.403825219724535,42,B0034,G4,24,4,0.8444967101234093,1.4551182205767916,0.03904273553040489,-0.00011889009199927969,0.2584964955600504,155,1.1636252006992096,True,197
105,24,"01 Jul 2009, 11:15:23.88",3.679025249704935,-0.0051540955604478,29.425345474324672,0.0004,0.0,3173.766,1.5363173478836123,43,B0034,G4,24,4,0.9241997705724482,1.4676805081813769,0.05376680341919927,0.012562287604585132,0.12600436740097298,154,1.1636252006992096,True,197
109,24,"01 Jul 2009, 16:18:18.55",3.679772271279711,-0.0042039130165622,30.216698829687942,0.0006,0.0,3199.485,1.5440367168176732,44,B0034,G4,24,4,0.9288434979948138,1.4779561314158818,0.06372185639474244,0.010275623234504839,0.1182849984669121,153,1.1636252006992096,True,197
111,24,"01 Jul 2009, 20:10:02.44",3.685945393225432,-0.0063818470401415,29.28998523066485,0.0004,0.0,3196.015,1.507892155360249,45,B0034,G4,24,4,0.9071000766551989,1.4831293594890127,0.0651684165515379,0.005173228073131098,0.15442955992433638,152,1.1636252006992096,True,197
113,24,"14 Jul 2009, 16:14:47.94",3.533767789289108,-0.0036611404010032,31.383576867078386,0.0006,0.0,3595.281,1.8203060058691087,46,B0034,G4,24,4,1.0950383365216865,1.5624754891310357,0.1546367197237242,0.07934612964202277,-0.15798429058452346,151,1.1636252006992096,True,197
117,24,"14 Jul 2009, 21:23:50.22",3.634612494848189,-0.005488537815272,29.59727634102917,0.0004,0.0,3198.0,1.5936575758226643,47,B0034,G4,24,4,0.9586938323487124,1.6004419603506617,0.12673319436022898,0.03796647121962589,0.06866413946192096,150,1.1636252006992096,True,197
119,24,"15 Jul 2009, 01:16:15.02",3.676241262429476,-0.0063783027454204,28.76450674891552,0.0006,0.0,3183.516,1.533070464968097,48,B0034,G4,24,4,0.9222465488310362,1.5997925837675584,0.12715153776821828,-0.0006493765831030451,0.1292512503164882,149,1.1636252006992096,True,197
121,24,"15 Jul 2009, 05:09:04.55",3.684067305073578,-0.0036214619144297,28.3595230249944,0.0004,0.0,3183.797,1.4862143093107285,49,B0034,G4,24,4,0.8940593722896126,1.5882281022661693,0.13582403671162954,-0.011564481501388935,0.17610740597385677,148,1.1636252006992096,True,197
123,24,"15 Jul 2009, 09:04:59.11",3.68217409158981,-0.0056427973997672,29.252204505097044,0.0006,0.0,3191.516,1.5029318848267783,50,B0034,G4,24,4,0.9041161352870134,1.5872360481594754,0.1365735472941341,-0.000992054106694118,0.15938983045780697,147,1.1636252006992096,True,197
125,24,"15 Jul 2009, 12:57:49.30",3.680780727872025,-0.0046491861225823,30.24922226218019,0.0006,0.0,3189.985,1.5202185406928062,51,B0034,G4,24,4,0.914515238966573,1.527218555124215,0.04113568721651285,-0.060017493035260515,0.14210317459177912,146,1.1636252006992096,True,197
129,24,"15 Jul 2009, 18:00:54.64",3.682019900459505,-0.0051222747617883,29.76964420479117,0.0004,0.0,3189.734,1.5118194735004464,52,B0034,G4,24,4,0.9094626266382057,1.5108509346597712,0.017692316808753144,-0.016367620464443577,0.15050224178413885,145,1.1636252006992096,True,197
131,24,"15 Jul 2009, 21:52:48.09",3.6865825470686953,-0.004905204444759,29.032696695890014,0.0004,0.0,3176.016,1.464601301820905,53,B0034,G4,24,4,0.8810576727442732,1.4971571020303327,0.022134746703074464,-0.013693832629438418,0.1977204134636803,144,1.1636252006992096,True,197
133,24,"16 Jul 2009, 01:44:58.39",3.687845770901311,-0.0048734060561861,28.83753783748323,0.0006,0.0,3171.36,1.4546140961511749,54,B0034,G4,24,4,0.8750496866980702,1.4908370593984224,0.02936935472912639,-0.006320042631910727,0.2077076191334104,143,1.1636252006992096,True,197
135,24,"16 Jul 2009, 05:37:32.72",3.687847958571749,-0.0032538021110009,29.253046513560527,0.0006,0.0,3170.843,1.4333400490204142,55,B0034,G4,24,4,0.8622518949498473,1.4769186922371493,0.03755413647957882,-0.013918367161272815,0.22898166626417105,142,1.1636252006992096,True,197
137,24,"16 Jul 2009, 09:29:18.12",3.6875307058867146,-0.0023792131004174,29.361950916961696,0.0006,0.0,3164.672,1.449326234639616,56,B0034,G4,24,4,0.8718686769916226,1.4627402310265114,0.02967564529790491,-0.014178461210638016,0.2129954806449692,141,1.1636252006992096,True,197
141,24,"16 Jul 2009, 14:36:00.45",3.685293941842625,-0.0044089298210159,30.48769786611391,0.0006,0.0,3177.453,1.495199821798908,57,B0034,G4,24,4,0.8994647715005838,1.4594163006862035,0.022979263054699463,-0.00332393034030769,0.1671218934856773,140,1.1636252006992096,True,197
143,24,"16 Jul 2009, 18:26:09.14",3.686634681165349,-0.0060882177489221,29.77188637538317,0.0004,0.0,3172.375,1.4720590241846008,58,B0034,G4,24,4,0.8855440018917085,1.4609078451589428,0.02363269355293415,0.001491544472739159,0.1902626910999845,139,1.1636252006992096,True,197
145,24,"16 Jul 2009, 22:18:31.58",3.692943356726504,-0.0082080527899702,28.368590933221387,0.0004,0.0,3158.406,1.4097383014648728,59,B0034,G4,24,4,0.8480538324818365,1.4519326862216826,0.033203766178735994,-0.008975158937260419,0.2525834138197125,138,1.1636252006992096,True,197
147,24,"17 Jul 2009, 02:10:38.27",3.694993239040884,-0.0045832246622285,28.098199862873987,0.0004,0.0,3141.578,1.3861944181384176,60,B0034,G4,24,4,0.833890579298066,1.442503560045283,0.04455685128026208,-0.009429126176399327,0.2761272971461677,137,1.1636252006992096,True,197
149,24,"17 Jul 2009, 06:02:31.67",3.69650916093345,-0.0044287037153728,27.86809789553978,0.0006,0.0,3138.187,1.3624125407550536,61,B0034,G4,24,4,0.8195841564409884,1.4251208212683706,0.0565651757476307,-0.017382738776912498,0.2999091745295317,136,1.1636252006992096,True,197
153,24,"17 Jul 2009, 11:08:50.73",3.68887412600704,-0.0045239611409651,29.74455148567073,0.0006,0.0,3157.969,1.4471377445077278,62,B0034,G4,24,4,0.8705521507670262,1.4155084058101344,0.04446954679413033,-0.009612415458236035,0.21518397077685747,135,1.1636252006992096,True,197
155,24,"17 Jul 2009, 15:00:00.14",3.687864833147013,-0.0049068245087516,30.70090358246702,0.0006,0.0,3159.281,1.4554483390450048,63,B0034,G4,24,4,0.8755515407532505,1.4121862687822153,0.03953544366897694,-0.003322137027919192,0.20687337623958046,134,1.1636252006992096,True,197
157,24,"17 Jul 2009, 18:49:14.75",3.689635045129931,-0.0042960093754933,29.56096055512958,0.0004,0.0,3150.375,1.4423952167302958,64,B0034,G4,24,4,0.8676991965320994,1.4187176518353,0.04166982839424662,0.006531383053084605,0.21992649855428947,133,1.1636252006992096,True,197
159,24,"17 Jul 2009, 22:40:36.95",3.695738523410934,-0.007469071879497,28.26937151803916,0.0004,0.0,3134.078,1.377541945989605,65,B0034,G4,24,4,0.8286855265881992,1.4169871574055375,0.04349771074595716,-0.0017304944297625191,0.2847797692949803,132,1.1636252006992096,True,197
161,24,"18 Jul 2009, 02:32:19.20",3.6966933733569296,-0.0071013143499435,28.02838458286248,0.0004,0.0,3129.797,1.3539935892900532,66,B0034,G4,24,4,0.8145195823651097,1.4153033671125372,0.046216416058514065,-0.001683790293000076,0.3083281259945321,131,1.1636252006992096,True,197
165,24,"23 Jul 2009, 10:25:18.89",3.65211969312403,-0.0017487127915538,29.55426764271927,0.0006,0.0,3161.89,1.5509038861664448,67,B0034,G4,24,4,0.9329745691861662,1.4360565954442808,0.07707856252839862,0.020753228331743402,0.11141782911814047,130,1.1636252006992096,True,197
169,24,"23 Jul 2009, 15:28:51.73",3.670709128901108,-0.0027655976117201,30.41919319394489,0.0006,0.0,3196.859,1.5562932697752867,68,B0034,G4,24,4,0.936216651365138,1.456225581590337,0.09461936552482546,0.02016898614605638,0.10602844550929857,129,1.1636252006992096,True,197
171,24,"23 Jul 2009, 19:19:21.39",3.6815342214187607,-0.0068271591979247,29.081993346351247,0.0004,0.0,3171.906,1.5067526605064707,69,B0034,G4,24,4,0.9064145927062731,1.4690970703455721,0.09662379097178492,0.012871488755234983,0.15556905477811456,128,1.1636252006992096,True,197
173,24,"23 Jul 2009, 23:11:10.81",3.6866524993296825,-0.003599745085958,28.200992360252396,0.0004,0.0,3160.842999999993,1.444138733302766,70,B0034,G4,24,4,0.8687480407819452,1.4824164278082042,0.08470268487931118,0.013319357462632197,0.2181829819818193,127,1.1636252006992096,True,197
175,24,"24 Jul 2009, 03:02:51.23",3.6900109121532414,-0.0035479741227834,27.873881217853597,0.0004,0.0,3147.141,1.4144103811292437,71,B0034,G4,24,4,0.8508644073671986,1.4944997861760423,0.06344394866271608,0.012083358367838092,0.2479113341553416,126,1.1636252006992096,True,197
177,24,"24 Jul 2009, 06:55:12.22",3.6916342367055286,-0.0036923310453933,27.679650143610534,0.0004,0.0,3141.203,1.3897574212362729,72,B0034,G4,24,4,0.8360339689109758,1.462270493190008,0.06836746736061634,-0.032229292986034386,0.2725642940483124,125,1.1636252006992096,True,197
181,24,"24 Jul 2009, 12:01:07.84",3.686972480491973,-0.0016738145786319,29.44226764128785,0.0004,0.0,3151.047,1.449968311475299,73,B0034,G4,24,4,0.8722549300434712,1.4410055015300105,0.04400711357228923,-0.021264991659997533,0.21235340380928625,124,1.1636252006992096,True,197
183,24,"24 Jul 2009, 15:46:09.42",3.6857312238547992,-0.0022449164798937,30.424730294573017,0.0006,0.0,3159.172,1.4678653068012166,74,B0034,G4,24,4,0.8830211945765997,1.4332280307889598,0.0309952381421289,-0.007777470741050818,0.19445640848336865,123,1.1636252006992096,True,197
185,24,"24 Jul 2009, 19:35:49.25",3.6895858060904394,-0.0035674375077697,28.78005922349869,0.0004,0.0,3141.047,1.4290644310445066,75,B0034,G4,24,4,0.8596798188369057,1.4302131703373078,0.03039598808116658,-0.0030148604516518685,0.23325728424007863,122,1.1636252006992096,True,197
187,24,"24 Jul 2009, 23:28:02.16",3.692893871183382,-0.0060571347879182,27.9548155144276,0.0006,0.0,3135.0310000000027,1.376744834668327,76,B0034,G4,24,4,0.828206009708916,1.4226800610451245,0.038797746262309085,-0.007533109292183315,0.2855768806162582,121,1.1636252006992096,True,197
189,24,"25 Jul 2009, 03:20:05.39",3.696917515211596,-0.0046130910598251,27.514398421586943,0.0006,0.0,3117.984,1.3515813262521057,77,B0034,G4,24,4,0.8130684414603333,1.415044842048291,0.049246084848632084,-0.007635218996833437,0.3107403890324796,120,1.1636252006992096,True,197
193,24,"25 Jul 2009, 08:26:42.52",3.697403360677615,-0.004904107711845,27.60761790544708,0.0004,0.0,3125.328,1.353993472828928,78,B0034,G4,24,4,0.814519512305792,1.3958498743190169,0.050907009654307715,-0.019194967729274204,0.30832824245565726,119,1.1636252006992096,True,197
195,24,"25 Jul 2009, 12:19:43.72",3.696508313437771,-0.0059968707519514,27.696786889772994,0.0006,0.0,3120.172,1.3577165116893766,79,B0034,G4,24,4,0.8167591743556926,1.373820115296649,0.032432522044633164,-0.022029759022368013,0.3046052035952087,118,1.1636252006992096,True,197
197,24,"25 Jul 2009, 16:13:02.19",3.6973695432748106,-0.0050563055311816,27.44312092577292,0.0004,0.0,3116.641,1.334169315351027,80,B0034,G4,24,4,0.8025939281690853,1.3548410921579528,0.015220946603984693,-0.018979023138695927,0.32815239993355827,117,1.1636252006992096,True,197
199,24,"25 Jul 2009, 20:06:55.42",3.698565441760067,-0.0042881622976616,27.618667101739792,0.0006,0.0,3110.844,1.3372147888783987,81,B0034,G4,24,4,0.804425988413122,1.3469350829999673,0.010548656186888253,-0.007906009157985672,0.32510692640618655,116,1.1636252006992096,True,197
201,24,"26 Jul 2009, 00:01:09.55",3.700157860351176,-0.0045392518152925,27.441762772289465,0.0004,0.0,3101.406,1.339045224276927,82,B0034,G4,24,4,0.8055271202708713,1.3444278626049315,0.010657486959431148,-0.002507220395035725,0.3232764910076582,115,1.1636252006992096,True,197
205,24,"26 Jul 2009, 05:07:11.55",3.697647020957797,-0.0028433614960004,27.488206031076924,0.0004,0.0,3099.563,1.3439244604756322,83,B0034,G4,24,4,0.8084623139544055,1.3424140601342724,0.009257478408751123,-0.002013802470659165,0.3183972548089531,114,1.1636252006992096,True,197
207,24,"26 Jul 2009, 09:01:35.14",3.698302552639697,-0.0050322625090716,27.49691024563133,0.0006,0.0,3104.64,1.3454786192090245,84,B0034,G4,24,4,0.8093972465364094,1.3399664816382018,0.0046924652957740795,-0.002447578496070424,0.3168430960755608,113,1.1636252006992096,True,197
209,24,"26 Jul 2009, 12:55:45.11",3.699918714465385,-0.0051777818930393,27.51465033294442,0.0004,0.0,3099.875,1.3482263029682544,85,B0034,G4,24,4,0.8110501659045232,1.3427778791616476,0.0045600069483837545,0.0028113975234454803,0.31409541231633087,112,1.1636252006992096,True,197
211,24,"26 Jul 2009, 16:49:47.36",3.698995093204677,-0.0035660201443755,27.421579054416355,0.0004,0.0,3093.25,1.3373192299576058,86,B0034,G4,24,4,0.804488816852555,1.3427987673774886,0.00452828194580009,2.0888215841408098e-05,0.3250024853269795,111,1.1636252006992096,True,197
213,24,"26 Jul 2009, 20:43:48.92",3.6984005095945145,-0.0056112246997157,27.588644714289572,0.0006,0.0,3086.688,1.3402523341553034,87,B0034,G4,24,4,0.8062532792732335,1.343040189353164,0.0043047985730524044,0.00024142197567527112,0.32206938112928185,110,1.1636252006992096,True,197
217,24,"27 Jul 2009, 01:50:03.89",3.700137234616709,-0.0040078084180901,27.431310714658416,0.0004,0.0,3094.281,1.329096568237912,88,B0034,G4,24,4,0.7995423244593625,1.34007461090562,0.00747988167959902,-0.0029655784475440595,0.3332251470466734,109,1.1636252006992096,True,197
219,24,"27 Jul 2009, 05:43:49.02",3.6995647202678414,-0.0032648270279603,27.661208665350728,0.0006,0.0,3088.328,1.3323485655766352,89,B0034,G4,24,4,0.8014986228755007,1.3374486001791421,0.007412882852972678,-0.0026260107264778564,0.3299731497079501,108,1.1636252006992096,True,197
221,24,"27 Jul 2009, 09:37:15.14",3.6986748227138766,-0.0050868872457578,28.3500974094936,0.0006,0.0,3095.687,1.3501541310555516,90,B0034,G4,24,4,0.8122098861136567,1.3378341657966017,0.008129139898871643,0.00038556561745943795,0.3121675842290337,107,1.1636252006992096,True,197
223,24,"27 Jul 2009, 13:29:48.03",3.695807960223112,-0.0023562965246473,29.12655903629689,0.0004,0.0,3102.062,1.381523441054128,91,B0034,G4,24,4,0.831080667689897,1.346675008015906,0.021106970530242825,0.008840842219304434,0.28079827423045733,106,1.1636252006992096,True,197
225,24,"27 Jul 2009, 17:21:22.67",3.6937670917926937,-0.0062653361547971,29.13200204242109,0.0004,0.0,3107.141,1.3835971952817807,92,B0034,G4,24,4,0.8323281724349684,1.3553439802412015,0.026116367452328086,0.008668972225295456,0.27872452000280457,105,1.1636252006992096,True,197
229,24,"27 Jul 2009, 22:28:00.19",3.698276632968904,-0.005286244100395,27.76743062287525,0.0004,0.0,3090.719,1.33011618620809,93,B0034,G4,24,4,0.8001556942786958,1.355547903835237,0.02586293499569285,0.00020392359403560435,0.33220552907649537,104,1.1636252006992096,True,197
231,24,"28 Jul 2009, 02:21:28.11",3.701305206194247,-0.0066663383511344,27.291173797869234,0.0006,0.0,3069.812,1.3176982121703231,94,B0034,G4,24,4,0.7926854351082916,1.3526178331539747,0.029694397278240064,-0.002930070681262409,0.34462350311426215,103,1.1636252006992096,True,197
233,24,"28 Jul 2009, 06:15:44.12",3.704460375412854,-0.0065182909448389,27.0259006461772,0.0004,0.0,3064.437,1.3063657719651272,95,B0034,G4,24,4,0.7858681986485875,1.3438601613358898,0.03632054575819503,-0.00875767181808489,0.3559559433194581,102,1.1636252006992096,True,197
235,24,"28 Jul 2009, 10:09:52.30",3.699160227682389,-0.0046940778778484,28.2349757640868,0.0006,0.0,3083.25,1.3381567383793782,96,B0034,G4,24,4,0.8049926353457334,1.3351868208009399,0.029642032617565043,-0.008673340534949947,0.32416497690520707,101,1.1636252006992096,True,197
237,24,"28 Jul 2009, 14:03:56.17",3.6962286900083554,-0.0055661279722179,28.97263360637098,0.0004,0.0,3076.484,1.3563258092165067,97,B0034,G4,24,4,0.8159225718737044,1.329732543587885,0.019164727790117117,-0.005454277213054803,0.3059959060680786,100,1.1636252006992096,True,197
241,24,"28 Jul 2009, 19:09:29.83",3.694994804805415,-0.0052909993914495,28.71383142975177,0.0006,0.0,3081.297,1.3648997529550058,98,B0034,G4,24,4,0.8210803843835598,1.3366892569372681,0.02481810475721586,0.00695671334938317,0.2974219623295795,99,1.1636252006992096,True,197
243,24,"28 Jul 2009, 23:02:26.66",3.701108058011452,-0.0040424852026492,27.543320584173337,0.0004,0.0,3065.953,1.3337639975535058,99,B0034,G4,24,4,0.8023501018424516,1.3399024140139049,0.022693769872406774,0.003213157076636541,0.32855771773107945,98,1.1636252006992096,True,197
245,24,"29 Jul 2009, 02:56:24.12",3.7037621408646815,-0.0036274674425485,27.363866382694223,0.0006,0.0,3055.828,1.3060123668658763,100,B0034,G4,24,4,0.7856556013540918,1.3398317329940546,0.022824508323521137,-7.068101985017173e-05,0.356309348418709,97,1.1636252006992096,True,197
247,24,"29 Jul 2009, 06:50:26.91",3.701686498427063,-0.0045729596722973,27.51147161716449,0.0006,0.0,3051.468,1.3101868361375808,101,B0034,G4,24,4,0.7881668296159388,1.3342377525456952,0.026473495883763555,-0.005593980448359482,0.3521348791470045,96,1.1636252006992096,True,197
249,24,"29 Jul 2009, 10:44:27.91",3.697139339087963,-0.005916277946789,28.97237646088682,0.0006,0.0,3069.0,1.3567668941696105,102,B0034,G4,24,4,0.8161879145862782,1.3343259695363159,0.026566073293116076,8.821699062075972e-05,0.3055548211149748,95,1.1636252006992096,True,197
253,24,"29 Jul 2009, 15:50:33.84",3.6935708706933137,-0.0056276343056008,29.771572583922037,0.0006,0.0,3079.235,1.3916857433587717,103,B0034,G4,24,4,0.8371939863160114,1.339683167617069,0.03547856594096305,0.005357198080753189,0.27063597192581357,94,1.1636252006992096,True,197
255,24,"29 Jul 2009, 19:41:04.11",3.696185500839972,-0.0035745926562875,28.70811065396856,0.0004,0.0,3070.344,1.3629935079344777,104,B0034,G4,24,4,0.8199336478625839,1.3455290696932634,0.0366482506436487,0.0058459020761943755,0.29932820735010757,93,1.1636252006992096,True,197
257,24,"29 Jul 2009, 23:34:17.86",3.7025959863203344,-0.0027018969332072,27.50556083128472,0.0006,0.0,3051.4839999999967,1.3211711973900628,105,B0034,G4,24,4,0.7947746728219102,1.3485608357981007,0.03300816267674399,0.003031766104837308,0.34115051789452244,92,1.1636252006992096,True,197
259,24,"30 Jul 2009, 03:28:18.17",3.70221534403826,-0.0046368618314869,27.41636147187869,0.0004,0.0,3054.812,1.3074869015593356,106,B0034,G4,24,4,0.7865426346400685,1.3480208488824517,0.03380533059939306,-0.0005399869156490489,0.3548348137252497,91,1.1636252006992096,True,197
261,24,"30 Jul 2009, 07:22:22.19",3.7036864360029376,-0.0028824647139502,27.59130904030508,0.0004,0.0,3046.532,1.3105881895483489,107,B0034,G4,24,4,0.788408271093288,1.3387851079581994,0.036977755584592674,-0.009235740924252323,0.3517335257362364,90,1.1636252006992096,True,197
265,24,"30 Jul 2009, 12:28:05.95",3.6938099702610048,-0.0054555258768117,29.559921108464067,0.0006,0.0,3071.782,1.376312668196664,108,B0034,G4,24,4,0.8279460320718018,1.335710492925778,0.031748983826159136,-0.003074615032421546,0.2860090470879213,89,1.1636252006992096,True,197
267,24,"30 Jul 2009, 16:19:05.44",3.693296575799753,-0.0038879863537628,30.20112997191533,0.0006,0.0,3074.532,1.391764929132287,109,B0034,G4,24,4,0.8372416219648676,1.3414647771653399,0.03957325444947371,0.00575428423956188,0.27055678615229817,88,1.1636252006992096,True,197
269,24,"30 Jul 2009, 20:09:43.30",3.695452176566573,-0.0025944743806491,29.143005926543022,0.0006,0.0,3053.656,1.3649746353453525,110,B0034,G4,24,4,0.8211254312536441,1.3502254647563976,0.03879853633547062,0.008760687591057924,0.2973470799392328,87,1.1636252006992096,True,197
271,24,"31 Jul 2009, 00:03:07.41",3.7009994943378,-0.0062495294704794,27.899959839869297,0.0004,0.0,3031.953,1.3219093937291897,111,B0034,G4,24,4,0.7952187483172487,1.3531099631903685,0.035195593208845195,0.002884498433970828,0.3404123215553956,86,1.1636252006992096,True,197
273,24,"31 Jul 2009, 03:56:28.39",3.701035746267237,-0.008464824361025,27.682421715527408,0.0004,0.0,3023.5,1.3090033888073913,112,B0034,G4,24,4,0.7874549052517751,1.3527930030421769,0.03567809368768977,-0.0003169601481915141,0.35331832647719397,85,1.1636252006992096,True,197
277,24,"31 Jul 2009, 09:01:51.91",3.701365373204017,-0.0041281739636338,28.313484932088546,0.0004,0.0,3042.703,1.3327005721973733,113,B0034,G4,24,4,0.8017103788896954,1.3440705838423188,0.03377067374784691,-0.008722419199858144,0.329621143087212,84,1.1636252006992096,True,197
279,24,"31 Jul 2009, 15:42:00.56",3.721540020582682,-0.0061347622167827,28.339305430079257,0.0006,0.0,4424.203,1.7423975189669398,114,B0034,G4,24,4,1.0481710627648546,1.4141971018092492,0.18463666190916547,0.07012651796693055,-0.08007580368235456,83,1.1636252006992096,True,197
283,24,"31 Jul 2009, 21:03:02.06",3.694937618880021,-0.0043874946783828,29.18654908235758,0.0006,0.0,3066.766,1.37734756281946,115,B0034,G4,24,4,0.8285685918406364,1.4166716873040708,0.1838934522596934,0.002474585494821513,0.28497415246512525,82,1.1636252006992096,True,197
285,24,"01 Aug 2009, 00:54:40.03",3.697085097910573,-0.0046522263964821,28.43808516928293,0.0004,0.0,3046.125,1.34875988767775,116,B0034,G4,24,4,0.8113711535356113,1.4220417860937828,0.18080039931911776,0.005370098789712063,0.31356182760683526,81,1.1636252006992096,True,197
287,24,"01 Aug 2009, 04:46:48.45",3.6998729715709247,-0.0024866820282222,28.24554351123428,0.0004,0.0,3033.625,1.3501504559881146,117,B0034,G4,24,4,0.8122076753096931,1.4302711995299275,0.17521929505021758,0.00822941343614465,0.3121712592964707,80,1.1636252006992096,True,197
289,24,"01 Aug 2009, 08:40:39.03",3.6990328426629033,-0.0042647540652397,28.14294399531155,0.0004,0.0,3028.562,1.3387814875085953,118,B0034,G4,24,4,0.8053684645991641,1.431487382592172,0.17439190779179983,0.0012161830622444026,0.32354022777599,79,1.1636252006992096,True,197
291,24,"01 Aug 2009, 12:33:32.73",3.699758841015124,-0.0040424214536057,28.113262741689677,0.0004,0.0,3020.984,1.3253371210402685,119,B0034,G4,24,4,0.797280760309008,1.3480753030068375,0.019137920709058745,-0.08341207958533428,0.3369845942443168,78,1.1636252006992096,True,197
295,24,"01 Aug 2009, 17:38:48.78",3.697526032971068,-0.005968414642277,28.22774742303791,0.0004,0.0,3017.391,1.3308160596334049,120,B0034,G4,24,4,0.8005767159250353,1.3387690023696268,0.01087451338911165,-0.009306300637211029,0.3315056556511804,77,1.1636252006992096,True,197
297,24,"01 Aug 2009, 21:30:33.97",3.699390915279102,-0.0054812021166597,28.02745217836381,0.0004,0.0,3022.14,1.333083376618503,121,B0034,G4,24,4,0.8019406618834204,1.3356337001577772,0.009438989841920563,-0.003135302211849389,0.3292383386660822,76,1.1636252006992096,True,197
299,24,"02 Aug 2009, 01:23:21.30",3.699143930272442,-0.0058227074717729,28.106715250635936,0.0004,0.0,3009.016,1.3333226534895923,122,B0034,G4,24,4,0.8020846032570361,1.3322681396580727,0.0048566414944532545,-0.0033655604997044454,0.32899906179499294,75,1.1636252006992096,True,197
301,24,"02 Aug 2009, 05:16:47.78",3.700383951180837,-0.003637349945013,27.997316301666043,0.0004,0.0,3014.672,1.3264281097516477,123,B0034,G4,24,4,0.7979370645017211,1.3297974641066834,0.0037252156685036028,-0.0024706755513895116,0.33589360553293757,74,1.1636252006992096,True,197
303,24,"02 Aug 2009, 09:10:15.05",3.700274823663255,-0.0063417432525461,27.91410262505652,0.0004,0.0,3010.703,1.323971040986857,124,B0034,G4,24,4,0.7964589698933197,1.329524248096001,0.004158973378915914,-0.0002732160106822867,0.33835067429772825,73,1.1636252006992096,True,197
307,24,"02 Aug 2009, 14:15:27.17",3.70067803857612,-0.0033394884357593,28.131573455830324,0.0004,0.0,3011.75,1.3249364225071156,125,B0034,G4,24,4,0.7970397127852534,1.328348320670743,0.0045181184774368156,-0.00117592742525785,0.33738529277746965,72,1.1636252006992096,True,197
309,24,"02 Aug 2009, 18:08:54.38",3.698986597552277,-0.0057303572085642,28.137234745337157,0.0004,0.0,3005.734,1.3283067675570923,126,B0034,G4,24,4,0.7990672054294192,1.327392998858461,0.0036970038988468567,-0.0009553218122821505,0.33401494772749296,71,1.1636252006992096,True,197
311,24,"02 Aug 2009, 22:02:10.05",3.699797664766319,-0.0025231054449665,28.179948517555754,0.0006,0.0,2993.75,1.314584348909226,127,B0034,G4,24,4,0.7908122337703881,1.3236453379423878,0.005323233253404341,-0.003747660916073281,0.34773736637535935,70,1.1636252006992096,True,197
313,24,"03 Aug 2009, 01:55:22.88",3.701644834155021,-0.0042234054672374,28.032896808013184,0.0004,0.0,2998.125,1.3166841798543305,128,B0034,G4,24,4,0.7920754254412886,1.3216965519629242,0.005811030848660882,-0.001948785979463441,0.34563753543025477,69,1.1636252006992096,True,197
315,24,"03 Aug 2009, 05:48:39.62",3.7013241405938473,-0.0038323711021358,28.033060389815997,0.0004,0.0,2990.859,1.3041727649654071,129,B0034,G4,24,4,0.7845489552196194,1.3177368967586343,0.00946820708775461,-0.00395965520428998,0.35814895031917815,68,1.1636252006992096,True,197
319,24,"03 Aug 2009, 10:53:34.97",3.697000618515456,-0.0040691407880513,29.775495993532815,0.0006,0.0,3024.453,1.3534450073572306,130,B0034,G4,24,4,0.8141895728803159,1.3234386137286573,0.018836639106497403,0.005701716970022997,0.30887670792735467,67,1.1636252006992096,True,197
321,24,"03 Aug 2009, 14:44:14.31",3.693786834919276,-0.0083704710529097,30.35944811498184,0.0006,0.0,3030.765,1.371294082513786,131,B0034,G4,24,4,0.8249270101600182,1.332036076719996,0.028792972288492594,0.008597462991338744,0.29102763277079924,66,1.1636252006992096,True,197
323,24,"03 Aug 2009, 18:38:05.89",3.696151787310516,-0.0046573685505823,29.673669486506757,0.0006,0.0,3020.813,1.357699321922511,132,B0034,G4,24,4,0.8167488335373616,1.340659071322653,0.028715850083096652,0.00862299460265703,0.3046223933620742,65,1.1636252006992096,True,197
325,24,"03 Aug 2009, 22:31:42.52",3.698604493598102,-0.0038441317593606,28.713860135654144,0.0004,0.0,2998.156,1.3286903090919502,133,B0034,G4,24,4,0.7992979318473752,1.343060297170177,0.026636566053747843,0.0024012258475239355,0.3336314061926351,64,1.1636252006992096,True,197
327,24,"04 Aug 2009, 02:24:55.45",3.701548731599884,-0.0060321787689738,28.34520403879084,0.0004,0.0,2986.766,1.3143943268181724,134,B0034,G4,24,4,0.7906979225096337,1.34510460954073,0.023057689793459856,0.0020443123705530474,0.3479273884664129,63,1.1636252006992096,True,197
331,24,"05 Aug 2009, 10:47:54.89",3.689974457912647,-0.0051618901853086,29.30865044484249,0.0004,0.0,3032.328,1.3866783030110723,135,B0034,G4,24,4,0.8341816690842401,1.3517512686714983,0.02985191618418758,0.00664665913076834,0.27564341227351297,62,1.1636252006992096,True,197
335,24,"05 Aug 2009, 15:53:12.47",3.691048514594982,-0.0035795076956684,30.300169126866948,0.0006,0.0,3047.703,1.3868330458429208,136,B0034,G4,24,4,0.8342747574620346,1.3548590613373253,0.03303432018308088,0.0031077926658269472,0.2754886694416645,61,1.1636252006992096,True,197
337,24,"05 Aug 2009, 19:44:54.08",3.6963590869893626,-0.007016009402749,28.931797670662107,0.0004,0.0,3034.968,1.3548037379291014,137,B0034,G4,24,4,0.8150069420811016,1.3542799445386433,0.032997440578734216,-0.0005791167986819445,0.3075179773554839,60,1.1636252006992096,True,197
339,24,"05 Aug 2009, 23:38:49.91",3.69722539584919,-0.0046483630114703,28.51150723876704,0.0004,0.0,3011.7339999999967,1.3255787669951669,138,B0034,G4,24,4,0.7974261268482744,1.3536576361192867,0.03362408418913398,-0.0006223084193566653,0.3367429482894184,59,1.1636252006992096,True,197
341,24,"06 Aug 2009, 03:32:21.31",3.7007900412832697,-0.0051342582457884,27.96478454970628,0.0004,0.0,3002.922,1.3119728676377551,139,B0034,G4,24,4,0.7892412494973325,1.3531733442832032,0.034340777231315366,-0.0004842918360834503,0.35034884764683016,58,1.1636252006992096,True,197
343,24,"06 Aug 2009, 07:22:48.56",3.702764555021945,-0.00542054845694,27.459195173811324,0.0004,0.0,2986.718,1.3064487948795198,140,B0034,G4,24,4,0.7859181425996465,1.3371274426568927,0.03350523237502701,-0.016045901626310498,0.35587292040506546,57,1.1636252006992096,True,197
347,24,"06 Aug 2009, 12:25:17.05",3.697725013654597,-0.0042008936728851,29.17925871152735,0.0006,0.0,3006.203,1.3418431880549024,141,B0034,G4,24,4,0.8072102865029241,1.3281294710992892,0.02023101697785488,-0.008997971557603669,0.32047852722968284,56,1.1636252006992096,True,197
349,24,"06 Aug 2009, 16:13:25.92",3.6948636858240262,-0.0051157151155786,29.87365856448165,0.0004,0.0,3011.609,1.3609210170759327,142,B0034,G4,24,4,0.8186869031202822,1.3293529269286555,0.02232409543313713,0.0012234558293662712,0.30140069820865256,55,1.1636252006992096,True,197
351,24,"06 Aug 2009, 20:00:59.56",3.7005901751606296,-0.0037154406699486,28.594102453259467,0.0004,0.0,2985.953,1.329960367739497,143,B0034,G4,24,4,0.8000619588319648,1.3302292470775214,0.022224682021065194,0.0008763201488660499,0.33236134754508817,54,1.1636252006992096,True,197
353,24,"06 Aug 2009, 23:49:34.39",3.70342079278689,-0.0030469713161786,27.83326672128868,0.0004,0.0,2976.312999999994,1.299069387625936,144,B0034,G4,24,4,0.7814789253375894,1.3276485510751574,0.025397280638193343,-0.0025806960023638135,0.36325232765864923,53,1.1636252006992096,True,197
355,24,"07 Aug 2009, 03:40:19.73",3.702876598031195,-0.0060253692989011,27.77239299997717,0.0004,0.0,2964.75,1.2984544371955695,145,B0034,G4,24,4,0.7811089906704837,1.3260496795383676,0.02724964278098294,-0.0015988715367900586,0.36386727808901576,52,1.1636252006992096,True,197
359,24,"07 Aug 2009, 08:44:36.25",3.699257813248748,-0.0062794788494123,28.62406109552009,0.0004,0.0,2969.953,1.317648609161009,146,B0034,G4,24,4,0.7926555955117454,1.321210763759589,0.02585652562419032,-0.004838915778778707,0.3446731061235764,51,1.1636252006992096,True,197
361,24,"07 Aug 2009, 12:32:22.34",3.698353423378639,-0.0045506464441255,29.28747520924133,0.0004,0.0,2988.453,1.3360648564106594,147,B0034,G4,24,4,0.803734225526813,1.316239531626534,0.017280145940156942,-0.004971232133054659,0.32625685887392586,50,1.1636252006992096,True,197
363,24,"07 Aug 2009, 16:20:49.77",3.694554330659964,-0.0046039013974727,30.988937165318955,0.0004,0.0,3001.235,1.3635797361860138,148,B0034,G4,24,4,0.8202863041782332,1.3229634053158377,0.02748269915782698,0.006723873689303339,0.2987419790985715,49,1.1636252006992096,True,197
365,24,"07 Aug 2009, 20:14:10.41",3.69765204235822,-0.0027383383858502,29.473762535630986,0.0004,0.0,2976.234,1.3333112541544827,149,B0034,G4,24,4,0.8020777457787244,1.3298117786215469,0.024097965793551973,0.0068483733057093325,0.32901046113010257,48,1.1636252006992096,True,197
367,24,"08 Aug 2009, 00:07:05.12",3.700205992644465,-0.0059124112430719,28.798426037690117,0.0006,0.0,2950.39,1.3023273463118925,150,B0034,G4,24,4,0.7834388099110751,1.3305863604448114,0.022868969667558223,0.0007745818232645973,0.35999436897269277,47,1.1636252006992096,True,197
371,24,"08 Aug 2009, 05:11:27.59",3.70061038619309,-0.0039101268165746,28.43627171060271,0.0004,0.0,2941.719,1.2888728444455877,151,B0034,G4,24,4,0.7753450084870821,1.324831207501727,0.029576097512887572,-0.00575515294308424,0.3734488708389976,46,1.1636252006992096,True,197
373,24,"08 Aug 2009, 09:03:54.81",3.702893383771305,-0.0051335756627764,28.24300730263161,0.0006,0.0,2946.969,1.2902746194203034,152,B0034,G4,24,4,0.7761882718348606,1.315673160103656,0.032200915855223944,-0.0091580473980712,0.37204709586428186,45,1.1636252006992096,True,197
375,24,"08 Aug 2009, 12:56:26.70",3.70238372205598,-0.003130526194268,28.365605175227127,0.0004,0.0,2936.171,1.292407565676824,153,B0034,G4,24,4,0.7774713846263911,1.301438726001818,0.018579210214391566,-0.014234434101837978,0.36991414960776137,44,1.1636252006992096,True,197
377,24,"08 Aug 2009, 16:48:44.94",3.702079654209764,-0.0052042338913555,28.472594441620256,0.0004,0.0,2927.281,1.295409150510234,154,B0034,G4,24,4,0.7792770428246877,1.2938583052729684,0.0053369477793186884,-0.007580420728849724,0.3669125647743512,43,1.1636252006992096,True,197
379,24,"08 Aug 2009, 20:40:51.69",3.703867340279303,-0.0036615623365571,28.21608530772665,0.0006,0.0,2924.422,1.283229881592695,155,B0034,G4,24,4,0.771950381080722,1.2900388123291289,0.0045339868897291075,-0.0038194929438394977,0.37909183369189026,42,1.1636252006992096,True,197
383,24,"17 Aug 2009, 13:08:30.97",3.6707325765269,-0.0048010227231976,30.65273893165005,0.0006,0.0,3023.859,1.4557454024367815,156,B0034,G4,24,4,0.8757302446641995,1.3234133239273675,0.07411182859429397,0.03337451159823877,0.20657631284780376,41,1.1636252006992096,True,197
387,24,"17 Aug 2009, 18:14:09.38",3.675043188729088,-0.0067534165829,30.35646619428448,0.0006,0.0,3056.172,1.454676342673242,157,B0034,G4,24,4,0.8750871322307218,1.3562936685779554,0.09041083118538117,0.032880344650587735,0.2076453726113432,40,1.1636252006992096,True,197
389,24,"17 Aug 2009, 22:06:54.11",3.684978659107436,-0.0051218547063648,29.31386724686373,0.0004,0.0,3045.078,1.423427718198495,158,B0034,G4,24,4,0.8562889512363783,1.3824976990822895,0.08615213866138866,0.026204030504334196,0.23889399708609038,39,1.1636252006992096,True,197
391,24,"18 Aug 2009, 02:01:03.31",3.6880865111889776,-0.0032823411243905,28.78685979974713,0.0006,0.0,3034.25,1.392551210363313,159,B0034,G4,24,4,0.8377146238054839,1.4019261110529053,0.07127079665247718,0.0194284119706158,0.2697705049212722,38,1.1636252006992096,True,197
393,24,"18 Aug 2009, 05:55:02.02",3.690256233123313,-0.0059345789537064,28.574137967024534,0.0004,0.0,3022.609,1.3765732493746907,160,B0034,G4,24,4,0.8281027894405054,1.4205947846093046,0.03581019989940605,0.01866867355639914,0.28574846590989456,37,1.1636252006992096,True,197
395,24,"18 Aug 2009, 09:48:49.64",3.689445415953932,-0.0044630247367434,29.49825630504696,0.0004,0.0,3028.828,1.3810190828982352,161,B0034,G4,24,4,0.830777261826125,1.4056495207015953,0.03295203837874286,-0.014945263907709273,0.2813026323863501,36,1.1636252006992096,True,197
399,24,"18 Aug 2009, 14:54:37.94",3.686506931343269,-0.0028430774926138,30.37885861330734,0.0004,0.0,3037.875,1.4007568321672863,162,B0034,G4,24,4,0.8426508655260394,1.394865618600404,0.01858893312612676,-0.010783902101191156,0.261564883117299,35,1.1636252006992096,True,197
401,24,"18 Aug 2009, 18:45:24.70",3.6909207833875306,-0.0043602539422175,29.10602730369611,0.0006,0.0,3023.187,1.374645303479972,163,B0034,G4,24,4,0.8269429983621649,1.3851091356566994,0.011172696093991939,-0.009756482943704592,0.28767641180461334,34,1.1636252006992096,True,197
403,24,"18 Aug 2009, 22:39:17.61",3.694915948151172,-0.0042718677138659,28.37062984410695,0.0006,0.0,2996.922,1.3345924114397838,164,B0034,G4,24,4,0.8028484493516377,1.3735173758719936,0.02410408174548617,-0.011591759784705858,0.3277293038448015,33,1.1636252006992096,True,197
405,24,"19 Aug 2009, 02:32:38.62",3.69593219338038,-0.0021593783924128,28.15747788733516,0.0004,0.0,2986.469,1.336396621564738,165,B0034,G4,24,4,0.8039338049169082,1.365482050310003,0.02902501843329128,-0.008035325561990537,0.32592509371984724,32,1.1636252006992096,True,197
407,24,"19 Aug 2009, 06:25:55.27",3.6964707185517938,-0.0023023120603075,28.351164518071705,0.0006,0.0,2979.219,1.3069152971756248,166,B0034,G4,24,4,0.7861987755793013,1.350661293165481,0.036946575482656535,-0.014820757144522068,0.35540641810896045,31,1.1636252006992096,True,197
411,24,"19 Aug 2009, 11:30:52.69",3.6945308850151712,-0.005083570013866,29.08213228713612,0.0004,0.0,2995.047,1.341539456674081,167,B0034,G4,24,4,0.807027571341335,1.3388178180668397,0.024147997435690065,-0.011843475098641055,0.32078225861050425,30,1.1636252006992096,True,197
413,24,"19 Aug 2009, 15:24:12.88",3.692861320585676,-0.0048786415634103,29.57962581539456,0.0006,0.0,2989.828,1.346388970161922,168,B0034,G4,24,4,0.8099448847850873,1.33316655140323,0.015382885612905468,-0.005651266663609977,0.3159327451226632,29,1.1636252006992096,True,197
415,24,"19 Aug 2009, 19:17:33.31",3.69352409389988,-0.0039695777468536,29.129627152568016,0.0006,0.0,2989.391,1.344989807277774,169,B0034,G4,24,4,0.809103192788115,1.335246030570828,0.01629929303457402,0.0020794791675980305,0.3173319080068113,28,1.1636252006992096,True,197
417,24,"19 Aug 2009, 23:10:50.88",3.696684284285937,-0.0058726026970639,28.39330506378328,0.0006,0.0,2967.2810000000027,1.3158760805047784,170,B0034,G4,24,4,0.7915892985128355,1.331141922358836,0.01838695460479358,-0.004104108211991919,0.34644563477980683,27,1.1636252006992096,True,197
419,24,"20 Aug 2009, 03:03:46.69",3.69666705550128,-0.0045113240883483,28.15588625385981,0.0006,0.0,2962.609,1.2972766889740088,171,B0034,G4,24,4,0.7804004947092437,1.3292142007185128,0.02175812784560706,-0.0019277216403231988,0.36504502631057645,26,1.1636252006992096,True,197
423,24,"20 Aug 2009, 08:08:26.70",3.697650382425411,-0.0037813111652036,27.993514204505463,0.0004,0.0,2957.016,1.2851255211005648,172,B0034,G4,24,4,0.7730907376617856,1.3179314136038094,0.027609137165476617,-0.011282787114703253,0.3771961941840205,25,1.1636252006992096,True,197
425,24,"20 Aug 2009, 12:01:09.55",3.69364586995244,-0.0060669412197855,29.36221339759839,0.0006,0.0,2973.281,1.3190209156530253,173,B0034,G4,24,4,0.7934811315553393,1.3124578027020302,0.022861595679354498,-0.005473610901779358,0.34330079963156,24,1.1636252006992096,True,197
427,24,"20 Aug 2009, 15:51:55.17",3.6940446962011206,-0.0019257851730559,29.818180420734624,0.0006,0.0,2968.016,1.3410097849290994,174,B0034,G4,24,4,0.8067089376255437,1.3116617982322953,0.021472811179632453,-0.0007960044697349122,0.3213119303554859,23,1.1636252006992096,True,197
429,24,"20 Aug 2009, 19:42:35.55",3.6951745708779535,-0.0041642785269252,29.09665726693448,0.0004,0.0,2959.281,1.326126983882746,175,B0034,G4,24,4,0.7977559167334324,1.3137119789078888,0.02244321554858807,0.002050180675593527,0.3361947314018392,22,1.1636252006992096,True,197
431,24,"20 Aug 2009, 23:35:23.25",3.6973008326044168,-0.0056360687004815,28.436640043685006,0.0004,0.0,2942.797000000006,1.3091442679990724,176,B0034,G4,24,4,0.7875396537035252,1.3160854947129015,0.020840879527950166,0.0023735158050127046,0.3531774472855129,21,1.1636252006992096,True,197
435,24,"21 Aug 2009, 17:59:25.48",3.688622024079579,-0.0048260825245228,29.9162682668642,0.0004,0.0,2978.89,1.363001289617145,177,B0034,G4,24,4,0.8199383290759711,1.3316606484162175,0.02101793174294829,0.015575153703316058,0.2993204256674402,20,1.1636252006992096,True,197
439,24,"21 Aug 2009, 23:04:26.38",3.69636780992595,-0.0061074428046825,28.342520724673545,0.0006,0.0,2948.891,1.329285701687194,178,B0034,G4,24,4,0.7996561011414229,1.3337136056230514,0.01994879808522469,0.0020529572068337387,0.3330360135973913,19,1.1636252006992096,True,197
441,24,"22 Aug 2009, 02:57:06.98",3.697628176371499,-0.0080294511127422,28.173451294850256,0.0004,0.0,2938.547,1.2969085930621855,179,B0034,G4,24,4,0.7801790598880302,1.3248933672496686,0.025021040508456608,-0.008820238373382772,0.36541312222239974,18,1.1636252006992096,True,197
443,24,"22 Aug 2009, 06:49:38.89",3.697420284640864,-0.0014583060026936,28.208739467518917,0.0006,0.0,2925.484,1.2986285924941396,180,B0034,G4,24,4,0.7812137569723185,1.3193936889719473,0.02757396484762573,-0.005499678277721287,0.36369312279044563,17,1.1636252006992096,True,197
445,24,"22 Aug 2009, 10:41:58.17",3.699217977834176,-0.0055280521792678,28.043107630131725,0.0004,0.0,2917.297,1.2840657611821942,181,B0034,G4,24,4,0.7724532197200861,1.3143779876085717,0.03185325611487145,-0.005015701363375635,0.3782559541023911,16,1.1636252006992096,True,197
447,24,"22 Aug 2009, 14:34:05.88",3.6995476729754575,-0.0056251681774204,28.368390706796287,0.0004,0.0,2918.938,1.3021015914136362,182,B0034,G4,24,4,0.7833030029272762,1.3021980479678699,0.01660759959732922,-0.012179939640701765,0.36022012387094904,15,1.1636252006992096,True,197
451,24,"22 Aug 2009, 19:38:07.91",3.698307690208321,-0.0048204066493478,28.29723552968399,0.0006,0.0,2918.25,1.3089076351731337,183,B0034,G4,24,4,0.787397302903579,1.2981224346650577,0.00910321255131385,-0.004075613302812054,0.3534140801114516,14,1.1636252006992096,True,197
453,24,"22 Aug 2009, 23:30:19.44",3.698403612102671,-0.0064114542324259,28.156006137892447,0.0004,0.0,2915.4839999999967,1.2722519696513912,184,B0034,G4,24,4,0.7653464175757247,1.293191109982899,0.014812930567579678,-0.004931324682158867,0.3900697456331941,13,1.1636252006992096,True,197
455,24,"23 Aug 2009, 03:22:24.16",3.700622026091112,-0.0042618797317014,28.09360003536406,0.0004,0.0,2906.015,1.276011534360331,185,B0034,G4,24,4,0.7676080524171467,1.2886676983561371,0.01613193251586448,-0.004523411626761708,0.3863101809242542,12,1.1636252006992096,True,197
457,24,"23 Aug 2009, 07:14:19.11",3.699633575688916,-0.0055368501036977,28.135528745334987,0.0006,0.0,2894.14,1.2605053003103004,186,B0034,G4,24,4,0.7582799940109698,1.2839556061817585,0.020626928766939973,-0.004712092174378757,0.4018164149742849,11,1.1636252006992096,True,197
459,24,"23 Aug 2009, 11:06:06.55",3.702172243084008,-0.0043500531354617,28.05735558730513,0.0004,0.0,2892.031,1.2660681251347117,187,B0034,G4,24,4,0.7616264129221003,1.2767489129259737,0.018926725952893575,-0.0072066932557849125,0.3962535901498736,10,1.1636252006992096,True,197
463,24,"23 Aug 2009, 16:09:49.30",3.7022784709091416,-0.0038627764347733,28.03113759056529,0.0006,0.0,2888.719,1.265829016865281,188,B0034,G4,24,4,0.7614825729738929,1.2681331892644032,0.006057868097098537,-0.00861572366157053,0.39649269841930423,9,1.1636252006992096,True,197
465,24,"23 Aug 2009, 20:01:32.50",3.7024440081681576,-0.0042306180629306,28.04105006273506,0.0004,0.0,2875.641,1.2655873898206993,189,B0034,G4,24,4,0.7613372178104729,1.2668002732982648,0.005644122642066987,-0.0013329159661383816,0.396734325463886,8,1.1636252006992096,True,197
467,24,"23 Aug 2009, 23:53:02.44",3.7000192207379534,-0.0040367092449552,28.204642460923026,0.0004,0.0,2860.7810000000027,1.2663598323027554,190,B0034,G4,24,4,0.7618018946987996,1.2648699328867496,0.0024566272097187756,-0.0019303404115151412,0.3959618829818299,7,1.1636252006992096,True,197
469,24,"24 Aug 2009, 03:44:13.05",3.701455092473973,-0.0044202751548124,28.297752240870413,0.0004,0.0,2852.844,1.2868479432728903,191,B0034,G4,24,4,0.7741268921898101,1.2701384614792677,0.009345266506969131,0.005268528592517985,0.37547377201169496,6,1.1636252006992096,True,197
471,24,"24 Aug 2009, 07:35:22.55",3.702376220607653,-0.0020538422396282,28.26948542359334,0.0004,0.0,2854.64,1.270026164613209,192,B0034,G4,24,4,0.764007443887469,1.2709300693749668,0.009078102522977461,0.0007916078956994532,0.39229555067137634,5,1.1636252006992096,True,197
475,24,"24 Aug 2009, 12:38:30.39",3.6929233723951698,-0.0067695978140881,30.73573441151444,0.0006,0.0,2897.844,1.34598253292492,193,B0034,G4,24,4,0.8097003850391807,1.2869607725868948,0.03410125401849828,0.016030703211927788,0.3163391823596653,4,1.1636252006992096,True,197
477,24,"24 Aug 2009, 16:30:26.73",3.6938063485561257,-0.0029895388246146,30.669617537637265,0.0006,0.0,2896.063,1.3286875315413778,194,B0034,G4,24,4,0.7992962609610799,1.2995808009310303,0.0358453534209031,0.012620028344135692,0.3336341837432075,3,1.1636252006992096,True,197
479,24,"24 Aug 2009, 20:22:13.22",3.6968747631886223,-0.0039725757023149,29.673873700214,0.0004,0.0,2866.234,1.31203071983408,195,B0034,G4,24,4,0.7892760515430454,1.3087149784372953,0.03071546507050497,0.009134177506264907,0.35029099545050535,2,1.1636252006992096,True,197
481,24,"25 Aug 2009, 00:13:33.59",3.699107825443504,-0.0028486023027795,29.12257092568519,0.0004,0.0,2836.609,1.295125492961198,196,B0034,G4,24,4,0.7791064034433767,1.3103704883749567,0.029438760592307937,0.0016555099376615256,0.36719622232338733,1,1.1636252006992096,True,197
483,24,"25 Aug 2009, 04:04:24.88",3.699089681094616,-0.0038394587574683,28.86605204409316,0.0004,0.0,2829.516,1.2802601605963335,197,B0034,G4,24,4,0.770163891155784,1.312417287571582,0.02609876886575188,0.0020467991966249153,0.38206155468825176,0,1.1636252006992096,True,197
1,24,"19 Jun 2009, 17:18:16.02",2.692363558999662,-1.9948445488717708,25.243588539903957,1.999,1.69,1819.406,1.001982588175331,1,B0036,G4,24,2,0.5552925207506211,1.001982588175331,0.0,0.0,0.8024403974267318,196,1.2630960899214438,True,197
5,24,"19 Jun 2009, 22:02:50.61",2.685636595881031,-1.9918558233663188,25.58144777402437,1.999,1.682,3260.531,1.8011007566288924,2,B0036,G4,24,2,0.9981588413583293,1.4015416724021117,0.565061875882887,0.0,0.0033222289731704713,195,1.2630960899214438,True,197
7,24,"20 Jun 2009, 01:59:39.75",2.662489466857697,-1.9957194130000515,25.285956664296545,1.999,1.664,3265.75,1.8044229856020628,3,B0036,G4,24,2,1.0,1.535835443468762,0.46233311868181076,0.0,0.0,194,1.2630960899214438,True,197
9,24,"20 Jun 2009, 05:55:38.98",2.6573808763123017,-1.9964092523791044,25.08694558616922,1.999,1.659,3264.109,1.804388833772829,4,B0036,G4,24,2,0.9999810732685704,1.6029737910447788,0.400663831594083,0.0,3.415182923371951e-05,193,1.2630960899214438,True,197
11,24,"20 Jun 2009, 09:50:35.16",2.663543957344219,-1.9937615368949029,24.80971895752859,1.999,1.665,3253.531,1.7989248871784247,5,B0036,G4,24,2,0.9969529880368911,1.642164010271508,0.35787986235039015,0.0,0.005498098423638131,192,1.2630960899214438,True,197
13,24,"20 Jun 2009, 13:47:19.16",2.6678994227263173,-1.9946451325013268,24.99539923498688,1.999,1.668,3242.578,1.792996521672392,6,B0036,G4,24,2,0.9936675247318143,1.8003667969709203,0.004732024008091203,0.15820278669941218,0.011426463929670838,191,1.2630960899214438,True,197
17,24,"20 Jun 2009, 18:55:22.28",2.6568692251182435,-1.9943647972347032,24.579682689367477,1.999,1.649,3234.625,1.7885507985621891,7,B0036,G4,24,2,0.9912037326244889,1.7978568053575796,0.00702045292294256,-0.0025099916133406452,0.015872187039873698,190,1.2630960899214438,True,197
19,24,"20 Jun 2009, 22:51:49.98",2.682881821919537,-1.9959809293428692,24.764009842901437,1.999,1.68,3235.36,1.7890856930727703,8,B0036,G4,24,2,0.9915001678366588,1.794789346851721,0.0067808225212153,-0.0030674585058585004,0.015337292529292501,189,1.2630960899214438,True,197
21,24,"21 Jun 2009, 02:48:20.08",2.643495320901669,-1.997741802589088,24.738600692985663,1.999,1.642,3236.125,1.7893137312833287,9,B0036,G4,24,2,0.9916265451951707,1.791774326353821,0.00436745606581765,-0.003015020497900078,0.015109254318734111,188,1.2630960899214438,True,197
23,24,"21 Jun 2009, 06:44:49.84",2.6529146015025358,-1.9952606826232968,24.637575857499712,1.999,1.651,3230.25,1.7860759459480868,10,B0036,G4,24,2,0.9898321846926295,1.7892045381077533,0.0024809600430754693,-0.0025697882460675725,0.018347039653975994,187,1.2630960899214438,True,197
25,24,"21 Jun 2009, 10:41:15.05",2.664007043795248,-1.9947590334742744,24.62992581292189,1.999,1.662,3226.078,1.7836324249650817,11,B0036,G4,24,2,0.988478000555926,1.7873317187662914,0.0024368368345469072,-0.001872819341462062,0.020790560636981148,186,1.2630960899214438,True,197
29,24,"21 Jun 2009, 15:49:05.80",2.652869862545629,-1.993431206064016,24.91314155622031,1.999,1.642,3224.5,1.782972873807272,12,B0036,G4,24,2,0.9881124814048887,1.786216133815308,0.0029598741504713757,-0.001115584950983406,0.021450111794790727,185,1.2630960899214438,True,197
31,24,"21 Jun 2009, 19:45:24.47",2.668361985066912,-1.9962531515443889,24.708065172056795,1.999,1.665,3222.188,1.7813775963259668,13,B0036,G4,24,2,0.9872283885430518,1.7846745144659473,0.0030958659353469762,-0.001541619349360701,0.023045389276096007,184,1.2630960899214438,True,197
33,24,"21 Jun 2009, 23:41:43.61",2.6856316852084854,-1.995652448715166,24.71052865684552,1.999,1.682,3216.546000000002,1.7785359545932946,14,B0036,G4,24,2,0.985653568362115,1.7825189591279404,0.0027957572370459908,-0.0021555553380068204,0.025887031008768213,183,1.2630960899214438,True,197
35,24,"22 Jun 2009, 03:37:57.22",2.683085255855837,-1.9939197598365856,24.67359264710953,1.999,1.678,3211.859,1.7759043090943398,15,B0036,G4,24,2,0.9841951267882971,1.7804846317571907,0.0032277714713634473,-0.0020343273707494,0.028518676507722995,182,1.2630960899214438,True,197
37,24,"22 Jun 2009, 07:34:06.23",2.682117615527785,-1.9963890188455395,25.56091600217177,1.999,1.676,3215.859,1.7780426649905914,16,B0036,G4,24,2,0.9853801903312214,1.779366679762293,0.002805332020476361,-0.0011179519948980587,0.02638032061147144,181,1.2630960899214438,True,197
41,24,"22 Jun 2009, 12:41:48.36",2.659668132739057,-1.99675634782314,26.354268277719942,1.999,1.643,3225.125,1.7830029333591657,17,B0036,G4,24,2,0.9881291402216592,1.7793726916726715,0.0028150077706746816,6.011910378722618e-06,0.021420052242897114,180,1.2630960899214438,True,197
43,24,"22 Jun 2009, 16:38:13.28",2.6726649868851067,-1.9943222953507391,27.181101488042792,1.9992,1.663,3234.343,1.7883000424613875,18,B0036,G4,24,2,0.991064765152448,1.7807571808997558,0.004944465904732851,0.0013844892270841402,0.016122943140675305,179,1.2630960899214438,True,197
45,24,"22 Jun 2009, 20:34:46.06",2.650694350880205,-1.996581348563668,25.53704915221112,1.999,1.646,3218.25,1.779294712578026,19,B0036,G4,24,2,0.9860740673198349,1.7809089324967022,0.004870338717274513,0.00015175159694629236,0.02512827302403675,178,1.2630960899214438,True,197
47,24,"23 Jun 2009, 00:31:03.38",2.6668651734647586,-1.9983593364027652,24.995347658721187,1.999,1.663,3203.5,1.7709235500451854,20,B0036,G4,24,2,0.9814348210900783,1.779912780686871,0.006414452666564148,-0.0009961518098308808,0.0334994355568774,177,1.2630960899214438,True,197
49,24,"23 Jun 2009, 04:27:04.48",2.699376305602087,-1.9963767860109196,24.808448206514505,1.999,1.696,3194.39,1.7659050180801104,21,B0036,G4,24,2,0.9786535818767014,1.7774852513047752,0.009053126505130066,-0.0024275293820962053,0.03851796752195247,176,1.2630960899214438,True,197
53,24,"26 Jun 2009, 15:29:34.97",2.627373237504619,-1.9956793785446445,37.62543555779899,1.999,1.625,3225.219,1.7826929241469245,22,B0036,G4,24,2,0.9879573350436522,1.7774232494623265,0.009006833768127604,-6.200184244824492e-05,0.02173006145513834,175,1.2630960899214438,True,197
57,24,"26 Jun 2009, 20:32:24.27",2.6486517814110364,-1.9989433444946467,36.14360152332376,1.999,1.643,3252.985,1.7964662072920203,23,B0036,G4,24,2,0.9955904029301712,1.7790564824284534,0.01178436024417103,0.0016332329661265632,0.00795677831004249,174,1.2630960899214438,True,197
59,24,"27 Jun 2009, 00:28:29.45",2.6240374089622858,-1.996190116783102,35.625609247013934,1.999,1.623,3245.25,1.7909083533422898,24,B0036,G4,24,2,0.9925102748260194,1.781379210581306,0.012931737563562381,0.0023227281528527487,0.013514632259773007,173,1.2630960899214438,True,197
61,24,"27 Jun 2009, 04:25:16.22",2.626618792448541,-1.996419205994881,35.57170100720283,1.999,1.623,3235.031,1.78518002808874,25,B0036,G4,24,2,0.9893356725851604,1.784230506190017,0.011547676052872706,0.002851295608710913,0.019242957513322834,172,1.2630960899214438,True,197
63,24,"27 Jun 2009, 08:21:51.23",2.6336670386490053,-1.994582043886523,35.70160875626844,1.999,1.629,3228.141,1.7811343176546524,26,B0036,G4,24,2,0.9870935650159434,1.7872763661049256,0.00633979188858615,0.0030458599149083996,0.02328866794741047,171,1.2630960899214438,True,197
65,24,"27 Jun 2009, 12:18:20.50",2.663548100827095,-1.9978350326369856,35.94641088579465,1.999,1.659,3217.875,1.7755577789223569,27,B0036,G4,24,2,0.9840030819214627,1.785849337060012,0.008168646317785562,-0.0014270290449135193,0.028865206679705935,170,1.2630960899214438,True,197
69,24,"27 Jun 2009, 17:26:12.72",2.645759955186599,-1.994021216476492,36.334410213773005,1.999,1.631,3220.219,1.776885870616115,28,B0036,G4,24,2,0.9847391020810125,1.781933269724831,0.0062820182059483915,-0.003916067335181061,0.027537114985947797,169,1.2630960899214438,True,197
71,24,"27 Jun 2009, 21:22:21.78",2.682232775431839,-1.995367127277541,35.97981353599547,1.999,1.675,3210.234,1.7713083410378214,29,B0036,G4,24,2,0.9816480698658401,1.7780132672639373,0.005323530270319857,-0.003920002460893679,0.0331146445642414,168,1.2630960899214438,True,197
73,24,"28 Jun 2009, 01:18:34.66",2.636976729427503,-1.9930175248159991,35.59540889841283,1.999,1.633,3210.546,1.7713348840874137,30,B0036,G4,24,2,0.9816627798588983,1.775244238463672,0.004130999782289066,-0.002769028800265261,0.03308810151464914,167,1.2630960899214438,True,197
75,24,"28 Jun 2009, 05:14:48.25",2.625473231549502,-1.9962906773629137,35.45428075393079,1.999,1.618,3200.969,1.766084286640505,31,B0036,G4,24,2,0.9787529313983075,1.7722342322608422,0.004247694510744449,-0.0030100062028294516,0.03833869896155773,166,1.2630960899214438,True,197
77,24,"28 Jun 2009, 09:10:46.12",2.6876812013759497,-1.9951878091881088,35.64366066127881,1.999,1.681,3188.625,1.7592793663412327,32,B0036,G4,24,2,0.9749816868766126,1.7689785497446173,0.006632436957445565,-0.003255682516224834,0.0451436192608301,165,1.2630960899214438,True,197
81,24,"28 Jun 2009, 14:18:12.91",2.68500337747393,-1.9949374476975683,36.101132129359335,1.999,1.665,3191.735,1.7610368813762425,33,B0036,G4,24,2,0.9759556907820346,1.7658087518966432,0.005618344086589387,-0.0031697978479745094,0.04338610422582034,164,1.2630960899214438,True,197
83,24,"28 Jun 2009, 18:13:23.98",2.6519664988321767,-1.9960863782198568,35.918627450147724,1.999,1.644,3190.313,1.760242767365706,34,B0036,G4,24,2,0.9755155977346323,1.76359563716222,0.005062323578148319,-0.002213114734423094,0.04418021823635687,163,1.2630960899214438,True,197
85,24,"28 Jun 2009, 22:07:58.45",2.6336440877825646,-1.9949528427980467,35.53291026153138,1.999,1.628,3182.156,1.7555899416034395,35,B0036,G4,24,2,0.9729370306251504,1.7604466486654249,0.0037789898017034974,-0.0031489884967948354,0.048833043998623316,162,1.2630960899214438,True,197
87,24,"29 Jun 2009, 02:03:46.14",2.627746605322606,-1.9986189876033,35.58661163053266,1.999,1.621,3180.156,1.7545602176655593,36,B0036,G4,24,2,0.9723663640208693,1.758141834870436,0.0028909051573756004,-0.002304813794989169,0.04986276793650357,161,1.2630960899214438,True,197
89,24,"29 Jun 2009, 05:59:12.22",2.635679662070204,-1.9971095612825387,35.60387176093939,1.999,1.629,3171.953,1.7499108336094895,37,B0036,G4,24,2,0.9697897042835636,1.7562681283240873,0.004536817533173944,-0.0018737065463486414,0.05451215199257331,160,1.2630960899214438,True,197
93,24,"29 Jun 2009, 11:06:27.91",2.6450931525551966,-1.9958862466223948,37.150900989394586,1.999,1.627,3192.172,1.7610225525303758,38,B0036,G4,24,2,0.9759477498247419,1.7562652625549142,0.004533055153949577,-2.86576917334358e-06,0.04340043307168706,159,1.2630960899214438,True,197
95,24,"29 Jun 2009, 14:59:50.62",2.6704116794436663,-1.9968894669569297,37.80882382148786,1.999,1.659,3194.735,1.7624094574337117,39,B0036,G4,24,2,0.9767163638993809,1.7566986005685152,0.005079026312532929,0.0004333380136011478,0.04201352816835113,158,1.2630960899214438,True,197
97,24,"29 Jun 2009, 18:50:48.06",2.6837393111584085,-1.9977221744150184,36.91705917872692,1.999,1.672,3178.75,1.7536170397120676,40,B0036,G4,24,2,0.9718436606630549,1.7563040201902411,0.005260096419509778,-0.0003945803782743784,0.05080594588999521,157,1.2630960899214438,True,197
99,24,"29 Jun 2009, 22:44:42.88",2.654784886935533,-1.9980704826999072,36.08766208839117,1.999,1.646,3165.359,1.746204477519168,41,B0036,G4,24,2,0.9677356647817975,1.7546328721609625,0.006994117056696436,-0.0016711480292782356,0.05821850808289475,156,1.2630960899214438,True,197
101,24,"30 Jun 2009, 02:36:39.73",2.650821200008131,-1.9958915120300564,35.833124475553674,1.999,1.642,3155.25,1.7406176172769725,42,B0036,G4,24,2,0.964639461570702,1.752774228894459,0.009387859727223592,-0.0018586432665034015,0.06380536832509032,155,1.2630960899214438,True,197
105,24,"01 Jul 2009, 11:15:23.88",2.676194561155316,-1.996667597549172,37.01706025174733,1.999,1.658,3173.766,1.750690404425682,43,B0036,G4,24,2,0.9702217375830797,1.7507077992735205,0.008177476165579707,-0.00206642962093877,0.05373258117638091,154,1.2630960899214438,True,197
109,24,"01 Jul 2009, 16:18:18.55",2.679442027657799,-1.9966599029064716,37.72356956982813,1.999,1.66,3199.485,1.765112055153915,44,B0036,G4,24,2,0.9782141267530843,1.7512483188175612,0.009173023528762994,0.0005405195440406629,0.03931093044814782,153,1.2630960899214438,True,197
111,24,"01 Jul 2009, 20:10:02.44",2.656640378340114,-1.996123911697608,36.98324646085538,1.999,1.646,3196.015,1.763188826756488,45,B0036,G4,24,2,0.9771482855324986,1.7531626762264452,0.010667925200756162,0.0019143574088840599,0.04123415884557491,152,1.2630960899214438,True,197
113,24,"14 Jul 2009, 16:14:47.94",2.697143455219266,-1.9969542158770357,39.35953919640877,1.999,1.674,3595.281,1.985492952897096,46,B0036,G4,24,2,1.1003478501104427,1.8010203713020307,0.103600632902541,0.04785769507558557,-0.1810699672950331,151,1.2630960899214438,True,197
117,24,"14 Jul 2009, 21:23:50.22",2.661271238713629,-1.9947445461545663,37.02707505372143,1.999,1.643,3198.0,1.765355730813324,47,B0036,G4,24,2,0.9783491702885265,1.805967994009301,0.10054034462137297,0.004947622707270316,0.03906725478873874,150,1.2630960899214438,True,197
119,24,"15 Jul 2009, 01:16:15.02",2.6908838763824483,-1.999830570885393,36.34456840908186,1.999,1.678,3183.516,1.7571880383127276,48,B0036,G4,24,2,0.9738226858856075,1.80726752078671,0.09968559563033214,0.0012995267774091434,0.047234947289335194,149,1.2630960899214438,True,197
121,24,"15 Jul 2009, 05:09:04.55",2.6365640724626367,-1.9966346612354189,36.1535770040422,1.999,1.625,3183.797,1.7573770661844437,49,B0036,G4,24,2,0.9739274439568715,1.8057205229928157,0.10055953469404064,-0.001546997793894267,0.04704591941761915,148,1.2630960899214438,True,197
123,24,"15 Jul 2009, 09:04:59.11",2.6235919177171154,-1.9956585789872323,37.00649086775502,1.999,1.61,3191.516,1.7617376127979814,50,B0036,G4,24,2,0.976344031779312,1.8054302802011144,0.10071495677356565,-0.00029024279170131173,0.04268537280408147,147,1.2630960899214438,True,197
125,24,"15 Jul 2009, 12:57:49.30",2.66145718134933,-1.9972804165667783,37.85686718856992,1.999,1.644,3189.985,1.7606892547636663,51,B0036,G4,24,2,0.9757630382746403,1.7604695405744288,0.0033861036415719875,-0.04496073962668592,0.04373373083839649,146,1.2630960899214438,True,197
129,24,"15 Jul 2009, 18:00:54.64",2.640601067759597,-1.995256351146744,37.45005504798,1.999,1.619,3189.734,1.760669562156983,52,B0036,G4,24,2,0.9757521247544511,1.7595323068431603,0.0020997565176435074,-0.0009372337312682167,0.04375342344507982,145,1.2630960899214438,True,197
131,24,"15 Jul 2009, 21:52:48.09",2.6732282064652693,-1.9967024307743424,36.77795934417618,1.999,1.659,3176.016,1.752963802649152,53,B0036,G4,24,2,0.9714816407441513,1.7586874597104452,0.003595717200684415,-0.0008448471327151097,0.05145918295291074,144,1.2630960899214438,True,197
133,24,"16 Jul 2009, 01:44:58.39",2.668754575341305,-1.9986740227336453,36.644215074090106,1.999,1.653,3171.36,1.750535708024147,54,B0036,G4,24,2,0.9701360057991415,1.757319188078386,0.005174210490881279,-0.0013682716320593258,0.05388727757791578,143,1.2630960899214438,True,197
135,24,"16 Jul 2009, 05:37:32.72",2.658195971284472,-1.9977609930435447,37.138598100953445,1.999,1.641,3170.843,1.7500761995337284,55,B0036,G4,24,2,0.9698813490506489,1.7549869054255354,0.005311085364762138,-0.0023322826528505924,0.05434678606833443,142,1.2630960899214438,True,197
137,24,"16 Jul 2009, 09:29:18.12",2.684649370373972,-1.9952001899476093,37.11821986816654,1.999,1.667,3164.672,1.7465957802278385,56,B0036,G4,24,2,0.9679525223101003,1.7521682105183696,0.005267815017113622,-0.0028186949071655754,0.057827205374224366,141,1.2630960899214438,True,197
141,24,"16 Jul 2009, 14:36:00.45",2.668665957651981,-1.9987989521050251,38.21028860245779,1.999,1.638,3177.453,1.753614286788707,57,B0036,G4,24,2,0.9718421350100442,1.7507571554447146,0.0027776912629897082,-0.0014110550736551985,0.05080869881335581,140,1.2630960899214438,True,197
143,24,"16 Jul 2009, 18:26:09.14",2.6672344803975685,-1.9941093927837452,37.5096400873081,1.999,1.647,3172.375,1.750725029920349,58,B0036,G4,24,2,0.9702409268169475,1.7503094008989541,0.0024995796900767545,-0.0004477545457606258,0.05369795568171387,139,1.2630960899214438,True,197
145,24,"16 Jul 2009, 22:18:31.58",2.627654590987336,-1.9982545195539183,36.38797733722857,1.999,1.609,3158.406,1.743305349081011,59,B0036,G4,24,2,0.9661289858260926,1.748863329110327,0.003985646226535358,-0.0014460717886271902,0.06111763652105173,138,1.2630960899214438,True,197
147,24,"17 Jul 2009, 02:10:38.27",2.6888969070187216,-1.997928733646201,36.0550831310012,1.999,1.672,3141.578,1.733662505277619,60,B0036,G4,24,2,0.9607849817426073,1.7455805902591048,0.007733912691433279,-0.0032827388512219,0.07076048032444393,137,1.2630960899214438,True,197
149,24,"17 Jul 2009, 06:02:31.67",2.6648936078550007,-1.999436584048192,35.91912656959304,1.9988,1.647,3138.187,1.7319207051538927,61,B0036,G4,24,2,0.9598196869433144,1.7426455752443157,0.009769133876714206,-0.002935015014789144,0.07250228044817009,136,1.2630960899214438,True,197
153,24,"17 Jul 2009, 11:08:50.73",2.652977190328466,-1.9988596542783017,37.598391918046985,1.999,1.625,3157.969,1.7428604522751463,62,B0036,G4,24,2,0.9658824267823347,1.7404948083416039,0.007719268984981364,-0.002150766902712142,0.061562533326916524,135,1.2630960899214438,True,197
155,24,"17 Jul 2009, 15:00:00.14",2.69728379874788,-1.994294951534992,38.473409883226125,1.999,1.675,3159.281,1.743306971099712,63,B0036,G4,24,2,0.9661298847387721,1.7390111965774762,0.005713881367874439,-0.0014836117641273904,0.061116014502350824,134,1.2630960899214438,True,197
157,24,"17 Jul 2009, 18:49:14.75",2.666438804228148,-1.9928013843418224,37.37835847467748,1.999,1.645,3150.375,1.738524506272696,64,B0036,G4,24,2,0.9634794724656097,1.7380550280158134,0.005191810649526937,-0.0009561685616630289,0.06589847932936688,133,1.2630960899214438,True,197
159,24,"17 Jul 2009, 22:40:36.95",2.644225504233063,-2.0000318394626686,36.32515383321495,1.999,1.624,3134.078,1.7295622663746972,65,B0036,G4,24,2,0.9585126548349817,1.737234980235229,0.006270764382378394,-0.000820047780584332,0.07486071922736559,132,1.2630960899214438,True,197
161,24,"18 Jul 2009, 02:32:19.20",2.6270672485920983,-1.9977838150213036,36.17136327433497,1.999,1.608,3129.797,1.7273036765742085,66,B0036,G4,24,2,0.9572609584098583,1.736311574519292,0.00747355046051392,-0.0009234057159368536,0.07711930902785435,131,1.2630960899214438,True,197
165,24,"23 Jul 2009, 10:25:18.89",2.681073460503821,-1.9961280832829804,36.94271187003511,1.999,1.664,3161.89,1.7449370491071912,67,B0036,G4,24,2,0.9670332638358496,1.736726893885701,0.007969698662248588,0.0004153193664089727,0.05948593649487166,130,1.2630960899214438,True,197
169,24,"23 Jul 2009, 15:28:51.73",2.6173518629094725,-1.9981575103492688,37.96104323229247,1.999,1.589,3196.859,1.7642432071133691,68,B0036,G4,24,2,0.9777326165708938,1.7409141410884323,0.014834497538550475,0.004187247202731425,0.040179778488693696,129,1.2630960899214438,True,197
171,24,"23 Jul 2009, 19:19:21.39",2.6882522902609858,-1.995419888526181,36.73214755581345,1.9988,1.669,3171.906,1.7504882032049596,69,B0036,G4,24,2,0.970109678923699,1.743306880474885,0.015309927913662329,0.0023927393864527245,0.053934782397103254,128,1.2630960899214438,True,197
173,24,"23 Jul 2009, 23:11:10.81",2.639398647353621,-1.9951581495717328,36.08238955313576,1.9988,1.624,3160.842999999993,1.7442710815479925,70,B0036,G4,24,2,0.9666641887550551,1.7462486435095443,0.013288350058152277,0.002941763034659051,0.06015190405407034,127,1.2630960899214438,True,197
175,24,"24 Jul 2009, 03:02:51.23",2.6623791019309224,-1.998247665704581,35.84834420893077,1.9988,1.648,3147.141,1.7365413923373951,71,B0036,G4,24,2,0.9623804430522601,1.7480961866621816,0.010302582973530261,0.0018475431526373321,0.0678815932646677,126,1.2630960899214438,True,197
177,24,"24 Jul 2009, 06:55:12.22",2.6561014633579925,-1.9962884965454688,35.70394071930231,1.999,1.641,3141.203,1.733223093105756,72,B0036,G4,24,2,0.9605414622489137,1.7457533954618945,0.012332459938228593,-0.002342791200287042,0.07119989249630687,125,1.2630960899214438,True,197
181,24,"24 Jul 2009, 12:01:07.84",2.6878503046332485,-1.9931114422461604,37.23120350609712,1.9988,1.656,3151.047,1.73860622908762,73,B0036,G4,24,2,0.9635247627415462,1.7406259998567446,0.006821220497977436,-0.0051273956051498095,0.06581675651444274,124,1.2630960899214438,True,197
183,24,"24 Jul 2009, 15:46:09.42",2.606635521236163,-1.9959959813676524,38.21827936701842,1.999,1.586,3159.172,1.7432134953746192,74,B0036,G4,24,2,0.9660780810730913,1.7391710582906765,0.0046087959300190875,-0.0014549415660680687,0.0612094902274436,123,1.2630960899214438,True,197
185,24,"24 Jul 2009, 19:35:49.25",2.684954312438798,-1.992160689690177,36.626274908995,1.999,1.667,3141.047,1.7332698214832971,75,B0036,G4,24,2,0.9605673588252231,1.7369708062777374,0.004170515967109459,-0.0022002520129390745,0.07115316411876571,122,1.2630960899214438,True,197
187,24,"24 Jul 2009, 23:28:02.16",2.62963250026716,-1.997127943093523,36.01597323994527,1.999,1.613,3135.0310000000027,1.7298906291663272,76,B0036,G4,24,2,0.9586946314525764,1.7356406536435238,0.005260009390983116,-0.0013301526342135884,0.07453235643573564,121,1.2630960899214438,True,197
189,24,"25 Jul 2009, 03:20:05.39",2.676552998785705,-1.9988165711008457,35.64214686208444,1.9988,1.66,3117.984,1.7204403348841348,77,B0036,G4,24,2,0.9534573371166039,1.7330841019991996,0.008706263622469174,-0.002556551644324223,0.08398265071792799,120,1.2630960899214438,True,197
193,24,"25 Jul 2009, 08:26:42.52",2.62514939238803,-1.998659379289696,35.82141559167005,1.999,1.597,3125.328,1.724420729012913,78,B0036,G4,24,2,0.9556632467955088,1.7302470019842584,0.008767989599969528,-0.0028371000149414183,0.08000225658914983,119,1.2630960899214438,True,197
195,24,"25 Jul 2009, 12:19:43.72",2.628502877540015,-1.99692191076373,35.84687241575459,1.999,1.609,3120.172,1.7214872814061166,79,B0036,G4,24,2,0.9540375483699162,1.7259017591905574,0.0055160594083218115,-0.004345242793700521,0.0829357041959462,118,1.2630960899214438,True,197
197,24,"25 Jul 2009, 16:13:02.19",2.619866867748,-1.996485785255285,35.6948403215532,1.9988,1.603,3116.641,1.7197448773569262,80,B0036,G4,24,2,0.9530719188788858,1.7231967703652835,0.004145529966840425,-0.0027049888252741903,0.08467810824513666,117,1.2630960899214438,True,197
199,24,"25 Jul 2009, 20:06:55.42",2.6612878285284127,-1.9956130995859755,35.819676472043525,1.9988,1.645,3110.844,1.7164304142145894,81,B0036,G4,24,2,0.9512350640123808,1.7205047273749359,0.0028931828245135046,-0.002692042990347554,0.0879925713874734,116,1.2630960899214438,True,197
201,24,"26 Jul 2009, 00:01:09.55",2.6699917743429817,-1.9966362229291663,35.629734084261784,1.999,1.654,3101.406,1.711202925329962,82,B0036,G4,24,2,0.9483380221733337,1.7186572454641014,0.005072855587855782,-0.0018474819108345475,0.09322006027210072,115,1.2630960899214438,True,197
205,24,"26 Jul 2009, 05:07:11.55",2.6688661295694205,-1.9959367478176848,35.66196676336087,1.9988,1.645,3099.563,1.7102343231599222,83,B0036,G4,24,2,0.9478012288727781,1.7158199642935035,0.005010302151084468,-0.0028372811705981603,0.09418866244214064,114,1.2630960899214438,True,197
207,24,"26 Jul 2009, 09:01:35.14",2.6222751020303923,-1.998870621545228,35.75183992747387,1.9988,1.605,3104.64,1.713096882151029,84,B0036,G4,24,2,0.9493876412682906,1.7141418844424858,0.003925221132256384,-0.001678079851017511,0.09132610345103376,113,1.2630960899214438,True,197
209,24,"26 Jul 2009, 12:55:45.11",2.643376209522438,-1.9952684378562824,35.77783462667514,1.9988,1.625,3099.875,1.7103708617208135,85,B0036,G4,24,2,0.9478768976943241,1.7122670813152632,0.0025923971863580724,-0.0018748031272225242,0.09405212388124928,112,1.2630960899214438,True,197
211,24,"26 Jul 2009, 16:49:47.36",2.6362266436030413,-1.9964885844543308,35.713721223369035,1.999,1.619,3093.25,1.7064617296121434,86,B0036,G4,24,2,0.9457104809839064,1.7102733443947742,0.0024174328177358857,-0.0019937369204892086,0.09796125598991945,111,1.2630960899214438,True,197
213,24,"26 Jul 2009, 20:43:48.92",2.6753943315026825,-2.0005094399435315,35.725860691702124,1.999,1.657,3086.688,1.7029429979110946,87,B0036,G4,24,2,0.94376042175216,1.7086213589110006,0.003956024025957654,-0.0016519854837734993,0.10147998769096822,110,1.2630960899214438,True,197
217,24,"27 Jul 2009, 01:50:03.89",2.626280067476453,-1.9997374702489752,35.768527567848494,1.9988,1.603,3094.281,1.7072612643840062,88,B0036,G4,24,2,0.9461535781835334,1.7080267471558173,0.003875593249196609,-0.0005946117551832053,0.09716172121805666,109,1.2630960899214438,True,197
219,24,"27 Jul 2009, 05:43:49.02",2.6699754309728454,-1.9969197065089,35.84926876193408,1.999,1.653,3088.328,1.7038637196766078,89,B0036,G4,24,2,0.9442706800302134,1.706180114660933,0.0029434318065849527,-0.0018466324948842594,0.10055926592545505,108,1.2630960899214438,True,197
221,24,"27 Jul 2009, 09:37:15.14",2.6485692977117936,-1.996607339579098,36.56783936040424,1.9988,1.629,3095.687,1.7079617948422274,90,B0036,G4,24,2,0.9465418078080787,1.7056983012852158,0.002185547179969413,-0.0004818133757172216,0.09646119075983539,107,1.2630960899214438,True,197
223,24,"27 Jul 2009, 13:29:48.03",2.652784779103966,-1.9986824296711825,37.22026804863562,1.999,1.63,3102.062,1.711302283362779,91,B0036,G4,24,2,0.9483930857773831,1.706666412035343,0.0033631111376303045,0.0009681107501271046,0.09312070223928393,106,1.2630960899214438,True,197
225,24,"27 Jul 2009, 17:21:22.67",2.61112320884266,-1.9960625687691245,37.24354714231705,1.999,1.588,3107.141,1.714122057472244,92,B0036,G4,24,2,0.9499557870574958,1.7089022239475729,0.003936071255134136,0.002235811912229879,0.09030092812981882,105,1.2630960899214438,True,197
229,24,"27 Jul 2009, 22:28:00.19",2.6171931724123265,-1.996085790295549,36.101954503621805,1.9988,1.592,3090.719,1.7053324925701605,93,B0036,G4,24,2,0.9450846648360335,1.7085164695848036,0.004221280296830039,-0.0003857543627691307,0.09909049303190232,104,1.2630960899214438,True,197
231,24,"28 Jul 2009, 02:21:28.11",2.6630699292303373,-1.9982099587394475,35.590895284221084,1.9988,1.645,3069.812,1.6934609472531408,94,B0036,G4,24,2,0.9385055282301791,1.7064359151001103,0.00797894049247366,-0.0020805544846933975,0.11096203834892204,103,1.2630960899214438,True,197
233,24,"28 Jul 2009, 06:15:44.12",2.659720848238619,-1.9991543474335427,35.41708929698686,1.9988,1.643,3064.437,1.6905244127230223,95,B0036,G4,24,2,0.9368781190508737,1.7029484386762692,0.010543826456797202,-0.0034874764238410185,0.11389857287904048,102,1.2630960899214438,True,197
235,24,"28 Jul 2009, 10:09:52.30",2.6273527452578365,-1.9963805115504911,36.54228598490352,1.9988,1.606,3083.25,1.7007774858498304,96,B0036,G4,24,2,0.9425603084314235,1.7008434791736797,0.009453321479708031,-0.0021049595025897094,0.10364549975223247,101,1.2630960899214438,True,197
237,24,"28 Jul 2009, 14:03:56.17",2.679397409659904,-1.9972539181117,37.06815080209899,1.999,1.659,3076.484,1.6971104467944576,97,B0036,G4,24,2,0.9405280581859805,1.697441157038122,0.0058565573833434265,-0.0034023221355572895,0.10731253880760527,100,1.2630960899214438,True,197
241,24,"28 Jul 2009, 19:09:29.83",2.6638409912727004,-1.9975730850634523,36.82684422999281,1.999,1.639,3081.297,1.6997924522951835,98,B0036,G4,24,2,0.9420144089596773,1.6963331489831268,0.0043102801879514934,-0.0011080080549954018,0.10463053330687933,99,1.2630960899214438,True,197
243,24,"28 Jul 2009, 23:02:26.66",2.638750759665419,-1.9963200759033672,35.92988720620677,1.9988,1.621,3065.953,1.691270477395412,99,B0036,G4,24,2,0.9372915834538117,1.6958950550115812,0.004762759976693959,-0.00043809397154577213,0.1131525082066509,98,1.2630960899214438,True,197
245,24,"29 Jul 2009, 02:56:24.12",2.6521564133104056,-1.9985862722242032,35.781290058222865,1.9988,1.632,3055.828,1.6857127009469863,100,B0036,G4,24,2,0.9342114983004012,1.6949327126563738,0.006343137079639472,-0.0009623423552072019,0.11871028465507649,97,1.2630960899214438,True,197
247,24,"29 Jul 2009, 06:50:26.91",2.6736629264226712,-1.9977422699063625,35.83938701624516,1.9988,1.654,3051.468,1.6832093771286156,101,B0036,G4,24,2,0.9328241718041498,1.691419090912131,0.007114932983693564,-0.0035136217442429452,0.1212136084734472,96,1.2630960899214438,True,197
249,24,"29 Jul 2009, 10:44:27.91",2.665966871855665,-1.9980155298645887,37.17156479403066,1.9988,1.645,3069.0,1.692886364169521,102,B0036,G4,24,2,0.9381870978575866,1.6905742743871435,0.006493879227355448,-0.0008448165249872908,0.11153662143254173,95,1.2630960899214438,True,197
253,24,"29 Jul 2009, 15:50:33.84",2.6818321771597287,-1.9934477206984045,37.84191340591018,1.999,1.653,3079.235,1.6984668174144633,103,B0036,G4,24,2,0.9412797503506384,1.6903091474109995,0.0060342323373470345,-0.0002651269761440478,0.10595616818759956,94,1.2630960899214438,True,197
255,24,"29 Jul 2009, 19:41:04.11",2.6354438765341697,-1.9971987911036648,36.94021929474592,1.9988,1.615,3070.344,1.6935813413828429,104,B0036,G4,24,2,0.9385722499083348,1.6907713202084858,0.006212143735883128,0.00046217279748619335,0.11084164421921994,93,1.2630960899214438,True,197
257,24,"29 Jul 2009, 23:34:17.86",2.633581331346773,-1.997928520554995,35.979852438003704,1.999,1.614,3051.4839999999967,1.6830951253781283,105,B0036,G4,24,2,0.932760854194366,1.6902478050947143,0.00682508089787498,-0.0005235151137715999,0.12132786022393449,92,1.2630960899214438,True,197
259,24,"30 Jul 2009, 03:28:18.17",2.6164895194312585,-2.0014705429618918,35.91143435448471,1.999,1.599,3054.812,1.6850462226942986,106,B0036,G4,24,2,0.9338421401964501,1.690615174207851,0.006386883198361839,0.00036736911313659524,0.11937676290776422,91,1.2630960899214438,True,197
261,24,"30 Jul 2009, 07:22:22.19",2.662037646915503,-1.9966611885839711,36.0224357923641,1.999,1.64,3046.532,1.6803098840017598,107,B0036,G4,24,2,0.9312172907402355,1.6880998781742989,0.007625225237097016,-0.00251529603355225,0.12411310160030298,90,1.2630960899214438,True,197
265,24,"30 Jul 2009, 12:28:05.95",2.670589438884728,-1.997435801243576,37.65075812929836,1.9988,1.643,3071.782,1.6944038437227715,108,B0036,G4,24,2,0.9390280755913878,1.68728728343596,0.006354943765468118,-0.0008125947383383458,0.1100191418792913,89,1.2630960899214438,True,197
267,24,"30 Jul 2009, 16:19:05.44",2.668638829617292,-1.9957117681968533,38.27191158762031,1.999,1.643,3074.532,1.6955686127180103,109,B0036,G4,24,2,0.9396735833268427,1.6876847377029935,0.006886883199535009,0.0003974542670334813,0.10885437288405253,88,1.2630960899214438,True,197
269,24,"30 Jul 2009, 20:09:43.30",2.6931351824491827,-1.999672732147172,37.26845925037034,1.999,1.671,3053.656,1.6841854728350405,110,B0036,G4,24,2,0.9333651179759805,1.687902807194376,0.00672047585042019,0.00021806949138243327,0.12023751276702233,87,1.2630960899214438,True,197
271,24,"31 Jul 2009, 00:03:07.41",2.6913462011853904,-1.997839372027309,36.23919416621716,1.999,1.671,3031.953,1.6722180144870118,111,B0036,G4,24,2,0.9267328269646601,1.6853371655529188,0.009818340551352932,-0.002565641641457361,0.13220497111505103,86,1.2630960899214438,True,197
273,24,"31 Jul 2009, 03:56:28.39",2.6988025346836504,-1.9931893410276624,35.989930424393194,1.999,1.68,3023.5,1.6675976965747183,112,B0036,G4,24,2,0.9241722755035225,1.6827947280675104,0.012675710066178387,-0.0025424374854082997,0.13682528902734448,85,1.2630960899214438,True,197
277,24,"31 Jul 2009, 09:01:51.91",2.6523436778902467,-1.996576654416447,36.752805224654765,1.999,1.629,3042.703,1.6781873787039017,113,B0036,G4,24,2,0.9300410115003931,1.6795514350637366,0.010915079672714018,-0.003243293003773973,0.12623560689816116,84,1.2630960899214438,True,197
279,24,"31 Jul 2009, 15:42:00.56",2.691307184686052,-1.9974998705962528,38.49714613607372,1.999,1.666,4424.203,2.444062432078656,114,B0036,G4,24,2,1.3544842044135077,1.8292501989358656,0.34374717122820275,0.14969876387212916,-0.6396394464765933,83,1.2630960899214438,True,197
283,24,"31 Jul 2009, 21:03:02.06",2.6565288043863395,-1.9991165651085328,37.31224141481378,1.999,1.631,3066.766,1.6913403148932205,115,B0036,G4,24,2,0.9373302869608973,1.8306811673475019,0.343006411716508,0.001430968411635991,0.11308267070884237,82,1.2630960899214438,True,197
285,24,"01 Aug 2009, 00:54:40.03",2.680162151919943,-1.9988031588703692,36.59740421257035,1.9988,1.66,3046.125,1.6802787096613283,116,B0036,G4,24,2,0.9312000141145882,1.8322933063823652,0.3420931625364477,0.0016121390348633024,0.12414427594073452,81,1.2630960899214438,True,197
287,24,"01 Aug 2009, 04:46:48.45",2.686423419926791,-1.999830010285108,36.44126696853565,1.9988,1.666,3033.625,1.673147301023026,117,B0036,G4,24,2,0.9272478317852754,1.8334032272720264,0.34143358612136027,0.001109920889661531,0.13127568457903682,80,1.2630960899214438,True,197
289,24,"01 Aug 2009, 08:40:39.03",2.672431142055385,-1.9991499011461584,36.32670051789851,1.999,1.654,3028.562,1.6704292090032429,118,B0036,G4,24,2,0.9257414820870775,1.8318515933318948,0.34233174994123,-0.001551633940131758,0.13399377659881995,79,1.2630960899214438,True,197
291,24,"01 Aug 2009, 12:33:32.73",2.690675565426353,-1.9948133216152628,36.29811998606583,1.9988,1.671,3020.984,1.6659903350115992,119,B0036,G4,24,2,0.9232814857186746,1.6762371739184836,0.009908536181171714,-0.1556144194134114,0.1384326505904636,78,1.2630960899214438,True,197
295,24,"01 Aug 2009, 17:38:48.78",2.697829479340451,-1.9971384002775123,36.31566540517328,1.9988,1.674,3017.391,1.664241575272447,120,B0036,G4,24,2,0.9223123339437826,1.6708174259943287,0.006356837633240445,-0.005419747924154672,0.14018141032961573,77,1.2630960899214438,True,197
297,24,"01 Aug 2009, 21:30:33.97",2.6506127411002423,-1.9996817338828703,36.31712206468977,1.9988,1.632,3022.14,1.6668450767774965,121,B0036,G4,24,2,0.9237551782911576,1.6681306994175622,0.0035989133763915065,-0.002686726576766363,0.13757790882456633,76,1.2630960899214438,True,197
299,24,"02 Aug 2009, 01:23:21.30",2.690672074169337,-1.99648629164417,36.228571111440864,1.9988,1.671,3009.016,1.6594501560667536,122,B0036,G4,24,2,0.9196569592096292,1.6653912704263079,0.0040147196405792675,-0.0027394289912544777,0.1449728295353092,75,1.2630960899214438,True,197
301,24,"02 Aug 2009, 05:16:47.78",2.62722492525996,-1.9978558036252252,36.35810336081934,1.999,1.61,3014.672,1.662412523067319,123,B0036,G4,24,2,0.9212986845834483,1.663787933239123,0.002962708018624771,-0.0016033371871847723,0.1420104625347438,74,1.2630960899214438,True,197
303,24,"02 Aug 2009, 09:10:15.05",2.6243035932050947,-1.9978433531254909,36.29901438256062,1.9988,1.605,3010.703,1.66035260832257,124,B0036,G4,24,2,0.9201570926389954,1.6626603879013175,0.0029876682582472064,-0.0011275453378058575,0.1440703772794929,73,1.2630960899214438,True,197
307,24,"02 Aug 2009, 14:15:27.17",2.6669662761212,-1.99888580618568,36.42868217427085,1.9988,1.643,3011.75,1.6610231379633236,125,B0036,G4,24,2,0.9205286959970239,1.6620167004394926,0.002907465072861825,-0.0006436874618247046,0.14339984763873925,72,1.2630960899214438,True,197
309,24,"02 Aug 2009, 18:08:54.38",2.657342749492438,-1.9971211719404096,36.39664144336581,1.9988,1.639,3005.734,1.6575187557321611,126,B0036,G4,24,2,0.9185865891522736,1.6601514362304255,0.0018259003450588087,-0.0018652642090670746,0.1469042298699017,71,1.2630960899214438,True,197
311,24,"02 Aug 2009, 22:02:10.05",2.6914302974482167,-1.994695221950886,36.31743524658528,1.9988,1.672,2993.75,1.6507877959674548,127,B0036,G4,24,2,0.914856333099001,1.6584189642105656,0.0046236975703634765,-0.0017324720198597543,0.15363518963460798,70,1.2630960899214438,True,197
313,24,"03 Aug 2009, 01:55:22.88",2.641029666264374,-1.9970225438907976,36.40596657880105,1.9988,1.622,2998.125,1.653257006211014,128,B0036,G4,24,2,0.9162247540641858,1.6565878608393045,0.004456650007413775,-0.0018311033712610225,0.15116597939104892,69,1.2630960899214438,True,197
315,24,"03 Aug 2009, 05:48:39.62",2.6663067674348446,-1.9964540976208427,36.28093983069052,1.9988,1.647,2990.859,1.6494214846772686,129,B0036,G4,24,2,0.9140991318767331,1.6544016361102443,0.0048148896147165365,-0.002186224729060271,0.15500150092479426,68,1.2630960899214438,True,197
319,24,"03 Aug 2009, 10:53:34.97",2.652024511951085,-1.9963810712150287,37.95295717388789,1.999,1.623,3024.453,1.6678591915666705,130,B0036,G4,24,2,0.9243171944022723,1.6557688468309137,0.007427109705438795,0.0013672107206693872,0.13656379403539232,67,1.2630960899214438,True,197
321,24,"03 Aug 2009, 14:44:14.31",2.650846498933422,-1.99299251275938,38.41829396059596,1.999,1.627,3030.765,1.670862764324967,131,B0036,G4,24,2,0.9259817557508379,1.6584376485494752,0.010121752385285206,0.0026688017185611647,0.13356022127709588,66,1.2630960899214438,True,197
323,24,"03 Aug 2009, 18:38:05.89",2.636443131108017,-1.995859131182341,37.82488704281872,1.9988,1.615,3020.813,1.6658118164053368,132,B0036,G4,24,2,0.9231825518169859,1.6614424526370513,0.009493594609159894,0.003004804087576396,0.138611169196726,65,1.2630960899214438,True,197
325,24,"03 Aug 2009, 22:31:42.52",2.6573768263158466,-1.9964079362116296,36.92206046060923,1.999,1.637,2998.156,1.6532998517617,133,B0036,G4,24,2,0.9162484988019928,1.6614510217471885,0.009484374031608274,8.569110137202075e-06,0.1511231338403629,64,1.2630960899214438,True,197
327,24,"04 Aug 2009, 02:24:55.45",2.661750337550587,-1.9981357516097056,36.61884081007243,1.999,1.643,2986.766,1.6468787023528522,134,B0036,G4,24,2,0.9126899377217562,1.660942465282305,0.01032185769507952,-0.0005085564648832808,0.15754428324921066,63,1.2630960899214438,True,197
331,24,"05 Aug 2009, 10:47:54.89",2.676647507144037,-1.994366761349495,37.26760229905419,1.999,1.654,3032.328,1.6718953249703756,135,B0036,G4,24,2,0.9265539944407946,1.6617496919630461,0.011124622953083675,0.0008072266807410244,0.1325276606316872,62,1.2630960899214438,True,197
335,24,"05 Aug 2009, 15:53:12.47",2.683234032060573,-1.996644051996472,38.25722659181597,1.999,1.657,3047.703,1.6807743463585727,136,B0036,G4,24,2,0.9314746928906841,1.6637320083697673,0.013731992196208435,0.001982316406721152,0.12364863924349012,61,1.2630960899214438,True,197
337,24,"05 Aug 2009, 19:44:54.08",2.622356052772389,-1.9964848063523817,37.22999793294153,1.9988,1.604,3034.968,1.6737717086703074,137,B0036,G4,24,2,0.9275938746212755,1.6653239868227616,0.014474705889868267,0.001591978452994125,0.13065127693175538,60,1.2630960899214438,True,197
339,24,"05 Aug 2009, 23:38:49.91",2.6656468752025866,-1.9968437858227688,36.750095375605376,1.9988,1.647,3011.7339999999967,1.6605773762487392,138,B0036,G4,24,2,0.920281657626231,1.6667794917201697,0.01327993277313182,0.0014555048974078666,0.14384560935332358,59,1.2630960899214438,True,197
341,24,"06 Aug 2009, 03:32:21.31",2.6416903037262225,-1.9977120098830228,36.46133969406453,1.9988,1.622,3002.922,1.655987781146086,139,B0036,G4,24,2,0.9177381325551836,1.6686013074788164,0.010114976448511413,0.0018218157586467499,0.1484352044559769,58,1.2630960899214438,True,197
343,24,"06 Aug 2009, 07:22:48.56",2.6595878021770023,-1.9960024043803175,36.121581178683655,1.9988,1.64,2986.718,1.646862318389844,140,B0036,G4,24,2,0.912680857831321,1.6635947061627099,0.01365333114938806,-0.005006601316106307,0.15756066721221873,57,1.2630960899214438,True,197
347,24,"06 Aug 2009, 12:25:17.05",2.687257575540443,-1.9960632835178085,37.62901534109348,1.999,1.659,3006.203,1.6574621175432849,141,B0036,G4,24,2,0.9185552006201345,1.6589322603996521,0.009739486759424262,-0.004662445763057565,0.14696086805877795,56,1.2630960899214438,True,197
349,24,"06 Aug 2009, 16:13:25.92",2.6749338603361448,-1.9945072675259776,38.17206500603514,1.9988,1.651,3011.609,1.6603991175216894,142,B0036,G4,24,2,0.9201828677479862,1.6562577421699287,0.005603740165760871,-0.0026745182297235994,0.14402386808037337,55,1.2630960899214438,True,197
351,24,"06 Aug 2009, 20:00:59.56",2.6883490982654625,-1.994286983368716,37.0744174656725,1.999,1.665,2985.953,1.6460789092837111,143,B0036,G4,24,2,0.9122466973753836,1.6533580487769233,0.006490683840417217,-0.0028996933930056203,0.15834407631835168,54,1.2630960899214438,True,197
353,24,"06 Aug 2009, 23:49:34.39",2.6341133806914536,-1.9966378497306043,36.55596040748888,1.9988,1.615,2976.312999999994,1.6408366462659327,144,B0036,G4,24,2,0.9093414678035993,1.6503278218008923,0.008253401688736456,-0.0030302269760306365,0.1635863393361301,53,1.2630960899214438,True,197
355,24,"07 Aug 2009, 03:40:19.73",2.6535520046660226,-1.997120489206112,36.35822055804636,1.9988,1.634,2964.75,1.63444089202816,145,B0036,G4,24,2,0.9057969805692834,1.6478435365285555,0.01097726075670278,-0.002484285272336839,0.16998209357390293,52,1.2630960899214438,True,197
359,24,"07 Aug 2009, 08:44:36.25",2.682065697865543,-1.9970848888866728,37.04815005782166,1.9988,1.655,2969.953,1.6374039186504212,146,B0036,G4,24,2,0.9074390715013453,1.6438318967499828,0.010222564098870505,-0.004011639778572729,0.1670190669516416,51,1.2630960899214438,True,197
361,24,"07 Aug 2009, 12:32:22.34",2.623022825320866,-1.9986430024383024,37.78142773101782,1.9988,1.598,2988.453,1.64738207540524,147,B0036,G4,24,2,0.9129689039377734,1.6412284883266932,0.005528235575561065,-0.002603408423289899,0.15704091019682287,50,1.2630960899214438,True,197
363,24,"07 Aug 2009, 16:20:49.77",2.638877668106794,-1.9944870849256933,38.98412239569435,1.999,1.612,3001.235,1.6545646441622357,148,B0036,G4,24,2,0.9169494388867888,1.642925635302398,0.008095839734694804,0.0016971469757049106,0.14985834143982713,49,1.2630960899214438,True,197
365,24,"07 Aug 2009, 20:14:10.41",2.6345026369215763,-1.9963192473744047,37.65911041193654,1.999,1.609,2976.234,1.640896560729935,149,B0036,G4,24,2,0.9093746720270438,1.6429376181951985,0.008092018204950435,1.198289280046616e-05,0.16352642487212776,48,1.2630960899214438,True,197
367,24,"08 Aug 2009, 00:07:05.12",2.6856425973144904,-1.9961419995423464,36.92167189475025,1.9988,1.663,2950.39,1.6265229979339637,150,B0036,G4,24,2,0.9014089328901221,1.6413540393763593,0.010566809214499593,-0.0015835788188392375,0.1778999876680991,47,1.2630960899214438,True,197
371,24,"08 Aug 2009, 05:11:27.59",2.68786797873656,-1.996220932721792,36.59954969750561,1.9988,1.663,2941.719,1.6217349144630455,151,B0036,G4,24,2,0.8987554067994419,1.638220238538884,0.013845873916735033,-0.0031338008374751426,0.1826880711390173,46,1.2630960899214438,True,197
373,24,"08 Aug 2009, 09:03:54.81",2.6302060684262494,-1.9986752417902447,36.62217023847058,1.9988,1.61,2946.969,1.6248200059639546,152,B0036,G4,24,2,0.9004651453283378,1.633707824650627,0.0137899463457473,-0.004512413888257072,0.17960297963810823,45,1.2630960899214438,True,197
375,24,"08 Aug 2009, 12:56:26.70",2.6641914790243417,-1.9983661034371256,36.59089881260896,1.999,1.643,2936.171,1.61880119736137,153,B0036,G4,24,2,0.8971295590214629,1.6265551352904537,0.008544680691222144,-0.007152689360173126,0.18562178824069275,44,1.2630960899214438,True,197
377,24,"08 Aug 2009, 16:48:44.94",2.689303373660729,-1.9961755647248025,36.59234456560626,1.9988,1.667,2927.281,1.6137350490334217,154,B0036,G4,24,2,0.8943219311158264,1.621122832951151,0.005078751247438481,-0.0054323023393026745,0.19068793656864114,43,1.2630960899214438,True,197
379,24,"08 Aug 2009, 20:40:51.69",2.65147651386545,-1.99833953505998,36.48018480302178,1.9988,1.632,2924.422,1.612012823654141,155,B0036,G4,24,2,0.8933674845182032,1.6182207980951866,0.005359484885633174,-0.0029020348559645635,0.19241016194792193,42,1.2630960899214438,True,197
383,24,"17 Aug 2009, 13:08:30.97",2.6896892125914618,-1.9960908207943984,38.23567263982747,1.999,1.66,3023.859,1.6671032556887178,156,B0036,G4,24,2,0.9238982594385833,1.6272944663403208,0.022805617084283823,0.009073668245134447,0.13731972991334507,41,1.2630960899214438,True,197
387,24,"17 Aug 2009, 18:14:09.38",2.6628469651561684,-1.9993214587573385,37.930952706812825,1.9988,1.639,3056.172,1.6850133383886254,157,B0036,G4,24,2,0.9338239159186973,1.639333132825255,0.034209218293746124,0.01203866648493417,0.11940964721343739,40,1.2630960899214438,True,197
389,24,"17 Aug 2009, 22:06:54.11",2.626900680068646,-1.9976629139219912,37.19257582780181,1.999,1.607,3045.078,1.6786654987614698,158,B0036,G4,24,2,0.9303059826636864,1.6513059931052751,0.03567145281909361,0.011972860280019936,0.12575748684059307,39,1.2630960899214438,True,197
391,24,"18 Aug 2009, 02:01:03.31",2.6081515730092875,-1.9949593887886987,36.76201438343683,1.9988,1.587,3034.25,1.6729763502191373,159,B0036,G4,24,2,0.927153091912611,1.6631542533424182,0.02935103222484588,0.011848260237143115,0.13144663538292556,38,1.2630960899214438,True,197
393,24,"18 Aug 2009, 05:55:02.02",2.635733198142088,-1.996058377755164,36.54833629882202,1.9988,1.617,3022.609,1.666489034299654,160,B0036,G4,24,2,0.9235578617635565,1.674049495471521,0.007875211090321101,0.0108952421291026,0.13793395130240893,37,1.2630960899214438,True,197
395,24,"18 Aug 2009, 09:48:49.64",2.629018498984386,-1.998920228526336,37.37954300419149,1.9988,1.607,3028.828,1.6698420840710908,161,B0036,G4,24,2,0.9254161011000046,1.6745972611479953,0.007348939145535072,0.0005477656764746097,0.13458090153097202,36,1.2630960899214438,True,197
399,24,"18 Aug 2009, 14:54:37.94",2.6266603184816235,-1.9985363253627664,38.17965570439169,1.999,1.599,3037.875,1.6746744228027035,162,B0036,G4,24,2,0.928094153181014,1.672529478030811,0.004641128095591751,-0.002067783117184385,0.1297485627993593,35,1.2630960899214438,True,197
401,24,"18 Aug 2009, 18:45:24.70",2.602450788874241,-1.995989503086606,37.06880928199277,1.9988,1.579,3023.187,1.6665045335145643,163,B0036,G4,24,2,0.9235664513320968,1.67009728498143,0.0037159006602805462,-0.002432193049381093,0.13791845208749853,34,1.2630960899214438,True,197
403,24,"18 Aug 2009, 22:39:17.61",2.662872873818505,-1.9970974914301107,36.3207199175235,1.9988,1.64,2996.922,1.652222084834727,164,B0036,G4,24,2,0.9156512070718538,1.665946431904548,0.008371342905722496,-0.004150853076882033,0.15220090076733572,33,1.2630960899214438,True,197
405,24,"19 Aug 2009, 02:32:38.62",2.6641259048235493,-1.9963517539855296,36.10688426616758,1.9988,1.643,2986.469,1.6462718275099526,165,B0036,G4,24,2,0.912353611456938,1.6619029905466078,0.012097169904878233,-0.004043441357940258,0.15815115809211022,32,1.2630960899214438,True,197
407,24,"19 Aug 2009, 06:25:55.27",2.6980994427054057,-1.9963191123968351,36.31248307899438,1.9988,1.676,2979.219,1.642399234692521,166,B0036,G4,24,2,0.9102074445945494,1.656414420670894,0.013712324464258458,-0.0054885698757139775,0.1620237509095419,31,1.2630960899214438,True,197
411,24,"19 Aug 2009, 11:30:52.69",2.649240292513478,-1.9980690345604737,37.07549861586275,1.999,1.623,2995.047,1.651178607099992,167,B0036,G4,24,2,0.9150729181988672,1.6517152575303513,0.009160878282687359,-0.004699163140542284,0.15324437850207073,30,1.2630960899214438,True,197
413,24,"19 Aug 2009, 15:24:12.88",2.691344905562854,-1.995011022673472,37.414877687125575,1.9988,1.664,2989.828,1.6481683120281931,168,B0036,G4,24,2,0.9134046313859531,1.6480480132330773,0.00394656490569699,-0.0036672442972742305,0.15625467357386968,29,1.2630960899214438,True,197
415,24,"19 Aug 2009, 19:17:33.31",2.6312837349184783,-1.99656593529643,37.09639528593206,1.999,1.606,2989.391,1.6478887725428395,169,B0036,G4,24,2,0.9132497123411482,1.6471813507746997,0.00320735338704088,-0.0008666624583775207,0.15653421305922333,28,1.2630960899214438,True,197
417,24,"19 Aug 2009, 23:10:50.88",2.6584363442335084,-1.9975581460672744,36.36605166703309,1.9988,1.635,2967.2810000000027,1.635843650915682,170,B0036,G4,24,2,0.9065743808233895,1.6450957154558457,0.006064554705526127,-0.0020856353188541286,0.16857933468638087,27,1.2630960899214438,True,197
419,24,"20 Aug 2009, 03:03:46.69",2.623199819387988,-1.9965849481837905,36.234238027710575,1.9988,1.6,2962.609,1.6332362811945516,171,B0036,G4,24,2,0.9051293927347123,1.643263124756252,0.008119398441927347,-0.0018325906995938722,0.17118670440751127,26,1.2630960899214438,True,197
423,24,"20 Aug 2009, 08:08:26.70",2.633671931011382,-1.995249974034138,36.13330283566238,1.999,1.606,2957.016,1.629926467682987,172,B0036,G4,24,2,0.903295114664673,1.6390126968728507,0.008493812445406746,-0.00425042788340102,0.17449651791907583,25,1.2630960899214438,True,197
425,24,"20 Aug 2009, 12:01:09.55",2.613160298710749,-1.997544309256274,37.40631592104371,1.9988,1.586,2973.281,1.6387862629287224,173,B0036,G4,24,2,0.9082051581059448,1.6371362870529567,0.006841067420884631,-0.0018764098198941425,0.1656367226733404,24,1.2630960899214438,True,197
427,24,"20 Aug 2009, 15:51:55.17",2.664776371262019,-1.99615321849346,37.77076533558071,1.9988,1.636,2968.016,1.6359654863840771,174,B0036,G4,24,2,0.9066419012824877,1.634751629821204,0.0033362663734987684,-0.002384657231752474,0.1684574992179857,23,1.2630960899214438,True,197
429,24,"20 Aug 2009, 19:42:35.55",2.632939371611515,-1.9966159693250063,37.14813436098321,1.9988,1.605,2959.281,1.631137043967566,175,B0036,G4,24,2,0.9039660085150831,1.6338103084315807,0.0036043371196897733,-0.0009413213896231731,0.17328594163449673,22,1.2630960899214438,True,197
431,24,"20 Aug 2009, 23:35:23.25",2.628283415842944,-1.9970650809325448,36.53239990681521,1.999,1.603,2942.797000000006,1.6220189720888465,176,B0036,G4,24,2,0.8989128297695922,1.6315668466104398,0.006432446755581798,-0.002243461821141013,0.18240401351321633,21,1.2630960899214438,True,197
435,24,"21 Aug 2009, 17:59:25.48",2.638269533539896,-1.9965799815551364,37.81511547301817,1.9988,1.605,2978.89,1.6416044978422155,177,B0036,G4,24,2,0.9097670063732194,1.6339024526422858,0.007685925555824616,0.002335606031845705,0.1628184877598473,20,1.2630960899214438,True,197
439,24,"21 Aug 2009, 23:04:26.38",2.666855394758346,-1.99685273213792,36.404593910301536,1.9988,1.636,2948.891,1.6253090231457803,178,B0036,G4,24,2,0.900736155610144,1.631207004685697,0.00790509386033565,-0.0026954479565884258,0.17911396245628253,19,1.2630960899214438,True,197
441,24,"22 Aug 2009, 02:57:06.98",2.645771603606621,-1.997194293641355,36.31178502135717,1.9988,1.62,2938.547,1.6196134522239485,179,B0036,G4,24,2,0.89757970561628,1.6279365978536713,0.008778546891963524,-0.0032704068320257296,0.18480953337811434,18,1.2630960899214438,True,197
443,24,"22 Aug 2009, 06:49:38.89",2.6749192828697232,-1.996065778634215,36.180551238597374,1.9988,1.649,2925.484,1.6124236174774371,180,B0036,G4,24,2,0.8935951439010498,1.6241939125556457,0.010823848446403647,-0.003742685298025794,0.1919993681246257,17,1.2630960899214438,True,197
445,24,"22 Aug 2009, 10:41:58.17",2.6772635289500464,-1.9964121530483712,36.10348020899565,1.9988,1.651,2917.297,1.6077701029913394,181,B0036,G4,24,2,0.8910161951051027,1.6213441387361442,0.013162711358434066,-0.0028497738195014223,0.19665288261072345,16,1.2630960899214438,True,197
447,24,"22 Aug 2009, 14:34:05.88",2.651409246777448,-1.994260442862444,36.39815845242428,1.9988,1.624,2918.938,1.6088077531981582,182,B0036,G4,24,2,0.8915912543983495,1.6147847898073326,0.00749302009576991,-0.00655934892881147,0.19561523240390466,15,1.2630960899214438,True,197
451,24,"22 Aug 2009, 19:38:07.91",2.6359845840555653,-1.9960885978011356,36.34867749615663,1.999,1.605,2918.25,1.6083556258734268,183,B0036,G4,24,2,0.89134068824599,1.6113941103528622,0.004941470589171604,-0.003390679454470691,0.19606735972863598,14,1.2630960899214438,True,197
453,24,"22 Aug 2009, 23:30:19.44",2.6203632515294,-1.99585800007669,36.30340414585353,1.9988,1.594,2915.4839999999967,1.606820251901154,184,B0036,G4,24,2,0.8904897935364214,1.608835470288303,0.0021390378548115123,-0.0025586400645588813,0.19760273370090875,13,1.2630960899214438,True,197
455,24,"23 Aug 2009, 03:22:24.16",2.6353503124760125,-1.9984873080161245,36.26566178605087,1.9988,1.61,2906.015,1.601770977206713,185,B0036,G4,24,2,0.8876915168935664,1.6067049422341584,0.002856503329192641,-0.00213052805414482,0.2026520083953498,12,1.2630960899214438,True,197
457,24,"23 Aug 2009, 07:14:19.11",2.665160202735034,-1.998072754436328,36.17313667131571,1.9988,1.639,2894.14,1.594911734692208,186,B0036,G4,24,2,0.8838901673379264,1.6041332685743321,0.005863362829990387,-0.00257167365982629,0.2095112509098549,11,1.2630960899214438,True,197
459,24,"23 Aug 2009, 11:06:06.55",2.6439462094074133,-1.9962474178523084,36.20038317528244,1.9988,1.619,2892.031,1.5938139125387372,187,B0036,G4,24,2,0.8832817611259514,1.6011345004424478,0.0066556619815661905,-0.0029987681318841995,0.21060907306332566,10,1.2630960899214438,True,197
463,24,"23 Aug 2009, 16:09:49.30",2.680823910703161,-1.9982332350964869,36.12974352283867,1.9988,1.649,2888.719,1.5920273129504596,188,B0036,G4,24,2,0.8822916387419354,1.5978688378578543,0.006218215109533954,-0.003265662584593443,0.2123956726516032,9,1.2630960899214438,True,197
465,24,"23 Aug 2009, 20:01:32.50",2.6584332895177942,-1.996059066225128,36.15128962766672,1.9988,1.631,2875.641,1.5847361549778751,189,B0036,G4,24,2,0.8782509243247713,1.5934520184731986,0.006112750515561301,-0.0044168193846557905,0.2196868306241877,8,1.2630960899214438,True,197
467,24,"23 Aug 2009, 23:53:02.44",2.68581364438656,-1.9955793581161476,36.06503580876304,1.9988,1.659,2860.7810000000027,1.5763429363936798,190,B0036,G4,24,2,0.8735994547684828,1.588366410310592,0.00780482925402592,-0.005085608162606637,0.22808004920838298,7,1.2630960899214438,True,197
469,24,"24 Aug 2009, 03:44:13.05",2.686590802386354,-1.9945335134905464,36.12802521407918,1.9988,1.659,2852.844,1.5720229174642286,191,B0036,G4,24,2,0.8712053271365906,1.583788646864996,0.009528251873736406,-0.004577763445595862,0.2324000681378342,6,1.2630960899214438,True,197
471,24,"24 Aug 2009, 07:35:22.55",2.656968060548768,-1.998642879452892,36.26774799217623,1.9988,1.631,2854.64,1.5729874285512353,192,B0036,G4,24,2,0.8717398531843648,1.5796233500674957,0.008552225050441583,-0.004165296797500373,0.23143555705082752,5,1.2630960899214438,True,197
475,24,"24 Aug 2009, 12:38:30.39",2.676038889381632,-1.9965161121328303,38.43630283495838,1.9988,1.639,2897.844,1.596985400389019,193,B0036,G4,24,2,0.8850393799745183,1.5806149675552077,0.010431061585584978,0.00099161748771186,0.2074375852130439,4,1.2630960899214438,True,197
477,24,"24 Aug 2009, 16:30:26.73",2.6188084347235887,-2.0004223299752004,38.52063845392343,1.9988,1.586,2896.063,1.595726023703856,194,B0036,G4,24,2,0.8843414412455108,1.582812941300404,0.012474299303378025,0.002197973745196169,0.20869696189820686,3,1.2630960899214438,True,197
479,24,"24 Aug 2009, 20:22:13.22",2.645949573946669,-1.999003195807612,37.489412293667954,1.999,1.615,2866.234,1.579500338340559,195,B0036,G4,24,2,0.8753492672969602,1.5834444216897796,0.01214033679420315,0.000631480389375838,0.2249226472615038,2,1.2630960899214438,True,197
481,24,"25 Aug 2009, 00:13:33.59",2.6883439532038187,-1.9968155691885976,36.78751789975617,1.9988,1.66,2836.609,1.5629469877520186,196,B0036,G4,24,2,0.8661755033177692,1.5816292357473376,0.014686478893332116,-0.0018151859424420103,0.24147599785004425,1,1.2630960899214438,True,197
483,24,"25 Aug 2009, 04:04:24.88",2.67894320816739,-1.9983904629679048,36.62637340717898,1.9988,1.65,2829.516,1.5591129431541175,197,B0036,G4,24,2,0.8640506996389788,1.5788543386679141,0.017724086581959047,-0.002774897079423555,0.2453100424479453,0,1.2630960899214438,True,197
1,4,"21 Jul 2010, 15:00:35.09",3.678452965469899,0.0023949904667193,5.306623820769548,0.0004,0.0,6436.141,1.0819793880779518,1,B0045,G7,4,1,1.0,1.0819793880779518,0.0,0.0,0.0,16,0.7573855716545662,False,17
5,4,"21 Jul 2010, 21:02:56.98",3.663097390180859,-0.0028349306262337,5.397916024896522,0.0004,0.0,5650.265,0.927952404748273,2,B0045,G7,4,1,0.8576433294137931,1.0049658964131125,0.10891352439812327,0.0,0.1540269833296788,15,0.7573855716545662,False,17
7,4,"22 Jul 2010, 01:40:06.22",3.674371007397814,-0.0012373109177773,4.970043389354473,0.0004,0.0,5590.907,0.885193608411576,3,B0045,G7,4,1,0.8181242805226173,0.9650418004126003,0.10350303484818515,0.0,0.19678577966637578,14,0.7573855716545662,False,17
9,4,"22 Jul 2010, 06:16:21.78",3.6817897500731527,-0.0010381349070863,5.125163627483804,0.0004,0.0,5543.61,0.8581010699478283,4,B0045,G7,4,1,0.7930844888571998,0.9383066177964072,0.10000499374168527,0.0,0.2238783181301235,13,0.7573855716545662,False,17
11,4,"22 Jul 2010, 10:51:48.20",3.688499142654617,2.7421335105905583e-06,5.434870919119721,0.0004,0.0,5499.046,0.8409352213456689,5,B0045,G7,4,1,0.7772192618562926,0.9188323385062596,0.0969380567646642,0.0,0.2410441667322829,12,0.7573855716545662,False,17
13,4,"22 Jul 2010, 15:26:29.36",3.6948450418453898,-0.0008461127507955,5.209229603488767,0.0004,0.0,5461.219,0.8245471942901911,6,B0045,G7,4,1,0.7620729224379514,0.8673458997487075,0.040639910043754675,-0.05148643875755214,0.2574321937877607,11,0.7573855716545662,False,17
17,4,"23 Jul 2010, 09:59:08.72",3.7010520128314486,0.0004223901257868,5.101048931685019,0.0004,0.0,5451.281,0.7935960418803983,7,B0045,G7,4,1,0.7334668761945244,0.8404746271751324,0.034503535297758035,-0.026871272573574932,0.28838334619755346,10,0.7573855716545662,False,17
21,4,"23 Jul 2010, 15:44:51.67",3.69898995831713,-0.000977111374951,6.253923186906898,0.0004,0.0,5468.062,0.8183676087159205,8,B0045,G7,4,1,0.756361551553846,0.8271094272360013,0.024278415966864222,-0.0133651999391311,0.2636117793620313,9,0.7573855716545662,False,17
23,4,"23 Jul 2010, 20:19:02.36",3.70244357387636,-0.0010493321247906,5.512459923828266,0.0004,0.0,5411.297,0.7977644276409412,9,B0045,G7,4,1,0.7373194318036915,0.8150420987746239,0.019559594383083842,-0.012067328461377414,0.28421496043701056,8,0.7573855716545662,False,17
25,4,"24 Jul 2010, 00:52:14.62",3.704020503426279,0.0003523511335336,6.369677490854725,0.0002,0.0,5369.703,0.7993777411831636,10,B0045,G7,4,1,0.7388105078445099,0.8067306027421228,0.013782456244313374,-0.008311496032501054,0.28260164689478817,7,0.7573855716545662,False,17
27,4,"24 Jul 2010, 05:24:46.45",3.7078446962381055,-0.0014186688944545,5.540426970628361,0.0002,0.0,5327.406,0.7783107440628891,11,B0045,G7,4,1,0.7193397144519498,0.7974833126966626,0.014339804457682058,-0.009247290045460387,0.30366864401506266,6,0.7573855716545662,False,17
29,4,"24 Jul 2010, 09:56:39.00",3.706347835294092,-0.001316496452818,6.349356711013902,0.0002,0.0,5299.266,0.7803738231239117,12,B0045,G7,4,1,0.72124647818863,0.7948388689453653,0.016318534805631665,-0.002644443751297332,0.3016055649540401,5,0.7573855716545662,False,17
33,4,"27 Jul 2010, 16:12:05.72",3.7008319877296514,-0.0002304080663737,5.933266377616368,0.0004,0.0,5367.172,0.7713058245640294,13,B0045,G7,4,1,0.7128655435240696,0.785426512114987,0.012474159189721215,-0.009412356830378221,0.3106735635139224,4,0.7573855716545662,False,17
37,4,"27 Jul 2010, 21:56:24.31",3.704404289307393,-0.0017176187024661,5.681980505215443,0.0004,0.0,5406.812,0.795279016979026,14,B0045,G7,4,1,0.7350223356766291,0.784929429982604,0.011895701211999688,-0.0004970821323830421,0.28670037109892577,3,0.7573855716545662,False,17
39,4,"28 Jul 2010, 02:29:37.34",3.705075889530729,-0.001710776939229,5.8370634328553415,0.0002,0.0,5353.094,0.7824128169919247,15,B0045,G7,4,1,0.7231309816186214,0.7815364451443563,0.008747124429411413,-0.0033929848382477923,0.29956657108602713,2,0.7573855716545662,False,17
41,4,"28 Jul 2010, 07:01:57.69",3.7080145188067903,-0.0015191358183958,5.528679042244647,0.0002,0.0,5280.031,0.7649414992231182,16,B0045,G7,4,1,0.7069834302314894,0.778862596176402,0.011568151151751862,-0.0026738489679541955,0.31703788885483364,1,0.7573855716545662,False,17
43,4,"28 Jul 2010, 11:33:01.83",3.7103292795390734,0.0023380625078125,5.592823935495439,0.0004,0.0,5248.593,0.7544899426779375,17,B0045,G7,4,1,0.6973237669695607,0.7736858200872072,0.015756235770006684,-0.005176776089194845,0.32748944540001435,0,0.7573855716545662,False,17
45,4,"28 Jul 2010, 16:03:39.02",3.710136582658889,0.0016565529408432,5.956116112350739,0.0004,0.0,5203.375,0.7504048978314295,18,B0045,G7,4,1,0.6935482377020717,0.7695056347406871,0.018986857805420775,-0.004180185346519982,0.3315744902465223,0,0.7573855716545662,False,17
49,4,"28 Jul 2010, 21:45:15.50",3.7108957795935584,0.0009273847204246,6.292453694229029,0.0004,0.0,5166.812,0.7407258109620256,19,B0045,G7,4,1,0.6846025156522294,0.7585949935372871,0.01589656916345246,-0.010910641203400084,0.3412535771159262,0,0.7573855716545662,False,17
53,4,"29 Jul 2010, 05:57:18.52",3.72048442804489,-0.0010035516856071,5.443223561926039,0.0004,0.0,5340.281,0.7308525593793626,20,B0045,G7,4,1,0.6754773403564208,0.7482829420147746,0.013052447572672442,-0.010312051522512421,0.35112682869858924,0,0.7573855716545662,False,17
55,4,"29 Jul 2010, 10:29:29.77",3.71321400681084,-0.0025893939579696,5.985278573941543,0.0004,0.0,5103.0,0.7287255851177903,21,B0045,G7,4,1,0.673511522629199,0.7410397591937091,0.01144694002981714,-0.007243182821065575,0.3532538029601615,0,0.7573855716545662,False,17
57,4,"29 Jul 2010, 14:57:39.92",3.713750450899932,-0.0026376375778514,5.652237755725198,0.0004,0.0,5051.172,0.7161023377036263,22,B0045,G7,4,1,0.661844713119465,0.7333622381988468,0.012945806810187583,-0.00767752099486223,0.3658770503743255,0,0.7573855716545662,False,17
61,4,"29 Jul 2010, 20:36:49.09",3.7127031451411376,0.0002928167393902,6.045894259888042,0.0004,0.0,5027.563,0.7129204834988017,23,B0045,G7,4,1,0.6589039415669894,0.7258653553323213,0.011366315147834061,-0.007496882866525567,0.36905890457915014,0,0.7573855716545662,False,17
63,4,"30 Jul 2010, 01:03:48.20",3.714311138945114,-0.0014937680133413,5.525887950771149,0.0002,0.0,4993.765,0.7141991829499618,24,B0045,G7,4,1,0.6600857565490951,0.7205600297299085,0.008533851972496953,-0.0053053256024127695,0.36778020512799003,0,0.7573855716545662,False,17
65,4,"30 Jul 2010, 05:30:13.45",3.7154129272265513,0.0038087353320002,6.270212042809149,0.0002,0.0,4962.469,0.7190570819844222,25,B0045,G7,4,1,0.6645755824071367,0.7182009342509204,0.0063206515862651025,-0.0023590954789880713,0.3629223060935296,0,0.7573855716545662,False,17
67,4,"30 Jul 2010, 09:56:07.80",3.716384100528091,-0.0010688683984034,6.278408659316877,0.0004,0.0,4907.859,0.7173975428775917,26,B0045,G7,4,1,0.6630417832191702,0.7159353258028808,0.0024502448617388433,-0.002265608448039713,0.3645818452003601,0,0.7573855716545662,False,17
69,4,"30 Jul 2010, 14:21:03.88",3.715242850218056,0.0002428564773959,5.378247627420133,0.0004,0.0,4888.656,0.7071027496463946,27,B0045,G7,4,1,0.6535270056322469,0.7141354081914344,0.00463148980013647,-0.0017999176114463333,0.37487663843155716,0,0.7573855716545662,False,17
73,4,"30 Jul 2010, 19:57:28.86",3.716189989859948,0.0001478010626389,6.383661111203877,0.0004,0.0,4866.25,0.703531206505542,28,B0045,G7,4,1,0.6502260710856127,0.7122575527927825,0.006692236882578121,-0.0018778553986519286,0.3784481815724098,0,0.7573855716545662,False,17
75,4,"31 Jul 2010, 00:21:41.81",3.715704598052087,-0.0014169101395885,5.088650234901636,0.0002,0.0,4836.125,0.6941108278958862,29,B0045,G7,4,1,0.6415194554943578,0.7082398817819674,0.010295259018485195,-0.004017671010815116,0.3878685601820656,0,0.7573855716545662,False,17
77,4,"31 Jul 2010, 04:45:24.17",3.714616483624382,-0.0029934817124858,5.593000940965031,0.0002,0.0,4801.485,0.6914114388869608,30,B0045,G7,4,1,0.6390245937265006,0.702710753162475,0.010455833140248434,-0.005529128619492285,0.390567949190991,0,0.7573855716545662,False,17
79,4,"31 Jul 2010, 09:08:38.41",3.714262676835134,-0.0015303530332589,6.220857216140429,0.0002,0.0,4760.938,0.6971551798505504,31,B0045,G7,4,1,0.6443331430638339,0.6986622805570668,0.006528968852952179,-0.00404847260540826,0.3848242082274014,0,0.7573855716545662,False,17
81,4,"31 Jul 2010, 13:31:07.30",3.714403829962072,-0.0004118736275717,6.103225191165719,0.0004,0.0,4740.907,0.6832460217432723,32,B0045,G7,4,1,0.631477853711246,0.6938909349764424,0.007468275591603378,-0.004771345580624464,0.3987333663346795,0,0.7573855716545662,False,17
85,4,"03 Aug 2010, 15:52:53.05",3.712721112010587,-0.0022567583307564,5.343422329688597,0.0004,0.0,4914.532,0.6822029317493292,33,B0045,G7,4,1,0.6305137965347076,0.6896252800251997,0.006629405793800318,-0.004265654951242559,0.3997764563286226,0,0.7573855716545662,False,17
89,4,"03 Aug 2010, 21:29:43.95",3.7153780330420183,-0.001035069029405,5.693233889879632,0.0004,0.0,4998.656,0.7289529213213379,34,B0045,G7,4,1,0.6737216340287807,0.6965936987102901,0.019101996100404004,0.0069684186850903496,0.35302646675661387,0,0.7573855716545662,False,17
91,4,"04 Aug 2010, 01:56:12.73",3.711495480121666,-0.0010355561458972,5.683454566787795,0.0002,0.0,4890.015,0.7139321758287004,35,B0045,G7,4,1,0.6598389800169324,0.7010978460986381,0.020198238001795668,0.004504147388347923,0.3680472122492514,0,0.7573855716545662,False,17
93,4,"04 Aug 2010, 06:20:57.08",3.7148856086306696,-0.001516195211932,5.43208615439176,0.0004,0.0,4842.11,0.6957731747455482,36,B0045,G7,4,1,0.6430558496881651,0.7008214450776377,0.020274989480646384,-0.0002764010210004386,0.38620621333240357,0,0.7573855716545662,False,17
95,4,"04 Aug 2010, 10:44:49.39",3.716394120696524,0.0005030328974056,6.412270077784885,0.0004,0.0,4798.281,0.7018312962317095,37,B0045,G7,4,1,0.6486549595722481,0.704538499975325,0.01779987782381105,0.003717054897687433,0.3801480918462423,0,0.7573855716545662,False,17
97,4,"04 Aug 2010, 15:07:58.83",3.712423044727602,-0.0027999753522433,6.044582652567381,0.0004,0.0,4739.188,0.6911808244378487,38,B0045,G7,4,1,0.6388114524673849,0.706334078513029,0.015254277912535464,0.0017955785377038902,0.3907985636401031,0,0.7573855716545662,False,17
101,4,"04 Aug 2010, 20:41:59.50",3.717582613624396,-0.0034510987892838,6.640046653588406,0.0004,0.0,4733.156,0.6843279752855028,39,B0045,G7,4,1,0.632477829823686,0.697409089305862,0.011237786103863813,-0.008924989207167023,0.397651412792449,0,0.7573855716545662,False,17
103,4,"05 Aug 2010, 01:04:03.31",3.715224385397303,0.0003844087271308,5.283300305384808,0.0004,0.0,4670.61,0.6741394908812485,40,B0045,G7,4,1,0.6230613062590797,0.6894505523163714,0.01068786243363137,-0.007958536989490384,0.4078398971967033,0,0.7573855716545662,False,17
105,4,"05 Aug 2010, 05:25:07.91",3.718067406495371,-2.700905329727504e-06,6.384014340356649,0.0002,0.0,4635.0,0.6670070174301739,41,B0045,G7,4,1,0.6164692458837479,0.6836973208532966,0.013740086936300534,-0.00575323146307487,0.4149723706477779,0,0.7573855716545662,False,17
107,4,"05 Aug 2010, 09:45:36.39",3.7173141911938457,-0.0018729020363811,6.497209860727488,0.0004,0.0,4615.86,0.6804085117374855,42,B0045,G7,4,1,0.6288553360948731,0.6794127639544518,0.009291770812748174,-0.004284556898844794,0.4015708763404663,0,0.7573855716545662,False,17
109,4,"05 Aug 2010, 14:05:44.83",3.71691203309215,-0.0003279663079494,6.835301550964656,0.0004,0.0,4580.75,0.6617864063235485,43,B0045,G7,4,1,0.6116441899130427,0.6735338803315918,0.009283626606592411,-0.005878883622860043,0.42019298175440334,0,0.7573855716545662,False,17
113,4,"05 Aug 2010, 19:37:08.12",3.7145612024997487,-0.0016639928555696,6.012912094286684,0.0004,0.0,4557.406,0.6623168733492338,44,B0045,G7,4,1,0.6121344645259701,0.6691316599443381,0.008018009883396602,-0.004402220387253797,0.41966251472871796,0,0.7573855716545662,False,17
115,4,"05 Aug 2010, 23:56:22.44",3.71758038160168,-0.0022972046638491,5.754241507513206,0.0004,0.0,4524.032000000007,0.6679358357181778,45,B0045,G7,4,1,0.6173276894901958,0.667890928911724,0.007513462706564113,-0.0012407310326141285,0.41404355235977397,0,0.7573855716545662,False,17
117,4,"06 Aug 2010, 04:15:03.23",3.715840088088744,-0.0012373404632574,6.297400935612353,0.0002,0.0,4502.938,0.6488990885270688,46,B0045,G7,4,1,0.5997333180993264,0.6642693431311029,0.011403264567972863,-0.003621585780621017,0.433080299550883,0,0.7573855716545662,False,17
119,4,"06 Aug 2010, 08:33:24.75",3.716260669858614,-0.0001541539819656,6.656812070627461,0.0004,0.0,4483.094,0.6503639129625527,47,B0045,G7,4,1,0.6010871557524503,0.6582604233761163,0.00825364181720087,-0.0060089197549865634,0.4316154751153991,0,0.7573855716545662,False,17
121,4,"06 Aug 2010, 12:51:21.00",3.717175991704089,-0.0009510225919995,6.527313682718034,0.0004,0.0,4448.36,0.6572077690202801,48,B0045,G7,4,1,0.607412466690106,0.6573446959154626,0.008015191116294285,-0.0009157274606536702,0.4247716190576717,0,0.7573855716545662,False,17
125,4,"06 Aug 2010, 18:20:37.38",3.715827934222603,-0.0008547301595438,5.122827096233399,0.0004,0.0,4440.531,0.6363517458476216,49,B0045,G7,4,1,0.5881366621762071,0.6521516704151402,0.01159867437906013,-0.005193025500322457,0.44562764223033025,0,0.7573855716545662,False,17
127,4,"06 Aug 2010, 22:37:51.97",3.715152561832933,-0.0012368996650362,5.987154509320592,0.0002,0.0,4416.547,0.6536449360948587,50,B0045,G7,4,1,0.6041195824035112,0.6492934904904764,0.007911399924692785,-0.0028581799246638175,0.42833445198309306,0,0.7573855716545662,False,17
129,4,"07 Aug 2010, 02:54:46.30",3.713217742985668,-0.0014046706381086,5.217345346861528,0.0004,0.0,4382.937,0.6391428272150887,51,B0045,G7,4,1,0.5907162689582044,0.6473422382280803,0.009140630177096022,-0.0019512522623960082,0.44283656086286305,0,0.7573855716545662,False,17
131,4,"07 Aug 2010, 07:11:08.67",3.717993419303729,-0.0021902596434639,5.548949419446626,0.0004,0.0,4347.453,0.6482206049496236,52,B0045,G7,4,1,0.599106241849149,0.6469135766254946,0.00901286214510495,-0.00042866160258581143,0.43375878312832816,0,0.7573855716545662,False,17
133,4,"07 Aug 2010, 11:26:50.98",3.696749648236704,-0.0003266089586871,6.485094212664489,0.0004,0.0,3581.188,0.6287957471922729,53,B0045,G7,4,1,0.5811531662440237,0.6412311722598931,0.00982043132487174,-0.005682404365601435,0.45318364088567886,0,0.7573855716545662,False,17
137,4,"10 Aug 2010, 15:39:28.92",3.7160972305125295,-8.910537798402461e-05,6.332847136574984,0.0004,0.0,4746.5,0.6380571850193401,54,B0045,G7,4,1,0.5897128836740565,0.6415722600942368,0.009636482423099496,0.0003410878343437007,0.44392220305861174,0,0.7573855716545662,False,17
141,4,"10 Aug 2010, 21:13:49.64",3.716356354269197,-0.000463810133267,5.479087801896632,0.0004,0.0,4679.156,0.6554825047832906,55,B0045,G7,4,1,0.6058179222320509,0.6419397738319231,0.010228846999041964,0.0003675137376863757,0.4264968832946612,0,0.7573855716545662,False,17
143,4,"11 Aug 2010, 01:35:02.78",3.714955821201089,0.0005056413092596,4.885873307985874,0.0004,0.0,4596.578,0.6484934835397033,56,B0045,G7,4,1,0.5993584449808227,0.6438099050968461,0.010442203904533945,0.001870131264922903,0.43348590453824853,0,0.7573855716545662,False,17
145,4,"11 Aug 2010, 05:54:59.28",3.715784593198778,-0.0005285323647756,5.666514589750062,0.0004,0.0,4544.641,0.6454071687844921,57,B0045,G7,4,1,0.5965059740472555,0.6432472178638198,0.010218517297301298,-0.0005626872330263044,0.4365722192934597,0,0.7573855716545662,False,17
147,4,"11 Aug 2010, 10:14:04.42",3.716722976318296,-0.0004354212529439,6.587711076169622,0.0002,0.0,4526.938,0.6427008031845645,58,B0045,G7,4,1,0.594004664290574,0.6460282290622781,0.006527936715041652,0.0027810111984583052,0.43927858489338734,0,0.7573855716545662,False,17
149,4,"11 Aug 2010, 14:32:46.66",3.714388789780833,-0.0003330868477082,6.573280585516407,0.0004,0.0,4487.438,0.6352454880802477,59,B0045,G7,4,1,0.5871142233205658,0.6454658896744596,0.0074431959371965145,-0.0005623393878184668,0.4467338999977041,0,0.7573855716545662,False,17
153,4,"12 Aug 2010, 12:34:22.11",3.719842176592653,0.0017399557779236,5.573117912621192,0.0004,0.0,4513.312,0.6156760019587869,60,B0045,G7,4,1,0.5690274775497204,0.637504589109559,0.013151026209848472,-0.007961300564900742,0.4663033861191649,0,0.7573855716545662,False,17
157,4,"12 Aug 2010, 18:04:47.22",3.717171800752999,0.0019312008218998,6.393100900367499,0.0004,0.0,4568.438,0.6170833682807023,61,B0045,G7,4,1,0.5703282105742334,0.6312225660577587,0.01406013293603418,-0.006282023051800189,0.4648960197972495,0,0.7573855716545662,False,17
159,4,"12 Aug 2010, 22:24:12.48",3.719304997626814,-0.0004936890614831,6.691354526705916,0.0004,0.0,4499.656,0.6434227390858672,62,B0045,G7,4,1,0.5946719005699871,0.6308256801180339,0.013579424029304314,-0.000396885939724978,0.4385566489920846,0,0.7573855716545662,False,17
161,4,"13 Aug 2010, 02:42:32.03",3.716123038638658,-0.0010885961016295,6.310688440065144,0.0004,0.0,4430.984,0.6278124433742752,63,B0045,G7,4,1,0.5802443653658993,0.6278480081559759,0.011846216950266756,-0.0029776719620578486,0.4541669447036766,0,0.7573855716545662,False,17
163,4,"13 Aug 2010, 06:59:39.34",3.718936541406788,-0.0023298016528342,6.648801491869641,0.0004,0.0,4411.141,0.6290078315253372,64,B0045,G7,4,1,0.5813491813764755,0.6266004768449938,0.011182265348419559,-0.0012475313109820974,0.45297155655261456,0,0.7573855716545662,False,17
169,4,"16 Aug 2010, 10:57:07.94",3.721153344360381,-0.001954362635859,5.348555992924947,0.0004,0.0,4883.312,0.6266355568292261,65,B0045,G7,4,1,0.5791566491320995,0.6287923878190816,0.009444667063535816,0.002191910974087841,0.4553438312487257,0,0.7573855716545662,False,17
173,4,"16 Aug 2010, 16:33:48.97",3.720884786235493,-0.0028997568839918,5.255177956389292,0.0004,0.0,4663.907,0.6495813516716594,66,B0045,G7,4,1,0.6003638875464973,0.635291984497273,0.010495987785601655,0.006499596678191421,0.4323980364062924,0,0.7573855716545662,False,17
175,4,"16 Aug 2010, 20:54:56.61",3.7201977043603742,-0.0019552773040829,5.7410583991730135,0.0004,0.0,4581.328,0.6337485177966306,67,B0045,G7,4,1,0.5857306754451517,0.6333571402394257,0.009463324549906102,-0.0019348442578473346,0.44823087028132125,0,0.7573855716545662,False,17
177,4,"17 Aug 2010, 01:14:42.11",3.7209700450881633,-0.0003094293940951,5.805536771582691,0.0004,0.0,4553.031,0.6298550929085645,68,B0045,G7,4,1,0.5821322474797331,0.6337656701462835,0.00920467591641088,0.0004085299068578463,0.45212429516938735,0,0.7573855716545662,False,17
179,4,"17 Aug 2010, 05:33:53.72",3.719263297090984,-0.0015987199128578,6.449382515726603,0.0004,0.0,4486.5,0.6183063778386736,69,B0045,G7,4,1,0.571458555173629,0.6316253794089508,0.011536384864984959,-0.0021402907373327283,0.4636730102392782,0,0.7573855716545662,False,17
181,4,"17 Aug 2010, 09:52:05.38",3.719865383776973,-0.0002058386420738,5.679988695511497,0.0004,0.0,4450.625,0.6069476168507777,70,B0045,G7,4,1,0.5609604245132347,0.6276877914132611,0.01611616690154374,-0.0039375879956896846,0.4750317712271741,0,0.7573855716545662,False,17
1,4,"21 Jul 2010, 15:00:35.09",2.1792997733612083,-1.0031372107103076,13.105428453533492,0.999,1.723,6436.141,1.7282392323598248,1,B0046,G7,4,1,1.0,1.7282392323598248,0.0,0.0,0.0,40,1.2097674626518773,False,41
5,4,"21 Jul 2010, 21:02:56.98",2.1744736968146285,-1.0042009839128965,12.938220819248125,0.9988,1.724,5650.265,1.5161488467923143,2,B0046,G7,4,1,0.8772794983493625,1.6221940395760694,0.14997054985925604,0.0,0.21209038556751048,39,1.2097674626518773,False,41
7,4,"22 Jul 2010, 01:40:06.22",2.195666899317151,-1.0062702494657014,12.400467035426775,0.9986,1.748,5590.907,1.503121190703977,3,B0046,G7,4,1,0.869741389131376,1.5825030899520387,0.1263791808753161,0.0,0.2251180416558478,38,1.2097674626518773,False,41
9,4,"22 Jul 2010, 06:16:21.78",2.1796283675041006,-1.0049973088018276,12.683911154117247,0.9986,1.731,5543.61,1.48586566102824,4,B0046,G7,4,1,0.8597569324932892,1.558343732721089,0.11394075831937608,0.0,0.24237357133158488,37,1.2097674626518773,False,41
11,4,"22 Jul 2010, 10:51:48.20",2.1952581561866973,-1.0065591326414067,13.065399804685724,0.9988,1.745,5499.046,1.4694562316392716,5,B0046,G7,4,1,0.8502620494460146,1.5405662325047256,0.10638171776442544,0.0,0.25878300072055316,36,1.2097674626518773,False,41
13,4,"22 Jul 2010, 15:26:29.36",2.1940346005371705,-1.0045498414023326,12.802479603911388,0.999,1.742,5461.219,1.458955459264481,6,B0046,G7,4,1,0.8441860547699462,1.4867094778856567,0.023477078405356986,-0.05385675461906878,0.2692837730953439,35,1.2097674626518773,False,41
17,4,"23 Jul 2010, 09:59:08.72",2.1978529182010296,-1.0032717610566586,12.731505877941103,0.9988,1.748,5451.281,1.4556853555098297,7,B0046,G7,4,1,0.8422938955749567,1.4746167796291598,0.019807484783281645,-0.012092698256496925,0.2725538768499951,34,1.2097674626518773,False,41
21,4,"23 Jul 2010, 15:44:51.67",2.190965071547283,-1.006167165180914,13.94301293338268,0.999,1.737,5468.062,1.456232262380321,8,B0046,G7,4,1,0.8426103487952349,1.4652389939644288,0.012797661091409061,-0.009377785664731197,0.2720069699795038,33,1.2097674626518773,False,41
23,4,"23 Jul 2010, 20:19:02.36",2.1866396618663058,-1.005321170910742,13.134169173843691,0.9986,1.736,5411.297,1.4440592236675138,9,B0046,G7,4,1,0.8355667413565903,1.4568777064922833,0.009064879375256022,-0.008361287472145217,0.28418000869231097,32,1.2097674626518773,False,41
25,4,"24 Jul 2010, 00:52:14.62",2.183328288428697,-1.0036840907305562,14.086951683642924,0.9988,1.734,5369.703,1.428294264765868,10,B0046,G7,4,1,0.8264447641404387,1.4486453131176025,0.012734014439958797,-0.008232393374680713,0.2999449675939567,31,1.2097674626518773,False,41
27,4,"24 Jul 2010, 05:24:46.45",2.169516718963703,-1.005970242953432,13.314723048488911,0.9986,1.72,5327.406,1.4199848948034668,11,B0046,G7,4,1,0.821636766609301,1.4408512002254,0.016278820446500353,-0.00779411289220282,0.308254337556358,30,1.2097674626518773,False,41
29,4,"24 Jul 2010, 09:56:39.00",2.1506636217123933,-1.0068956627303465,14.173291675329546,0.9986,1.703,5299.266,1.4043226018516568,12,B0046,G7,4,1,0.812574194334267,1.4305786494937653,0.020289528234998706,-0.010272550731634578,0.323916630508168,29,1.2097674626518773,False,41
33,4,"27 Jul 2010, 16:12:05.72",2.1813781395662764,-1.00510025432413,13.959348125513564,0.999,1.724,5367.172,1.4234351301615986,13,B0046,G7,4,1,0.8236331542005146,1.424019223050021,0.01435663141162094,-0.006559426443744476,0.3048041021982262,28,1.2097674626518773,False,41
37,4,"27 Jul 2010, 21:56:24.31",2.197114951660172,-1.0047979320204343,13.523198161538613,0.9986,1.742,5406.812,1.4339948857967295,14,B0046,G7,4,1,0.8297432779828061,1.422006355475864,0.011203855419988917,-0.0020128675741568625,0.2942443465630953,27,1.2097674626518773,False,41
39,4,"28 Jul 2010, 02:29:37.34",2.157995006136477,-1.0051275896892384,13.750234723504356,0.9986,1.708,5353.094,1.4185177047756572,15,B0046,G7,4,1,0.820787815838865,1.4200510434778217,0.010672653846494315,-0.0019553119980421753,0.3097215275841676,26,1.2097674626518773,False,41
41,4,"28 Jul 2010, 07:01:57.69",2.198419108542039,-1.0051233711425478,13.400973711086476,0.9986,1.746,5280.031,1.4056313337829422,16,B0046,G7,4,1,0.8133314575110198,1.4171803312737168,0.012473380353295002,-0.0028707122041049084,0.32260789857688255,25,1.2097674626518773,False,41
43,4,"28 Jul 2010, 11:33:01.83",2.151164339585934,-1.0045624095733197,13.648707282364962,0.9988,1.7,5248.593,1.3890214025155618,17,B0046,G7,4,1,0.8037205593457811,1.4141200914064977,0.017343007181881868,-0.0030602398672189947,0.33921782984426296,24,1.2097674626518773,False,41
45,4,"28 Jul 2010, 16:03:39.02",2.152208745567858,-1.0056767024042526,13.959820884900516,0.9988,1.7,5203.375,1.3723339082737365,18,B0046,G7,4,1,0.7940647814133248,1.4038998470289255,0.024187640286685585,-0.01022024437757243,0.3559053240860883,23,1.2097674626518773,False,41
49,4,"28 Jul 2010, 21:45:15.50",2.165968185309718,-1.002705445131752,14.349640095291218,0.9986,1.714,5166.812,1.3615778905990563,19,B0046,G7,4,1,0.7878410957838802,1.3894164479893907,0.023327881223315968,-0.014483399039534639,0.3666613417607685,22,1.2097674626518773,False,41
53,4,"29 Jul 2010, 05:57:18.52",2.199378116446157,-1.006401210794014,13.720010432160604,0.9986,1.745,5340.281,1.4100282016237429,20,B0046,G7,4,1,0.8158755889937873,1.387718547359008,0.02085849394171528,-0.0016979006303828648,0.3182110307360819,21,1.2097674626518773,False,41
55,4,"29 Jul 2010, 10:29:29.77",2.1709534591124666,-1.005201467358599,14.214578668306734,0.9988,1.717,5103.0,1.3395671374926488,21,B0046,G7,4,1,0.7751051546628394,1.374505708100949,0.026763322973887307,-0.013212839258058695,0.388672094867176,20,1.2097674626518773,False,41
57,4,"29 Jul 2010, 14:57:39.92",2.1705625280743464,-1.0074800970999962,13.7206185074268,0.999,1.715,5051.172,1.3291515487117478,22,B0046,G7,4,1,0.7690784492242184,1.3625317373401864,0.031601093086644445,-0.011973970760762809,0.399087683648077,19,1.2097674626518773,False,41
61,4,"29 Jul 2010, 20:36:49.09",2.1762627754763426,-1.0025205089784035,14.307049577086085,0.9988,1.721,5027.563,1.3181687033905718,23,B0046,G7,4,1,0.7627235157662043,1.3516986963635536,0.03633090516103384,-0.010833040976632935,0.410070528969253,18,1.2097674626518773,False,41
63,4,"30 Jul 2010, 01:03:48.20",2.16031962283908,-1.0029602536929156,13.73206507015365,0.9986,1.707,4993.765,1.312423708466101,24,B0046,G7,4,1,0.7593993261419322,1.3418678599369624,0.03950138652835626,-0.00983083642659106,0.4158155238937238,17,1.2097674626518773,False,41
65,4,"30 Jul 2010, 05:30:13.45",2.144904732455604,-1.0048468902402308,14.550153842364988,0.9986,1.692,4962.469,1.2993237532162487,25,B0046,G7,4,1,0.751819382923096,1.3197269702554635,0.015447588881551058,-0.022140889681498833,0.4289154791435761,16,1.2097674626518773,False,41
67,4,"30 Jul 2010, 09:56:07.80",2.196218583907234,-1.0048650277772089,14.437029519118854,0.9988,1.738,4907.859,1.2877483042174591,26,B0046,G7,4,1,0.7451215549939245,1.3093632036004255,0.01617464495888561,-0.010363766655037932,0.4404909281423657,15,1.2097674626518773,False,41
69,4,"30 Jul 2010, 14:21:03.88",2.1691838412748474,-1.0034320218832362,13.429042601914052,0.9988,1.712,4888.656,1.2865282739749122,27,B0046,G7,4,1,0.744415616707313,1.3008385486530585,0.014256430628693641,-0.008524654947367117,0.4417109583849126,14,1.2097674626518773,False,41
73,4,"30 Jul 2010, 19:57:28.86",2.1947559967284405,-1.0050011447994347,14.693349843683665,0.9986,1.737,4866.25,1.2719636386987183,28,B0046,G7,4,1,0.7359881750641172,1.2915975357146878,0.015161034084887092,-0.009241012938370697,0.4562755936611065,13,1.2097674626518773,False,41
75,4,"31 Jul 2010, 00:21:41.81",2.1877179876194037,-1.0046274069151198,13.07041456647732,0.9986,1.732,4836.125,1.2714495345417192,29,B0046,G7,4,1,0.7356907022678904,1.2834027009298115,0.011788381060705027,-0.00819483478487637,0.45678969781810563,12,1.2097674626518773,False,41
77,4,"31 Jul 2010, 04:45:24.17",2.1508230766314127,-1.0056397108059143,13.779152574880364,0.9986,1.694,4801.485,1.2615423884659074,30,B0046,G7,4,1,0.7299581937758316,1.2758464279797432,0.01112172157044411,-0.0075562729500682655,0.4666968438939174,11,1.2097674626518773,False,41
79,4,"31 Jul 2010, 09:08:38.41",2.190167787518222,-1.0054353025122686,14.383739114376208,0.9986,1.73,4760.938,1.2421201619204132,31,B0046,G7,4,1,0.7187200352027421,1.2667207995203342,0.016387431565019754,-0.009125628459409185,0.4861190704394116,10,1.2097674626518773,False,41
81,4,"31 Jul 2010, 13:31:07.30",2.18851427579806,-1.0040967522864113,14.121932981601754,0.9986,1.732,4740.907,1.2402537441669796,32,B0046,G7,4,1,0.7176400818499385,1.2574658935587475,0.01544420770234351,-0.009254905961586513,0.48798548819284515,9,1.2097674626518773,False,41
85,4,"03 Aug 2010, 15:52:53.05",2.163748582486284,-1.0040180764763749,13.83901332800595,0.9988,1.702,4914.532,1.2851130012242886,33,B0046,G7,4,1,0.7435967064985156,1.2600957660638616,0.01919434166214889,0.0026298725051140614,0.4431262311355362,8,1.2097674626518773,False,41
89,4,"03 Aug 2010, 21:29:43.95",2.153820870810703,-1.0044704467369818,13.977090834776185,0.9988,1.696,4998.656,1.3043327841699193,34,B0046,G7,4,1,0.7547177264277919,1.2666724159895018,0.0277733464783145,0.006576649925640022,0.4239064481899055,7,1.2097674626518773,False,41
91,4,"04 Aug 2010, 01:56:12.73",2.1856873619664867,-1.005095538617231,13.896967367053858,0.9986,1.727,4890.015,1.2778639041619957,35,B0046,G7,4,1,0.7394022078859627,1.2699367191287192,0.027978067073230497,0.0032643031392176614,0.4503753281978291,6,1.2097674626518773,False,41
93,4,"04 Aug 2010, 06:20:57.08",2.1586585951828057,-1.003567605870321,13.64090032414402,0.9986,1.702,4842.11,1.272346459165154,36,B0046,G7,4,1,0.7362096840191669,1.2759819785776674,0.023347425616711482,0.0060452594489481815,0.4558927731946707,5,1.2097674626518773,False,41
95,4,"04 Aug 2010, 10:44:49.39",2.149734467121552,-1.0047238317969576,14.617560660341365,0.9988,1.691,4798.281,1.2477883952768762,37,B0046,G7,4,1,0.7219998087724714,1.2774889087996466,0.020539147642219282,0.0015069302219793191,0.48045083708294856,4,1.2097674626518773,False,41
97,4,"04 Aug 2010, 15:07:58.83",2.180494984747436,-1.0032678700088744,14.288124170416689,0.9988,1.72,4739.188,1.2352499196655526,38,B0046,G7,4,1,0.7147447509213642,1.2675162924878995,0.02700077027021408,-0.009972616311747196,0.49298931269427215,3,1.2097674626518773,False,41
101,4,"04 Aug 2010, 20:41:59.50",2.1583931144361963,-1.0041260917655874,14.875868929885128,0.9988,1.7,4733.156,1.229251291851949,39,B0046,G7,4,1,0.7112738033226265,1.2524999940243056,0.02178001662589969,-0.015016298463594068,0.49898794050787587,2,1.2097674626518773,False,41
103,4,"05 Aug 2010, 01:04:03.31",2.1973084174346607,-1.0037276158496782,13.30736730325027,0.9986,1.739,4670.61,1.223890910501634,40,B0046,G7,4,1,0.7081721601878415,1.241705395292233,0.019300332966686963,-0.010794598732072336,0.5043483218581908,1,1.2097674626518773,False,41
105,4,"05 Aug 2010, 05:25:07.91",2.194834923129504,-1.005065517951202,14.631961684725407,0.9986,1.736,4635.0,1.205423323571373,41,B0046,G7,4,1,0.6974863786221467,1.228320768173477,0.015586726148011395,-0.013384627118756232,0.5228159087884519,0,1.2097674626518773,False,41
107,4,"05 Aug 2010, 09:45:36.39",2.153169565361056,-1.0052193186246845,14.768164211079869,0.9986,1.694,4615.86,1.1957824090008151,42,B0046,G7,4,1,0.6919079179611226,1.2179195709182649,0.016662952311605403,-0.010401197255212224,0.5324568233590097,0,1.2097674626518773,False,41
109,4,"05 Aug 2010, 14:05:44.83",2.1789077465484965,-1.003899001060307,15.037938036453404,0.9988,1.72,4580.75,1.190072949669846,43,B0046,G7,4,1,0.688604290069761,1.2088841769191234,0.017157487597307067,-0.00903539399914135,0.5381662826899789,0,1.2097674626518773,False,41
113,4,"05 Aug 2010, 19:37:08.12",2.16713614374112,-1.0039762341766305,14.290141125898849,0.9988,1.708,4557.406,1.179201763233652,44,B0046,G7,4,1,0.682313965077341,1.198874271195464,0.016902313237636517,-0.010009905723659385,0.5490374691261728,0,1.2097674626518773,False,41
115,4,"05 Aug 2010, 23:56:22.44",2.175632256591337,-1.0059197101056183,13.996450231420782,0.9986,1.716,4524.032000000007,1.169504032514554,45,B0046,G7,4,1,0.6767026292521171,1.1879968955980478,0.014035178567576112,-0.010877375597415995,0.5587351998452708,0,1.2097674626518773,False,41
117,4,"06 Aug 2010, 04:15:03.23",2.199283556452788,-1.003705370819299,14.56807575000286,0.9986,1.74,4502.938,1.16772376849918,46,B0046,G7,4,1,0.6756725264850695,1.1804569845836093,0.012359338065042849,-0.007539911014438605,0.5605154638606449,0,1.2097674626518773,False,41
119,4,"06 Aug 2010, 08:33:24.75",2.176786994904175,-1.0036514366688172,14.99164974108056,0.9986,1.718,4483.094,1.1579256145829042,47,B0046,G7,4,1,0.6700030834283367,1.1728856257000273,0.0122186289476891,-0.00757135888358218,0.5703136177769206,0,1.2097674626518773,False,41
121,4,"06 Aug 2010, 12:51:21.00",2.19883821425474,-1.007003244746666,14.811846373564524,0.9988,1.738,4448.36,1.1499812813376982,48,B0046,G7,4,1,0.6654063047553063,1.1648672920335976,0.011235168945534888,-0.008018333666429544,0.5782579510221266,0,1.2097674626518773,False,41
125,4,"06 Aug 2010, 18:20:37.38",2.165246924019346,-1.0034732012177716,13.294005964773271,0.9988,1.706,4440.531,1.150285902223034,49,B0046,G7,4,1,0.665582565587506,1.159084119831474,0.00928480675033364,-0.0057831722021235875,0.5779533301367907,0,1.2097674626518773,False,41
127,4,"06 Aug 2010, 22:37:51.97",2.159522238937832,-1.004891075282788,14.332240013732582,0.9988,1.7,4416.547,1.1349452274085248,50,B0046,G7,4,1,0.6567060891557319,1.1521723588102684,0.012042423869144305,-0.006911761021205854,0.5932940049513,0,1.2097674626518773,False,41
129,4,"07 Aug 2010, 02:54:46.30",2.1831972567411246,-1.0036504556057162,13.431280785656808,0.9986,1.725,4382.937,1.1380960963513609,51,B0046,G7,4,1,0.6585292562750975,1.1462468243807042,0.009497564433796455,-0.005925534429563806,0.5901431360084639,0,1.2097674626518773,False,41
131,4,"07 Aug 2010, 07:11:08.67",2.191895759269081,-1.005236546282892,13.777310967702926,0.9988,1.73,4347.453,1.123711172150547,52,B0046,G7,4,1,0.6502057997006441,1.139403935894233,0.011159645910115307,-0.006842888486471433,0.6045280602092777,0,1.2097674626518773,False,41
137,4,"10 Aug 2010, 15:39:28.92",2.198908641131297,-1.0056334380669072,14.96165525093106,0.9988,1.734,4746.5,1.214119211354098,53,B0046,G7,4,1,0.7025180244845376,1.1522315218975128,0.03586749267934703,0.012827586003279956,0.5141200210057268,0,1.2097674626518773,False,41
141,4,"10 Aug 2010, 21:13:49.64",2.1759612427269523,-1.0038403947613592,13.842244872819585,0.9988,1.715,4679.156,1.211944797522819,54,B0046,G7,4,1,0.7012598573335063,1.16456330095747,0.0445741912447107,0.012331779059956994,0.5162944348370058,0,1.2097674626518773,False,41
143,4,"11 Aug 2010, 01:35:02.78",2.1740843812957524,-1.0053241180642365,13.152204252689176,0.9988,1.714,4596.578,1.1971248679331925,55,B0046,G7,4,1,0.6926846963765415,1.1769992290624036,0.04288705493645074,0.012435928104933547,0.5311143644266323,0,1.2097674626518773,False,41
145,4,"11 Aug 2010, 05:54:59.28",2.1699286892596934,-1.0062854193450097,13.989284902759552,0.9988,1.71,4544.641,1.1822892151870987,56,B0046,G7,4,1,0.6841004376302356,1.185837852829551,0.037017299308800024,0.008838623767147568,0.5459500171727261,0,1.2097674626518773,False,41
147,4,"11 Aug 2010, 10:14:04.42",2.15658205310809,-1.0037453591750125,15.042601535042603,0.9988,1.696,4526.938,1.1645336676778395,57,B0046,G7,4,1,0.6738266588750718,1.1940023519350096,0.020868459556478324,0.00816449910545849,0.5637055646819853,0,1.2097674626518773,False,41
149,4,"11 Aug 2010, 14:32:46.66",2.159229413482601,-1.0040180034588273,15.027421071078606,0.999,1.7,4487.438,1.1535559567518647,58,B0046,G7,4,1,0.6674746962992741,1.181889701014563,0.02366226799073916,-0.012112650920446643,0.5746832756079601,0,1.2097674626518773,False,41
153,4,"12 Aug 2010, 12:34:22.11",2.1981836512731,-1.0050288478612002,14.3196550063936,0.999,1.734,4513.312,1.1601987101282063,59,B0046,G7,4,1,0.6713183501476312,1.1715404835356402,0.01782743989783348,-0.010349217478922545,0.5680405222316185,0,1.2097674626518773,False,41
157,4,"12 Aug 2010, 18:04:47.22",2.172247401410494,-1.00378786566805,15.113043487877276,0.999,1.709,4568.438,1.1711716308206082,60,B0046,G7,4,1,0.6776675409812515,1.1663498361131235,0.010978748531170632,-0.00519064742251687,0.5570676015392166,0,1.2097674626518773,False,41
159,4,"12 Aug 2010, 22:24:12.48",2.167855497701561,-1.0029555471825669,15.24793876319272,0.9988,1.708,4499.656,1.1563410270783216,61,B0046,G7,4,1,0.6690862037076866,1.1611601984913682,0.006956695283111631,-0.005189637621755417,0.5718982052815031,0,1.2097674626518773,False,41
161,4,"13 Aug 2010, 02:42:32.03",2.197413864039741,-1.0038950314616115,14.698902260428524,0.9988,1.738,4430.984,1.141082456193516,62,B0046,G7,4,1,0.660257234546993,1.1564699561945033,0.010900986359713722,-0.004690242296864699,0.5871567761663088,0,1.2097674626518773,False,41
163,4,"13 Aug 2010, 06:59:39.34",2.1808859045895868,-1.0075830501156724,15.066788669768552,0.9986,1.722,4411.141,1.1352383596118123,63,B0046,G7,4,1,0.6568757023654074,1.152806436766493,0.01458173894088119,-0.0036635194280104865,0.5930008727480125,0,1.2097674626518773,False,41
169,4,"16 Aug 2010, 10:57:07.94",2.1634350552847827,-1.003929940191283,14.359372503117893,0.999,1.702,4883.312,1.2530847858282803,64,B0046,G7,4,1,0.7250644253210565,1.1713836519065075,0.047765168835332966,0.018577215140014803,0.4751544465315445,0,1.2097674626518773,False,41
173,4,"16 Aug 2010, 16:33:48.97",2.1839323108066178,-1.004951264936322,13.853422126038096,0.9988,1.721,4663.907,1.2050453590356518,65,B0046,G7,4,1,0.6972676794231909,1.1781583975495165,0.0500740079700575,0.006774745643008728,0.523193873324173,0,1.2097674626518773,False,41
175,4,"16 Aug 2010, 20:54:56.61",2.196284886273677,-1.004887915824312,14.172939173239188,0.9988,1.736,4581.328,1.19119860196273,66,B0046,G7,4,1,0.6892556190477215,1.185129912526398,0.048684351357079145,0.006971514976881687,0.5370406303970947,0,1.2097674626518773,False,41
177,4,"17 Aug 2010, 01:14:42.11",2.1526544597098902,-1.0043076289606288,14.314750757374377,0.9988,1.694,4553.031,1.17463817374538,67,B0046,G7,4,1,0.6796733645153222,1.191841056036771,0.043085279404356906,0.006711143510372786,0.5536010586144449,0,1.2097674626518773,False,41
179,4,"17 Aug 2010, 05:33:53.72",2.1963314779954723,-1.0059971621639234,14.86814851282613,0.9988,1.737,4486.5,1.1555432048235512,68,B0046,G7,4,1,0.6686245649253746,1.1959020250791186,0.0369343221736655,0.004060969042347784,0.5726960275362736,0,1.2097674626518773,False,41
181,4,"17 Aug 2010, 09:52:05.38",2.189500804437932,-1.004693276447758,14.051631055988958,0.9988,1.731,4450.625,1.1538041170229467,69,B0046,G7,4,1,0.6676182876878015,1.176045891318052,0.022291321819463958,-0.019856133761066718,0.5744351153368781,0,1.2097674626518773,False,41
1,4,"21 Jul 2010, 15:00:35.09",3.329356483961897,-0.0013259841653896,8.756380752509184,0.0002,0.0,6436.141,1.6743047446975208,1,B0047,G7,4,1,1.0,1.6743047446975208,0.0,0.0,0.0,40,1.1720133212882644,False,41
5,4,"21 Jul 2010, 21:02:56.98",3.128156625411552,-0.0015358996096327,10.804767936369926,0.0002,0.0,5650.265,1.5243662105099025,2,B0047,G7,4,1,0.9104472858585215,1.5993354776037116,0.10602255428523587,0.0,0.14993853418761827,39,1.1720133212882644,False,41
7,4,"22 Jul 2010, 01:40:06.22",3.1273793356505872,-0.000745698662656,10.109821688197014,0.0002,0.0,5590.907,1.5080762969973425,3,B0047,G7,4,1,0.9007179259172385,1.5689157507349218,0.0916322560941189,0.0,0.1662284477001783,38,1.1720133212882644,False,41
9,4,"22 Jul 2010, 06:16:21.78",3.208956838658454,-0.0056502744032876,10.213842699689234,0.0002,0.0,5543.61,1.4835577960067696,4,B0047,G7,4,1,0.8860739364832826,1.547576262052884,0.08613444150537061,0.0,0.19074694869075115,37,1.1720133212882644,False,41
11,4,"22 Jul 2010, 10:51:48.20",3.2396390680484703,-0.0044788557379305,10.559919216655254,0.0004,0.0,5499.046,1.4671391666146525,5,B0047,G7,4,1,0.8762676993307483,1.5314888429652376,0.08281534745800083,0.0,0.20716557808286828,36,1.1720133212882644,False,41
13,4,"22 Jul 2010, 15:26:29.36",3.2907200056866284,-0.0035051796386039,9.938092447082138,0.0004,0.0,5461.219,1.448858156982267,6,B0047,G7,4,1,0.8653491316743638,1.4863995254221867,0.03041275552411494,-0.04508931754305077,0.22544658771525383,35,1.1720133212882644,False,41
17,4,"23 Jul 2010, 09:59:08.72",3.278962744366024,-0.0022817769458353,9.6356263099008,0.0004,0.0,5451.281,1.4458534180949325,7,B0047,G7,4,1,0.8635545128053375,1.4706969669391927,0.025833160484939405,-0.015702558482994,0.22845132660258827,34,1.1720133212882644,False,41
21,4,"23 Jul 2010, 15:44:51.67",3.351492500968237,-0.0013835226384423,10.462157654824694,0.0004,0.0,5468.062,1.431118266178283,8,B0047,G7,4,1,0.8547537541839961,1.455305360775381,0.020335684518713662,-0.015391606163811878,0.2431864785192377,33,1.1720133212882644,False,41
23,4,"23 Jul 2010, 20:19:02.36",3.377792692577216,-0.0028765183429702,9.407025248231356,0.0004,0.0,5411.297,1.419274551657853,9,B0047,G7,4,1,0.8476799436617847,1.4424487119055975,0.01821889313140341,-0.012856648869783304,0.2550301930396677,32,1.1720133212882644,False,41
25,4,"24 Jul 2010, 00:52:14.62",3.391624187990136,-0.0024667851523806,10.35299331110495,0.0004,0.0,5369.703,1.3999974221808271,10,B0047,G7,4,1,0.8361664306420813,1.4290203630188327,0.02011593239305026,-0.013428348886765074,0.27430732251669365,31,1.1720133212882644,False,41
27,4,"24 Jul 2010, 05:24:46.45",3.4070997498945625,-0.0025030634454559,9.306606867449917,0.0004,0.0,5327.406,1.3885156686114437,11,B0047,G7,4,1,0.8293088059439815,1.416951865344668,0.023116292757007783,-0.012068497674164647,0.28578907608607707,30,1.1720133212882644,False,41
29,4,"24 Jul 2010, 09:56:39.00",3.418078036723362,-0.0016310845351474,10.104533148508237,0.0004,0.0,5299.266,1.3652234669528964,12,B0047,G7,4,1,0.8153972395267488,1.4008258751162608,0.025873449750075935,-0.016125990228407217,0.30908127774462435,29,1.1720133212882644,False,41
33,4,"27 Jul 2010, 16:12:05.72",3.331026808386518,0.0003881344284898,10.292339039494356,0.0006,0.0,5367.172,1.4060442272970963,13,B0047,G7,4,1,0.8397779626140351,1.3958110673400232,0.020381378547245622,-0.005014807776237351,0.26826051740042445,28,1.1720133212882644,False,41
37,4,"27 Jul 2010, 21:56:24.31",3.3967197943497776,-0.0029269380474792,9.512507249879343,0.0004,0.0,5406.812,1.405754161352578,14,B0047,G7,4,1,0.8396047170054104,1.3931069892789683,0.017127260415435296,-0.0027040780610550373,0.26855058334494286,27,1.1720133212882644,False,41
39,4,"28 Jul 2010, 02:29:37.34",3.4151250266420123,-0.0007789979562613,9.586576327072295,0.0004,0.0,5353.094,1.3867662881727878,15,B0047,G7,4,1,0.8282639660220997,1.3904607624773604,0.01681581131604793,-0.002646226801607865,0.287538456524733,26,1.1720133212882644,False,41
41,4,"28 Jul 2010, 07:01:57.69",3.403528520851616,0.0017552546473027,9.535088781159589,0.0004,0.0,5280.031,1.3705053061420225,16,B0047,G7,4,1,0.8185518857796807,1.3868586899834763,0.019109214119215203,-0.003602072493884245,0.3037994385554983,25,1.1720133212882644,False,41
43,4,"28 Jul 2010, 11:33:01.83",3.446009349775365,-0.001626529700149,9.219111477691742,0.0004,0.0,5248.593,1.34974311148236,17,B0047,G7,4,1,0.8061513985174807,1.3837626188893688,0.024094622158309556,-0.0030960710941073,0.32456163321516085,24,1.1720133212882644,False,41
45,4,"28 Jul 2010, 16:03:39.02",3.4617289705611416,-0.0023071545583852,9.490813612751536,0.0004,0.0,5203.375,1.3251533367939785,18,B0047,G7,4,1,0.7914648399526456,1.3675844407887454,0.031432920278869375,-0.016178178100623563,0.34915140790354227,23,1.1720133212882644,False,41
49,4,"28 Jul 2010, 21:45:15.50",3.4766213571171005,-0.0019719173903431,9.741985650684004,0.0004,0.0,5166.812,1.3111943869635805,19,B0047,G7,4,1,0.7831276779905801,1.348672485910946,0.031171759354483502,-0.018911954877799488,0.3631103577339403,22,1.1720133212882644,False,41
53,4,"29 Jul 2010, 05:57:18.52",3.5149099793182903,-0.0026765752370937,8.40131792254236,0.0004,0.0,5340.281,1.3394234405932892,20,B0047,G7,4,1,0.7999878426165894,1.339203916395046,0.022764294136607556,-0.009468569515899717,0.33488130410423156,21,1.1720133212882644,False,41
55,4,"29 Jul 2010, 10:29:29.77",3.5069160151578584,0.0002855601188947,9.235032176711416,0.0004,0.0,5103.0,1.2849157142560723,21,B0047,G7,4,1,0.7674324034052742,1.3220859980178559,0.025373059500685108,-0.017117918377190032,0.38938903044144846,20,1.1720133212882644,False,41
57,4,"29 Jul 2010, 14:57:39.92",3.501412257882601,-0.0009262114278232,8.916390959482161,0.0004,0.0,5051.172,1.281719159327807,22,B0047,G7,4,1,0.7655232199436679,1.3084812075869456,0.025071311897247678,-0.013604790430910585,0.3925855853697138,19,1.1720133212882644,False,41
61,4,"29 Jul 2010, 20:36:49.09",3.523123652499999,-0.0021111051872291,9.193484639596573,0.0004,0.0,5027.563,1.2600051642942829,23,B0047,G7,4,1,0.7525542576909527,1.2954515730870064,0.03056710947244777,-0.013029634499939125,0.4142995804032379,18,1.1720133212882644,False,41
63,4,"30 Jul 2010, 01:03:48.20",3.503450628794799,-0.000295339676479,8.876587164132717,0.0004,0.0,4993.765,1.266070385993126,24,B0047,G7,4,1,0.7561767892032425,1.2864267728929153,0.031406908474009766,-0.00902480019409091,0.40823435870439484,17,1.1720133212882644,False,41
65,4,"30 Jul 2010, 05:30:13.45",3.530046084468069,-0.0044704317538889,9.451301728374665,0.0004,0.0,4962.469,1.2413590294280803,25,B0047,G7,4,1,0.7414176143019554,1.2668138906598736,0.01764018541435944,-0.019612882233041785,0.4329457152694405,16,1.1720133212882644,False,41
67,4,"30 Jul 2010, 09:56:07.80",3.5295598976471045,-0.0014707685362,9.572430691220152,0.0004,0.0,4907.859,1.2298873703485311,26,B0047,G7,4,1,0.7345660186674811,1.2558082218783655,0.020463215314111438,-0.011005668781508238,0.44441737434898965,15,1.1720133212882644,False,41
69,4,"30 Jul 2010, 14:21:03.88",3.5280993862030905,-0.0018251177324632,8.296279804586948,0.0004,0.0,4888.656,1.228088614506696,27,B0047,G7,4,1,0.7334916886522722,1.2450821129141432,0.017296861057252446,-0.010726108964222191,0.44621613019082473,14,1.1720133212882644,False,41
73,4,"30 Jul 2010, 19:57:28.86",3.5386452327036166,-0.0022903682924732,9.605825641182625,0.0004,0.0,4866.25,1.2139857189070042,28,B0047,G7,4,1,0.7250685532318206,1.2358782238366874,0.019477268781441185,-0.00920388907745573,0.46031902579051653,13,1.1720133212882644,False,41
75,4,"31 Jul 2010, 00:21:41.81",3.524430984081883,-0.0033502368347818,8.130211140036074,0.0004,0.0,4836.125,1.2173435064564189,29,B0047,G7,4,1,0.7270740349459761,1.226132847929346,0.010892237276460446,-0.009745375907341414,0.4569612382411019,12,1.1720133212882644,False,41
77,4,"31 Jul 2010, 04:45:24.17",3.523581783313256,-0.0006862143749405,8.845513600807838,0.0004,0.0,4801.485,1.2073445944515917,30,B0047,G7,4,1,0.7211020564059323,1.2193299609340484,0.009543700014995354,-0.0068028869952977186,0.4669601502459291,11,1.1720133212882644,False,41
79,4,"31 Jul 2010, 09:08:38.41",3.5434895598001277,-0.0034829950613326,9.416388592413847,0.0004,0.0,4760.938,1.18804049227045,31,B0047,G7,4,1,0.7095724335924766,1.2109605853184322,0.014846452056247924,-0.008369375615616237,0.48626425242707083,10,1.1720133212882644,False,41
81,4,"31 Jul 2010, 13:31:07.30",3.53287751083392,-0.0013824615585526,9.216555398429826,0.0004,0.0,4740.907,1.186304749886542,32,B0047,G7,4,1,0.7085357391738499,1.2026038123944012,0.014551899558865811,-0.008356772924030809,0.4879999948109788,9,1.1720133212882644,False,41
85,4,"03 Aug 2010, 15:52:53.05",3.430256148149239,-0.0042204488067741,9.45523393750639,0.0004,0.0,4914.532,1.2613935471028506,33,B0047,G7,4,1,0.7533834871445302,1.2120853780335705,0.030513176659699208,0.009481565639169265,0.4129111975946702,8,1.1720133212882644,False,41
89,4,"03 Aug 2010, 21:29:43.95",3.4830191388435696,-0.0019506809372163,9.012188025465676,0.0004,0.0,4998.656,1.2648246158850651,34,B0047,G7,4,1,0.755432737015607,1.2215815999192998,0.03881721249521378,0.00949622188572925,0.40948012881245566,7,1.1720133212882644,False,41
91,4,"04 Aug 2010, 01:56:12.73",3.4807424394545063,-0.0008496737949429,9.40138957571094,0.0004,0.0,4890.015,1.24664945489822,35,B0047,G7,4,1,0.7445773888214354,1.2294425720086255,0.03919130822390698,0.00786097208932568,0.4276552897993007,6,1.1720133212882644,False,41
93,4,"04 Aug 2010, 06:20:57.08",3.4844739172428008,-0.0018183319735895,9.195642514108282,0.0004,0.0,4842.11,1.2333924152795082,36,B0047,G7,4,1,0.7366594517429575,1.2385129566104371,0.0317566695053946,0.009070384601811643,0.4409123294180126,5,1.1720133212882644,False,41
95,4,"04 Aug 2010, 10:44:49.39",3.500791519526392,-0.0019641606931563,10.126795452686626,0.0004,0.0,4798.281,1.2129250072037692,37,B0047,G7,4,1,0.7244350295518608,1.2438370080738825,0.02133812853723091,0.005324051463445434,0.4613797374937516,4,1.1720133212882644,False,41
97,4,"04 Aug 2010, 15:07:58.83",3.514478324614081,-0.0025474887006341,9.770503394766298,0.0004,0.0,4739.188,1.1999106597943647,38,B0047,G7,4,1,0.7166620435105678,1.2315404306121853,0.025915853458963398,-0.012296577461697166,0.47439408490315604,3,1.1720133212882644,False,41
101,4,"04 Aug 2010, 20:41:59.50",3.5192858427126774,-0.0006635010176392,10.154681100617296,0.0004,0.0,4733.156,1.1902559038393383,39,B0047,G7,4,1,0.7108956165888245,1.21662668820304,0.02329700860825696,-0.014913742409145359,0.48404884085818245,2,1.1720133212882644,False,41
103,4,"05 Aug 2010, 01:04:03.31",3.478044114225982,-0.0053327510976305,9.196686447803858,0.0004,0.0,4670.61,1.1892563795455853,40,B0047,G7,4,1,0.7102986378745739,1.2051480731325133,0.018438930938759507,-0.011478615070526966,0.4850483651519355,1,1.1720133212882644,False,41
105,4,"05 Aug 2010, 05:25:07.91",3.509459019198569,-0.0030004316231638,10.27356101119969,0.0004,0.0,4635.0,1.167069685125939,41,B0047,G7,4,1,0.6970473498459693,1.1918835271017991,0.016825995955035856,-0.013264546030713831,0.5072350595715818,0,1.1720133212882644,False,41
107,4,"05 Aug 2010, 09:45:36.39",3.523831972961057,-0.0022043441027852,10.1981258813772,0.0004,0.0,4615.86,1.1615348403090369,42,B0047,G7,4,1,0.69374159273429,1.1816054937228528,0.016451182434596572,-0.01027803337894646,0.5127699043884839,0,1.1720133212882644,False,41
109,4,"05 Aug 2010, 14:05:44.83",3.51635574108424,-0.0015264636152572,10.637428920819922,0.0006,0.0,4580.75,1.1555563844349988,43,B0047,G7,4,1,0.6901708832245835,1.1727346386509798,0.01606690896874395,-0.008870855071873195,0.518748360262522,0,1.1720133212882644,False,41
113,4,"05 Aug 2010, 19:37:08.12",3.5144464699056024,-0.0013623068462733,9.778240077004796,0.0004,0.0,4557.406,1.1488524666097713,44,B0047,G7,4,1,0.686166882252563,1.1644539512050662,0.015436132449226227,-0.008280687445913416,0.5254522780877495,0,1.1720133212882644,False,41
115,4,"05 Aug 2010, 23:56:22.44",3.5268870259917424,-0.0050250375979826,9.456722279843394,0.0004,0.0,4524.032000000007,1.143572986788779,45,B0047,G7,4,1,0.6830136451625336,1.1553172726537049,0.0094413517116648,-0.009136678551361266,0.5307317579087418,0,1.1720133212882644,False,41
117,4,"06 Aug 2010, 04:15:03.23",3.498931426932542,-0.0026303675425741,10.290883910441574,0.0004,0.0,4502.938,1.1418015379428537,46,B0047,G7,4,1,0.6819556246011421,1.1502636432170878,0.008267655683699396,-0.0050536294366170685,0.5325032067546671,0,1.1720133212882644,False,41
119,4,"06 Aug 2010, 08:33:24.75",3.4983119317914344,-0.0037413973115887,10.811465511554514,0.0004,0.0,4483.094,1.136058647502255,47,B0047,G7,4,1,0.6785256095702547,1.1451684046557316,0.0073883567422678795,-0.005095238561356385,0.5382460971952658,0,1.1720133212882644,False,41
121,4,"06 Aug 2010, 12:51:21.00",3.5110021651084087,-0.0020801436919077,10.579275742178352,0.0006,0.0,4448.36,1.1236364680969286,48,B0047,G7,4,1,0.6711063034704141,1.1387844213881175,0.009621450224317478,-0.006383983267614024,0.5506682766005921,0,1.1720133212882644,False,41
125,4,"06 Aug 2010, 18:20:37.38",3.467446039936088,-0.0036932199795364,9.202726607538969,0.0004,0.0,4440.531,1.1320498900328944,49,B0047,G7,4,1,0.6761313277156185,1.135423906072742,0.008028266932236263,-0.0033605153153753787,0.5422548546646264,0,1.1720133212882644,False,41
127,4,"06 Aug 2010, 22:37:51.97",3.509096311319358,-0.0025742029963695,10.0256493705982,0.0004,0.0,4416.547,1.117010176215815,50,B0047,G7,4,1,0.6671486655899155,1.1301113439581494,0.009866022873495637,-0.005312562114592767,0.5572945684817057,0,1.1720133212882644,False,41
129,4,"07 Aug 2010, 02:54:46.30",3.46467879035011,-0.0005004209998775,9.528405286058304,0.0004,0.0,4382.937,1.120043039721982,51,B0047,G7,4,1,0.6689600822485446,1.125759644313975,0.008052597332349662,-0.004351699644174323,0.5542617049755387,0,1.1720133212882644,False,41
131,4,"07 Aug 2010, 07:11:08.67",3.507483075438352,-0.0019457254940019,9.660787220203336,0.0004,0.0,4347.453,1.1059773445917065,52,B0047,G7,4,1,0.6605591652859539,1.1197433837318653,0.009535070186660055,-0.006016260582109689,0.5683274001058143,0,1.1720133212882644,False,41
137,4,"10 Aug 2010, 15:39:28.92",3.4982675194968915,-0.0032244761741647,10.116736565139687,0.0006,0.0,4746.5,1.1907902374762016,53,B0047,G7,4,1,0.7112147542121009,1.13317413760772,0.03351956080628417,0.013430753875854596,0.48351450722131917,0,1.1720133212882644,False,41
141,4,"10 Aug 2010, 21:13:49.64",3.4525558254032798,-0.0018480434287592,9.60934453101867,0.0006,0.0,4679.156,1.2012387088454022,54,B0047,G7,4,1,0.7174552378530215,1.1470119013702216,0.045189454582929625,0.013837763762501565,0.4730660358521186,0,1.1720133212882644,False,41
143,4,"11 Aug 2010, 01:35:02.78",3.40723398630424,-0.0037591600840686,9.57727667031481,0.0004,0.0,4596.578,1.1906909549024802,55,B0047,G7,4,1,0.7111554564205633,1.1617480571075545,0.0449731364196151,0.014736155737333024,0.48361378979504055,0,1.1720133212882644,False,41
145,4,"11 Aug 2010, 05:54:59.28",3.438465020597029,-0.0008513937124517,10.541083166728953,0.0004,0.0,4544.641,1.1764375730308343,56,B0047,G7,4,1,0.7026424411425586,1.173026963769325,0.03850563829874103,0.01127890666177045,0.4978671716666865,0,1.1720133212882644,False,41
147,4,"11 Aug 2010, 10:14:04.42",3.435754173705419,-0.0023256916194109,11.684582631245595,0.0004,0.0,4526.938,1.1628110372792353,57,B0047,G7,4,1,0.6945038177558939,1.1843937023068307,0.014945205924149652,0.01136673853750576,0.5114937074182855,0,1.1720133212882644,False,41
149,4,"11 Aug 2010, 14:32:46.66",3.444381555385128,-0.0015565933312762,11.486111239412288,0.0004,0.0,4487.438,1.1516152840582583,58,B0047,G7,4,1,0.6878170104369552,1.1765587116232419,0.020124676184393408,-0.007834990683588661,0.5226894606392625,0,1.1720133212882644,False,41
153,4,"12 Aug 2010, 12:34:22.11",3.42583240183234,-0.0014555299002316,10.781464539205585,0.0006,0.0,4513.312,1.1583673498348623,59,B0047,G7,4,1,0.6918497683909584,1.167984439821134,0.01560643346712036,-0.008574271802107968,0.5159373948626584,0,1.1720133212882644,False,41
157,4,"12 Aug 2010, 18:04:47.22",3.4661204268370387,-0.0023612937228574,11.203709529922357,0.0006,0.0,4568.438,1.1692285288386206,60,B0047,G7,4,1,0.6983367469640976,1.1636919546083622,0.009592677494961453,-0.004292485212771924,0.5050762158589002,0,1.1720133212882644,False,41
159,4,"12 Aug 2010, 22:24:12.48",3.4446132424186637,-0.0059678375217733,11.81052298116466,0.0004,0.0,4499.656,1.1588148476218465,61,B0047,G7,4,1,0.6921170421882771,1.1601674095265646,0.006467247086433555,-0.0035245450817975588,0.5154898970756743,0,1.1720133212882644,False,41
161,4,"13 Aug 2010, 02:42:32.03",3.4103729051603437,-0.0018829055471813,11.726942416415172,0.0004,0.0,4430.984,1.1439588147705455,62,B0047,G7,4,1,0.683244085877098,1.1563969650248267,0.009380160673926267,-0.003770444501737957,0.5303459299269753,0,1.1720133212882644,False,41
163,4,"13 Aug 2010, 06:59:39.34",3.435824777512172,-0.0027556898179522,11.962875741235669,0.0004,0.0,4411.141,1.1383941068159398,63,B0047,G7,4,1,0.6799204926231046,1.153752729576363,0.012432097393072829,-0.0026442354484637054,0.535910637881581,0,1.1720133212882644,False,41
169,4,"16 Aug 2010, 10:57:07.94",3.5106107478750306,-0.0023461097445229,9.365525480843004,0.0006,0.0,4883.312,1.2213102850395667,64,B0047,G7,4,1,0.7294432443719845,1.1663413166173038,0.03304767065906572,0.01258858704094088,0.45299445965795404,0,1.1720133212882644,False,41
173,4,"16 Aug 2010, 16:33:48.97",3.4214066417633813,-0.0003109031826925,10.456129578502305,0.0006,0.0,4663.907,1.2031062978889062,65,B0047,G7,4,1,0.718570679381464,1.1731168704273611,0.03702155233875839,0.006775553810057122,0.47119844680861456,0,1.1720133212882644,False,41
175,4,"16 Aug 2010, 20:54:56.61",3.3951588495296066,-0.0021869144912253,11.173180308183635,0.0004,0.0,4581.328,1.1897147112197684,66,B0047,G7,4,1,0.7105723823500851,1.1792968431469453,0.03661407345151685,0.00617997271958437,0.4845900334777524,0,1.1720133212882644,False,41
177,4,"17 Aug 2010, 01:14:42.11",3.417243809422241,-0.0007300449714938,11.104602858152752,0.0004,0.0,4553.031,1.177422568842014,67,B0047,G7,4,1,0.7032307425341058,1.185989593961239,0.03119749022830197,0.00669275081429368,0.49688217585550687,0,1.1720133212882644,False,41
179,4,"17 Aug 2010, 05:33:53.72",3.406567642998465,-0.0024660026831141,11.879442555467577,0.0004,0.001,4486.5,1.158443027293818,68,B0047,G7,4,1,0.6918949677247088,1.1899993780568148,0.02401158409121852,0.004009784095575642,0.5158617174037028,0,1.1720133212882644,False,41
181,4,"17 Aug 2010, 09:52:05.38",3.4146895251408456,-0.0010034078173326,11.180325596423785,0.0006,0.0,4450.625,1.1567087516841796,69,B0047,G7,4,1,0.6908591493558421,1.1770790713857373,0.019996537000847612,-0.012920306671077419,0.5175959930133411,0,1.1720133212882644,False,41
1,4,"21 Jul 2010, 15:00:35.09",3.472282086194371,-0.0009748173824587,6.250467415989434,0.0004,0.0,6436.141,1.6579955793677608,1,B0048,G7,4,1,1.0,1.6579955793677608,0.0,0.0,0.0,68,1.1605969055574326,True,69
5,4,"21 Jul 2010, 21:02:56.98",3.3843177878784885,0.0006510188295295,8.364811046396223,0.0004,0.0,5650.265,1.5076933476098775,2,B0048,G7,4,1,0.9093470250293444,1.582844463488819,0.10627972730347124,0.0,0.15030223175788326,67,1.1605969055574326,True,69
7,4,"22 Jul 2010, 01:40:06.22",3.3712998717915488,-0.0003746132086244,7.509950065210038,0.0004,0.0,5590.907,1.4989223343608031,3,B0048,G7,4,1,0.9040568943690329,1.5548704204461472,0.08941661741706568,0.0,0.15907324500695763,66,1.1605969055574326,True,69
9,4,"22 Jul 2010, 06:16:21.78",3.413454277686588,-0.0019610168267142,8.102157849579077,0.0004,0.0,5543.61,1.4782919502497789,4,B0048,G7,4,1,0.8916139274710806,1.535725802897055,0.08243959306431954,0.0,0.17970362911798188,65,1.1605969055574326,True,69
11,4,"22 Jul 2010, 10:51:48.20",3.4407406799760074,-0.0030767211745946,8.501766304763484,0.0004,0.0,5499.046,1.461856891390611,5,B0048,G7,4,1,0.8817013203063286,1.5209520205957663,0.07866726190663637,0.0,0.19613868797714984,64,1.1605969055574326,True,69
13,4,"22 Jul 2010, 15:26:29.36",3.444141576376391,-0.0006683916458766,8.117224055988217,0.0004,0.0,5461.219,1.4509592706473475,6,B0048,G7,4,1,0.8751285520318686,1.4795447588516837,0.023975997384275183,-0.041407261744082643,0.20703630872041323,63,1.1605969055574326,True,69
17,4,"23 Jul 2010, 09:59:08.72",3.416103079724194,0.0001674737373877,7.70537822021231,0.0004,0.0,5451.281,1.451746997147108,7,B0048,G7,4,1,0.8756036597520356,1.4683554887591297,0.020333270045475294,-0.011189270092553905,0.2062485822206528,62,1.1605969055574326,True,69
21,4,"23 Jul 2010, 15:44:51.67",3.4607544010115348,0.0020322605199551,9.01607092320189,0.0004,0.0,5468.062,1.444392866287476,8,B0048,G7,4,1,0.871168104584611,1.4574495951444644,0.013218832503093149,-0.010905893614665407,0.21360271308028467,61,1.1605969055574326,True,69
23,4,"23 Jul 2010, 20:19:02.36",3.456445474072732,0.0034991088461236,8.287945600378196,0.0004,0.0,5411.297,1.432738323965376,9,B0048,G7,4,1,0.8641388082058207,1.4483388698875836,0.010725748393444513,-0.009110725256880592,0.22525725540238484,60,1.1605969055574326,True,69
25,4,"24 Jul 2010, 00:52:14.62",3.473642295940188,-0.0030277498132814,9.151176553935798,0.0004,0.0,5369.703,1.417241201438662,10,B0048,G7,4,1,0.8547919060068272,1.4394157318971939,0.014546329726282817,-0.008923137990389796,0.24075437792909882,59,1.1605969055574326,True,69
27,4,"24 Jul 2010, 05:24:46.45",3.4739813813144704,-0.0004926764028135,8.266266616191576,0.0004,0.0,5327.406,1.4057559944573452,11,B0048,G7,4,1,0.8478647421927377,1.4303750766591934,0.01895679453391484,-0.009040655238000461,0.25223958491041554,58,1.1605969055574326,True,69
29,4,"24 Jul 2010, 09:56:39.00",3.50011120811147,0.0014299452808364,8.953357786817483,0.0004,0.0,5299.266,1.3902706269897065,12,B0048,G7,4,1,0.8385249299155881,1.418079802627713,0.021407821680456678,-0.012295274031480296,0.26772495237805427,57,1.1605969055574326,True,69
33,4,"27 Jul 2010, 16:12:05.72",3.442563792741048,0.0001269210912108,8.824706804794797,0.0004,0.0,5367.172,1.4196659307880326,13,B0048,G7,4,1,0.8562543522156978,1.4131344155278245,0.01597680765945124,-0.004945387099888699,0.23832964857972816,56,1.1605969055574326,True,69
37,4,"27 Jul 2010, 21:56:24.31",3.483978188041029,0.0018498995621243,8.272949721612314,0.0004,0.0,5406.812,1.4190563985232272,14,B0048,G7,4,1,0.8558867201952084,1.4103980304393946,0.012593164532370535,-0.0027363850884297492,0.23893918084453358,55,1.1605969055574326,True,69
39,4,"28 Jul 2010, 02:29:37.34",3.493619744758928,-0.0019965781699889,8.481098936633634,0.0004,0.0,5353.094,1.404272356704056,15,B0048,G7,4,1,0.8469699040087572,1.4078042614924735,0.012159439485374658,-0.0025937689469211823,0.25372322266370473,54,1.1605969055574326,True,69
41,4,"28 Jul 2010, 07:01:57.69",3.4801792910636653,-0.0014796407420754,8.270788000579657,0.0004,0.0,5280.031,1.3916140490958342,16,B0048,G7,4,1,0.8393351987262203,1.4049758724201713,0.014224420289360192,-0.0028283890723022065,0.26638153027192657,53,1.1605969055574326,True,69
43,4,"28 Jul 2010, 11:33:01.83",3.501249681415178,0.0016150756689189,8.207477722907546,0.0004,0.0,5248.593,1.3749618350294734,17,B0048,G7,4,1,0.829291617022154,1.4019141140281248,0.01902014001878734,-0.0030617583920466095,0.2830337443382873,52,1.1605969055574326,True,69
45,4,"28 Jul 2010, 16:03:39.02",3.5322167430398976,0.0023772239513937,8.451109299186601,0.0004,0.0,5203.375,1.3545155713071164,18,B0048,G7,4,1,0.8169597001118847,1.3888840421319415,0.025147782660885017,-0.013030071896183238,0.30348000806064435,51,1.1605969055574326,True,69
49,4,"28 Jul 2010, 21:45:15.50",3.5349685647409554,0.0017958433011977,8.758029964969912,0.0004,0.0,5166.812,1.3440223073315984,19,B0048,G7,4,1,0.8106308147360146,1.3738772238936157,0.025029108463642796,-0.015006818238325748,0.3139732720361623,50,1.1605969055574326,True,69
53,4,"29 Jul 2010, 05:57:18.52",3.5525521282978603,-0.0005586335367262,7.584672117689205,0.0004,0.0,5340.281,1.372384475860572,20,B0048,G7,4,1,0.827737113981872,1.367499647724919,0.018579705939057212,-0.006377576168696786,0.28561110350718866,49,1.1605969055574326,True,69
55,4,"29 Jul 2010, 10:29:29.77",3.5598794872131627,0.0004128461996407,8.325165152649095,0.0004,0.0,5103.0,1.318410575267441,21,B0048,G7,4,1,0.7951834080101633,1.3528589529592403,0.02311549727064251,-0.014640694765678619,0.33958500410031967,48,1.1605969055574326,True,69
57,4,"29 Jul 2010, 14:57:39.92",3.547612453624492,0.0030002151765806,8.102542229014787,0.0004,0.0,5051.172,1.3112727599578604,22,B0048,G7,4,1,0.7908783209529936,1.3401211379449176,0.025332386642981878,-0.012737815014322607,0.34672281940990035,47,1.1605969055574326,True,69
61,4,"29 Jul 2010, 20:36:49.09",3.5660999613662216,0.0005570089847586,8.398432587755705,0.0004,0.0,5027.563,1.2970172419001187,23,B0048,G7,4,1,0.7822802774870528,1.328621472063518,0.029818005540365015,-0.011499665881399546,0.3609783374676421,46,1.1605969055574326,True,69
63,4,"30 Jul 2010, 01:03:48.20",3.5380254986159865,0.0001873691643881,8.105886540161583,0.0004,0.0,4993.765,1.2995219526631718,24,B0048,G7,4,1,0.783790963519164,1.3197214011298328,0.030700137649831177,-0.008900070933685323,0.35847362670458893,45,1.1605969055574326,True,69
65,4,"30 Jul 2010, 05:30:13.45",3.5629135484227303,0.0031591188266176,8.7153330770748,0.0004,0.0,4962.469,1.2826154066729571,25,B0048,G7,4,1,0.7735939845883386,1.3017675872923098,0.01379992785171637,-0.01795381383752299,0.3753801726948036,44,1.1605969055574326,True,69
67,4,"30 Jul 2010, 09:56:07.80",3.5512780093003813,0.0001588855980242,8.914106734267758,0.0004,0.0,4907.859,1.2752890152407,26,B0048,G7,4,1,0.7691751601213573,1.2931432752869616,0.01426520220829531,-0.008624312005348234,0.38270656412706083,43,1.1605969055574326,True,69
69,4,"30 Jul 2010, 14:21:03.88",3.5396408376560102,0.000253707005343,7.248142773054904,0.0004,0.0,4888.656,1.2735572473264072,27,B0048,G7,4,1,0.7681306652289445,1.285600172760671,0.012087455009252046,-0.007543102526290646,0.3844383320413536,42,1.1605969055574326,True,69
73,4,"30 Jul 2010, 19:57:28.86",3.5615297314630223,-0.0011691957614243,8.935165550700793,0.0004,0.0,4866.25,1.2594114333938535,28,B0048,G7,4,1,0.759598788480547,1.2780790110594178,0.014638028467052014,-0.0075211617012530315,0.39858414597390723,41,1.1605969055574326,True,69
75,4,"31 Jul 2010, 00:21:41.81",3.53722237539844,0.0010305088979041,7.034881674320708,0.0004,0.0,4836.125,1.2631632585495876,29,B0048,G7,4,1,0.7618616564896189,1.270807272236701,0.009425716290981784,-0.007271738822716855,0.3948323208181732,40,1.1605969055574326,True,69
77,4,"31 Jul 2010, 04:45:24.17",3.549681176451032,0.0034355211514904,8.193146557456211,0.0004,0.0,4801.485,1.2491717310136363,30,B0048,G7,4,1,0.753422835717077,1.264118537104837,0.010727828615583523,-0.006688735131864165,0.40882384835412444,39,1.1605969055574326,True,69
79,4,"31 Jul 2010, 09:08:38.41",3.569510253850017,-1.7958141231341845e-07,8.780353693829309,0.0004,0.0,4760.938,1.233984347835307,31,B0048,G7,4,1,0.7442627490634559,1.2558576036237583,0.015020152283476425,-0.008260933481078592,0.4240112315324538,38,1.1605969055574326,True,69
81,4,"31 Jul 2010, 13:31:07.30",3.535990331050445,-0.0011100010968702,8.39713767068058,0.0004,0.0,4740.907,1.240031992028868,32,B0048,G7,4,1,0.7479103125846248,1.2491525525642504,0.012397620185682814,-0.0067050510595078276,0.4179635873388927,37,1.1605969055574326,True,69
85,4,"03 Aug 2010, 15:52:53.05",3.458324598835496,0.0002566168837456,8.528825101807463,0.0004,0.0,4914.532,1.30370857198071,33,B0048,G7,4,1,0.7863160723732748,1.2580119802816216,0.027809491483890746,0.008859427717371294,0.35428700738705077,36,1.1605969055574326,True,69
89,4,"03 Aug 2010, 21:29:43.95",3.5001428321460777,0.0029521447447247,7.939231451214306,0.0004,0.0,4998.656,1.315055963470538,34,B0048,G7,4,1,0.7931601144389089,1.2683905212658118,0.038020984508003126,0.01037854098419011,0.34293961589722266,35,1.1605969055574326,True,69
91,4,"04 Aug 2010, 01:56:12.73",3.513422953465616,0.001176221897688,8.729226725847932,0.0004,0.0,4890.015,1.2888738300982074,35,B0048,G7,4,1,0.7773686770562382,1.2763309410827262,0.03713937856054303,0.007940419816914224,0.3691217492695533,34,1.1605969055574326,True,69
93,4,"04 Aug 2010, 06:20:57.08",3.471075221902585,0.000630695671167,8.63732741818831,0.0004,0.0,4842.11,1.2877137595885193,36,B0048,G7,4,1,0.7766689945455463,1.2870768234333687,0.028619479465294348,0.010745882350642466,0.37028181977924146,33,1.1605969055574326,True,69
95,4,"04 Aug 2010, 10:44:49.39",3.5075032151188377,0.0018306959853921,9.603836170827275,0.0004,0.0,4798.281,1.2673379985315465,37,B0048,G7,4,1,0.764379600466014,1.2925380247339042,0.018052561230056267,0.00546120130053569,0.39065758083621427,32,1.1605969055574326,True,69
97,4,"04 Aug 2010, 15:07:58.83",3.5204478581250704,-0.0004136680102642,9.211459651928696,0.0004,0.0,4739.188,1.250594345697306,38,B0048,G7,4,1,0.7542808685739633,1.2819151794772234,0.024361069077807013,-0.01062284525668078,0.40740123367045467,31,1.1605969055574326,True,69
101,4,"04 Aug 2010, 20:41:59.50",3.5140131665479344,0.0003425228037881,9.811191217862966,0.0006,0.0,4733.156,1.2487131179395878,39,B0048,G7,4,1,0.7531462287829238,1.2686466103710334,0.01934966047817963,-0.013268569106190054,0.40928246142817293,30,1.1605969055574326,True,69
103,4,"05 Aug 2010, 01:04:03.31",3.459150098165392,-0.0008604150721112,8.499595559543582,0.0004,0.0,4670.61,1.248002326082933,40,B0048,G7,4,1,0.7527175232631383,1.2604723095679784,0.017179839422020424,-0.008174300803054901,0.40999325328482783,29,1.1605969055574326,True,69
105,4,"05 Aug 2010, 05:25:07.91",3.4987236862330846,-0.0011245971465535,9.865169496261844,0.0004,0.0,4635.0,1.2300895244599586,41,B0048,G7,4,1,0.7419136334060827,1.2489474625422663,0.013205056485430659,-0.011524847025712149,0.4279060549078022,28,1.1605969055574326,True,69
107,4,"05 Aug 2010, 09:45:36.39",3.497499833096553,0.0041882763157375,9.894774375645644,0.0006,0.0,4615.86,1.2244197121500937,42,B0048,G7,4,1,0.7384939546201917,1.2403638052659758,0.012170629926971674,-0.008583657276290558,0.43357586721766705,27,1.1605969055574326,True,69
109,4,"05 Aug 2010, 14:05:44.83",3.487319016046168,-0.001712892044436,10.292977764052544,0.0006,0.0,4580.75,1.2186682845116386,43,B0048,G7,4,1,0.7350250505350263,1.2339785930288423,0.01373566450882262,-0.0063852122371335085,0.4393272948561222,26,1.1605969055574326,True,69
113,4,"05 Aug 2010, 19:37:08.12",3.5199348591591537,0.002158855456881,9.258662639482052,0.0006,0.0,4557.406,1.2037865236033616,44,B0048,G7,4,1,0.7260492962607286,1.2249932741615972,0.016166701689838543,-0.00898531886724525,0.4542090557643992,25,1.1605969055574326,True,69
115,4,"05 Aug 2010, 23:56:22.44",3.5294379761355064,-0.002180640890141,8.94958171364558,0.0004,0.0,4524.032000000007,1.1947642300832226,45,B0048,G7,4,1,0.7206076089411644,1.2143456549616551,0.014688163913092422,-0.01064761919994206,0.46323134928453813,24,1.1605969055574326,True,69
117,4,"06 Aug 2010, 04:15:03.23",3.461041958212736,-0.0011311005793301,9.608529730069952,0.0004,0.0,4502.938,1.2052091893871495,46,B0048,G7,4,1,0.7269073599380337,1.2093695879470931,0.01198715977931055,-0.004976067014561813,0.45278638998061127,23,1.1605969055574326,True,69
119,4,"06 Aug 2010, 08:33:24.75",3.480442952102829,0.0012803139659803,10.3008619909435,0.0004,0.0,4483.094,1.1955746593628465,47,B0048,G7,4,1,0.7210964095686865,1.2036005773896439,0.009645651874779152,-0.00576901055744945,0.4624209200049143,22,1.1605969055574326,True,69
121,4,"06 Aug 2010, 12:51:21.00",3.46905153420119,0.0009833641133094,10.248720520252313,0.0004,0.0,4448.36,1.1888497102149884,48,B0048,G7,4,1,0.7170403377482644,1.1976368625303135,0.006798477958903662,-0.0059637148593300274,0.46914586915277234,21,1.1605969055574326,True,69
125,4,"06 Aug 2010, 18:20:37.38",3.438014252495993,0.0029238576437456,8.266618318817917,0.0006,0.0,4440.531,1.1915605250807406,49,B0048,G7,4,1,0.7186753329795459,1.1951916628257895,0.006206564020121486,-0.0024451997045241924,0.46643505428702015,20,1.1605969055574326,True,69
127,4,"06 Aug 2010, 22:37:51.97",3.5077982319522176,0.0024173954685969,9.423056518380887,0.0004,0.0,4416.547,1.1726587153109655,50,B0048,G7,4,1,0.7072749348090135,1.190770559871338,0.011873352686062526,-0.004421102954451417,0.4853368640567952,19,1.1605969055574326,True,69
129,4,"07 Aug 2010, 02:54:46.30",3.399511239083487,0.0016493762769248,8.566684692452908,0.0004,0.0,4382.937,1.1841133872494156,51,B0048,G7,4,1,0.7141836817809554,1.186551399443791,0.008813957219756589,-0.004219160427546775,0.47388219211834515,18,1.1605969055574326,True,69
131,4,"07 Aug 2010, 07:11:08.67",3.500460198210737,-0.0009693288467541,9.026640186182846,0.0006,0.0,4347.453,1.1576825122317769,52,B0048,G7,4,1,0.6982422188804828,1.1789729700175775,0.013924563134434194,-0.007578429426213918,0.5003130671359839,17,1.1605969055574326,True,69
137,4,"10 Aug 2010, 15:39:28.92",3.4768581146611237,-0.0005910692819961,9.77722213025145,0.0004,0.0,4746.5,1.259355851168598,53,B0048,G7,4,1,0.7595652647329886,1.1930741982082993,0.039195689293331136,0.014101228190721926,0.3986397281991627,16,1.1605969055574326,True,69
141,4,"10 Aug 2010, 21:13:49.64",3.374017323363964,0.0002317796421722,8.681161525964969,0.0006,0.0,4679.156,1.265883375278026,54,B0048,G7,4,1,0.7635022620269846,1.2079387682477565,0.05084121380253829,0.014864570039457093,0.3921122040897347,15,1.1605969055574326,True,69
143,4,"11 Aug 2010, 01:35:02.78",3.367229119214674,0.0002737309209622,8.320571665658077,0.0004,0.0,4596.578,1.247259867318412,55,B0048,G7,4,1,0.7522697182305073,1.222858998649246,0.0488050110244729,0.01492023040148931,0.41073571204934867,14,1.1605969055574326,True,69
145,4,"11 Aug 2010, 05:54:59.28",3.3721992572024773,0.0008231489195051,9.826521138193687,0.0006,0.0,4544.641,1.232808747256218,56,B0048,G7,4,1,0.7435536997790559,1.2325980706506061,0.0437356944661699,0.00973907200136046,0.42518683211154285,13,1.1605969055574326,True,69
147,4,"11 Aug 2010, 10:14:04.42",3.3331905350817066,-0.0005593457704351,11.020535748404448,0.0004,0.0,4526.938,1.2319592783041904,57,B0048,G7,4,1,0.7430413528448431,1.247453423865089,0.01529626954991315,0.014855353214482702,0.4260363010635704,12,1.1605969055574326,True,69
149,4,"11 Aug 2010, 14:32:46.66",3.338878087772158,-0.0006843843567453,10.899817617395389,0.0006,0.0,4487.438,1.220785786262778,58,B0048,G7,4,1,0.7363021961302799,1.2397394108839248,0.017377201923636575,-0.007714012981164009,0.43720979310498276,11,1.1605969055574326,True,69
153,4,"12 Aug 2010, 12:34:22.11",3.3222976568922302,-0.0005260672964904,9.873356161603429,0.0006,0.0,4513.312,1.2275441303266783,59,B0048,G7,4,1,0.7403784096907994,1.2320715618936553,0.009735335635217213,-0.007667848990269554,0.43045144904108246,10,1.1605969055574326,True,69
157,4,"12 Aug 2010, 18:04:47.22",3.362198958177995,-0.0004928109792321,10.51269263760933,0.0004,0.0,4568.438,1.2386788414290355,60,B0048,G7,4,1,0.7470941761505647,1.23035535671578,0.006658674039203174,-0.0017162051778753184,0.41931673793872526,9,1.1605969055574326,True,69
159,4,"12 Aug 2010, 22:24:12.48",3.29549118960426,0.0029197510088672,11.148377755011447,0.0006,0.0,4499.656,1.2283577755407058,61,B0048,G7,4,1,0.7408691499702987,1.2294651623726776,0.006545241313467113,-0.0008901943431024239,0.42963780382705496,8,1.1605969055574326,True,69
161,4,"13 Aug 2010, 02:42:32.03",3.3092881713990305,0.0007032833500389,10.783016647248118,0.0006,0.0,4430.984,1.2095481507570451,62,B0048,G7,4,1,0.7295243520602624,1.2249829368632486,0.010739829435756265,-0.0044822255094290496,0.4484474286107156,7,1.1605969055574326,True,69
163,4,"13 Aug 2010, 06:59:39.34",3.2466652213085228,-0.0007417710801952,11.295384640139496,0.0006,0.0,4411.141,1.2082142070681048,63,B0048,G7,4,1,0.7287198000424283,1.2224686210243139,0.013165685040346762,-0.0025143158389346444,0.449781372299656,6,1.1605969055574326,True,69
169,4,"16 Aug 2010, 10:57:07.94",3.460696060949822,-0.0010074985767807,8.494478385417088,0.0004,0.0,4883.312,1.2998734542832149,64,B0048,G7,4,1,0.7840029674740703,1.2369344858156213,0.03745925201697356,0.014465864791307315,0.3581221250845459,5,1.1605969055574326,True,69
173,4,"16 Aug 2010, 16:33:48.97",3.330409297613938,0.0021411055906852,9.158537137405464,0.0004,0.0,4663.907,1.2691220651743778,65,B0048,G7,4,1,0.7654556387046152,1.2430231305646895,0.040188374440729195,0.00608864474906845,0.388873514193383,4,1.1605969055574326,True,69
175,4,"16 Aug 2010, 20:54:56.61",3.2468563261867365,-0.0011104066811751,10.215726658344986,0.0006,0.0,4581.328,1.2555144634690785,66,B0048,G7,4,1,0.757248378157824,1.2484544681503642,0.03954075549560875,0.005431337585674534,0.4024811158986823,3,1.1605969055574326,True,69
177,4,"17 Aug 2010, 01:14:42.11",3.140921007856308,0.0002887625847544,10.05578462826463,0.0006,0.0,4553.031,1.2519876926897655,67,B0048,G7,4,1,0.75512124897654,1.2569423765369083,0.03313776010572558,0.008487908386544073,0.40600788667799526,2,1.1605969055574326,True,69
179,4,"17 Aug 2010, 05:33:53.72",2.687835669252526,-0.999050888080972,11.08616967823061,0.999,2.179,4486.5,1.2374982003019996,68,B0048,G7,4,1,0.7463820867205759,1.2627991751836873,0.023582703497625805,0.005856798646778971,0.4204973790657611,1,1.1605969055574326,True,69
181,4,"17 Aug 2010, 09:52:05.38",3.156989597876158,-0.0004370332094017,10.20835988707493,0.0006,0.0,4450.625,1.2231273969878986,69,B0048,G7,4,1,0.7377145103452633,1.247449963724624,0.017648880767760857,-0.01534921145906325,0.43486818237986213,0,1.1605969055574326,True,69
1,4,"17 Sep 2010, 15:17:48.77",1.9808329057464715,-2.0107359527985835,17.982798472408188,1.9976,1.03,2349.64,1.06914178861943,1,B0053,G9,4,2,0.9264075842474393,1.06914178861943,0.0,0.0,0.08493100482379279,54,0.807850955410256,True,55
5,4,"17 Sep 2010, 20:11:19.80",1.9735558560671436,-2.0113001198624945,18.304754041202315,1.9974,1.02,2560.688,1.1540727934432229,2,B0053,G9,4,2,1.0,1.1116072910313264,0.06005528944389134,0.0,0.0,53,0.807850955410256,True,55
7,4,"17 Sep 2010, 23:56:44.39",1.9558143264177168,-2.0122290089151345,19.33942752368694,1.9976,1.006,2522.375,1.1501525413826983,3,B0053,G9,4,2,0.9966031154336215,1.1244557078151172,0.047943345071498326,0.0,0.003920252060524598,52,0.807850955410256,True,55
9,4,"18 Sep 2010, 03:41:26.69",1.99748310559266,-2.01162560122203,18.729143210051177,1.9974,1.05,2488.719,1.1305863853936766,4,B0053,G9,4,2,0.9796491103654964,1.125988377209757,0.03926541132247192,0.0,0.02348640804954627,51,0.807850955410256,True,55
11,4,"18 Sep 2010, 07:25:38.64",1.974695202836088,-2.012841720058652,18.709411575172343,1.9976,1.027,2474.844,1.121790272357562,5,B0053,G9,4,2,0.9720273094824939,1.125148756239318,0.0340566324173748,0.0,0.03228252108566099,50,0.807850955410256,True,55
13,4,"18 Sep 2010, 11:09:35.66",1.9637397944562875,-2.01514791138818,18.06131269472723,1.9976,1.025,2473.875,1.1135982401443856,6,B0053,G9,4,2,0.9649289424993029,1.134040046544309,0.017612322604463083,0.008891290304991094,0.04047455329883731,49,0.807850955410256,True,55
17,4,"18 Sep 2010, 16:05:06.28",1.944364958852849,-2.013938987816444,21.292305794774187,1.9974,0.996,2495.5,1.0864654057095062,7,B0053,G9,4,2,0.9414184372789802,1.1205185689975656,0.02339155487084931,-0.013521477546743332,0.06760738773371666,48,0.807850955410256,True,55
19,4,"18 Sep 2010, 19:49:23.33",1.9470490842081751,-2.014375600626195,21.01159959420005,1.9974,1.006,2481.078,1.0647493568993147,8,B0053,G9,4,2,0.9226015576734912,1.103437932100889,0.027211905812806,-0.017080636896676715,0.08932343654390817,47,0.807850955410256,True,55
21,4,"18 Sep 2010, 23:33:26.12",1.9602813323957715,-2.010118373257157,20.939938897683515,1.9976,1.016,2460.125,1.0809288094959644,9,B0053,G9,4,2,0.9366209962120062,1.0935064169213464,0.023655857558464877,-0.009931515179542449,0.07314398394725852,46,0.807850955410256,True,55
23,4,"19 Sep 2010, 03:17:11.31",1.9605995541160255,-2.010099821271799,18.095464331094764,1.9974,1.025,2440.547,1.0852752041846463,10,B0053,G9,4,2,0.9403871318607935,1.0862034032867633,0.017603300339361437,-0.007303013634583122,0.0687975892585766,45,0.807850955410256,True,55
25,4,"19 Sep 2010, 07:00:37.45",1.9595048550370973,-2.013396073114269,21.101391697483887,1.9974,1.022,2449.922,1.0504799933740894,11,B0053,G9,4,2,0.9102372045700339,1.073579753932704,0.015559619577716356,-0.012623649354059241,0.10359280006913352,44,0.807850955410256,True,55
29,4,"19 Sep 2010, 11:55:48.48",1.984585820237712,-2.0103529254135224,18.64340722345076,1.9974,1.035,2408.781,1.0853550177054303,12,B0053,G9,4,2,0.9404562899946975,1.073357676331889,0.01533604633301368,-0.0002220776008151848,0.06871777573779259,43,0.807850955410256,True,55
31,4,"19 Sep 2010, 15:38:44.77",1.944670916271544,-2.0141687368718038,21.313677971413888,1.9974,1.006,2442.547,1.0508395690790722,13,B0053,G9,4,2,0.9105487756485878,1.0705757187678406,0.01826911888863732,-0.0027819575640485096,0.10323322436415072,42,0.807850955410256,True,55
33,4,"19 Sep 2010, 19:22:11.66",1.9692766515934297,-2.0131927066056488,20.92811979857166,1.9974,1.026,2420.671,1.060906788333118,14,B0053,G9,4,2,0.9192719855806146,1.0665713145352713,0.017615109151707664,-0.00400440423256927,0.09316600511010487,41,0.807850955410256,True,55
35,4,"19 Sep 2010, 23:05:17.44",1.991566826677512,-2.014414897429773,18.597921180318608,1.9974,1.055,2409.906,1.070582461063814,15,B0053,G9,4,2,0.9276559218328749,1.063632765911105,0.014699036958937007,-0.0029385486241664703,0.08349033237940895,40,0.807850955410256,True,55
37,4,"20 Sep 2010, 02:48:11.61",1.9588680902433293,-2.0136460412174886,21.0220574646762,1.9974,1.02,2416.672,1.024036665663697,16,B0053,G9,4,2,0.8873241544915397,1.0583441003690264,0.023017670187234614,-0.005288665542078475,0.1300361277795259,39,0.807850955410256,True,55
41,4,"20 Sep 2010, 07:42:50.20",1.9836880271317603,-2.015297860734077,17.977934068785622,1.9974,1.04,2395.75,1.0670957253433857,17,B0053,G9,4,2,0.9246346776442605,1.0546922418966174,0.018705437018541472,-0.0036518584724089197,0.08697706809983718,38,0.807850955410256,True,55
43,4,"20 Sep 2010, 11:25:31.16",1.968810244689163,-2.011987527369452,21.30570494347084,1.9974,1.021,2410.688,1.0279237850447498,18,B0053,G9,4,2,0.8906923297081613,1.0501090850897528,0.022339729513963374,-0.004583156806864474,0.1261490083984731,37,0.807850955410256,True,55
45,4,"20 Sep 2010, 15:08:29.70",1.940239319338743,-2.013925533958897,21.06885524244432,1.9976,0.995,2402.125,1.0325426399701008,19,B0053,G9,4,2,0.89469455118985,1.0444362554171494,0.02251298889178368,-0.005672829672603452,0.12153015347312213,36,0.807850955410256,True,55
47,4,"20 Sep 2010, 18:51:21.78",1.9763616179319543,-2.012853377274636,19.0403826843671,1.9974,1.025,2355.265,1.055948784653705,20,B0053,G9,4,2,0.9149758929012086,1.0415095201351277,0.018930293434175953,-0.0029267352820217863,0.09812400878951788,35,0.807850955410256,True,55
49,4,"20 Sep 2010, 22:33:25.11",1.958878972318411,-2.011721696792522,21.22988294194384,1.9976,1.018,2396.719,1.0445313831308718,21,B0053,G9,4,2,0.9050827548013416,1.0456084636285625,0.016226894048072017,0.0040989434934349585,0.1095414103123511,34,0.807850955410256,True,55
53,4,"21 Sep 2010, 16:21:05.19",1.9866817453254884,-2.010729383397519,20.949809700571592,1.9976,1.038,2442.344,1.035313906812183,22,B0053,G9,4,2,0.8970958441220004,1.039252099922322,0.011129993800578964,-0.006356363706240531,0.11875888663103984,33,0.807850955410256,True,55
57,4,"21 Sep 2010, 21:16:13.53",1.960538225019884,-2.014343155875172,19.14283360832148,1.9974,1.015,2444.703,1.076341053101982,23,B0053,G9,4,2,0.9326457214979263,1.0489355535337685,0.017846010820181474,0.009683453611446425,0.07773174034124097,32,0.807850955410256,True,55
59,4,"22 Sep 2010, 00:59:48.89",1.9904175883780109,-2.0136761426771006,20.906313087706064,1.9976,1.043,2412.25,1.0352223140423542,24,B0053,G9,4,2,0.8970164793103965,1.0494714883482192,0.017261297752431886,0.0005359348144506892,0.11885047940086868,31,0.807850955410256,True,55
61,4,"22 Sep 2010, 04:42:50.28",1.9817745728975944,-2.0109819281517662,21.163632602192628,1.9974,1.04,2403.234,1.0514287056908256,25,B0053,G9,4,2,0.9110592604421819,1.0485674725556433,0.016952866349997004,-0.0009040157925758851,0.1026440877523973,30,0.807850955410256,True,55
63,4,"22 Sep 2010, 08:25:42.58",1.9986378497920827,-2.011224624843509,20.01669492389786,1.9976,1.041,2361.047,1.060332934638968,26,B0053,G9,4,2,0.9187747433811535,1.0517277828572626,0.01747710634015436,0.0031603103016192512,0.09373985880425484,29,0.807850955410256,True,55
65,4,"22 Sep 2010, 12:07:52.00",1.9475532037509715,-2.0115515997502644,21.30088854975241,1.9976,1.004,2392.468,1.0236966462748538,27,B0053,G9,4,2,0.887029528891859,1.0494043307497969,0.02068292850940255,-0.002323452107465851,0.1303761471683691,28,0.807850955410256,True,55
69,4,"22 Sep 2010, 17:02:11.86",1.9971786671898824,-2.015032920360345,18.86260499094682,1.9976,1.047,2373.89,1.0465884668750889,28,B0053,G9,4,2,0.906865210601274,1.0434538135044182,0.01428664523028963,-0.005950517245378606,0.107484326568134,27,0.807850955410256,True,55
71,4,"22 Sep 2010, 20:44:38.69",1.954304860794578,-2.0116708358496376,21.371062787995548,1.9976,1.009,2383.234,1.0031121684812232,29,B0053,G9,4,2,0.8691931515761648,1.0370317843921921,0.023291153781729666,-0.0064220291122262015,0.1509606249619997,26,0.807850955410256,True,55
73,4,"23 Sep 2010, 00:27:12.94",1.972812167862101,-2.010271624702828,20.121473725568496,1.9974,1.016,2342.453,1.0461578935615607,30,B0053,G9,4,2,0.9064921203456381,1.0359776219663388,0.02258522532281062,-0.001054162425852967,0.10791489988166214,25,0.807850955410256,True,55
75,4,"23 Sep 2010, 04:09:08.97",1.9932654775438805,-2.0140493137801787,21.375504791399432,1.9974,1.052,2359.296,1.0156263513525603,31,B0053,G9,4,2,0.8800366468413123,1.0270363053090574,0.019115614389245295,-0.00894131665728155,0.1384464420906626,24,0.807850955410256,True,55
77,4,"23 Sep 2010, 07:51:17.22",1.9677305370734943,-2.012535411789735,20.75519907919811,1.9974,1.018,2345.453,1.0250054893129452,32,B0053,G9,4,2,0.8881636367622876,1.027298073916676,0.019067348603299197,0.0002617686076182846,0.12906730413027767,23,0.807850955410256,True,55
81,4,"23 Sep 2010, 12:44:52.05",1.9646771872417268,-2.0100079340260595,21.495108529574846,1.9976,1.011,2360.172,0.9801331625592912,33,B0053,G9,4,2,0.8492819240933878,1.0140070130535161,0.024614036846674434,-0.013291060863159542,0.17393963088393172,22,0.807850955410256,True,55
83,4,"23 Sep 2010, 16:27:06.73",1.9842967959422224,-2.012505471914601,19.650976156235696,1.9976,1.022,2315.407,1.036777776420363,34,B0053,G9,4,2,0.8983642819679463,1.020740134641344,0.025478121173027758,0.00673312158782795,0.11729501702285994,21,0.807850955410256,True,55
85,4,"23 Sep 2010, 20:08:35.11",1.9519786488395736,-2.013127341496085,18.85601423191303,1.9976,1.005,2322.156,1.026830062058722,35,B0053,G9,4,2,0.8897446226031661,1.0168745683407763,0.021868072430670387,-0.0038655663005677356,0.12724273138450082,20,0.807850955410256,True,55
87,4,"23 Sep 2010, 23:50:11.27",1.9991200294367053,-2.0134135103679864,18.430752493148763,1.9976,1.06,2327.1570000000065,1.0150379662805102,36,B0053,G9,4,2,0.8795268132542172,1.0167568913263665,0.02187804944123039,-0.00011767701441001144,0.13903482716271265,19,0.807850955410256,True,55
89,4,"24 Sep 2010, 03:31:49.97",1.9919158008530224,-2.0130543993024,21.138845685984403,1.9974,1.048,2335.0,0.9904614739486176,37,B0053,G9,4,2,0.8582313694386086,1.0098480882535008,0.023975758571103237,-0.006908803072865522,0.16361131949460528,18,0.807850955410256,True,55
93,4,"24 Sep 2010, 08:25:18.52",1.94559141180858,-2.011712289055201,18.084812173958998,1.9976,1.001,2329.375,1.0145765174582757,38,B0053,G9,4,2,0.8791269694793217,1.0167367592332976,0.01733104361133519,0.006888670979796907,0.13949627598494718,17,0.807850955410256,True,55
95,4,"24 Sep 2010, 12:07:03.17",1.974560984027517,-2.0144105520803675,21.3268013324968,1.9976,1.026,2333.875,0.9811308944080388,39,B0053,G9,4,2,0.8501464552169149,1.0056073828308327,0.019028139919312063,-0.01112937640246483,0.1729418990351841,16,0.807850955410256,True,55
97,4,"24 Sep 2010, 15:48:49.41",1.945088917895143,-2.0116442636798237,20.84260661100648,1.9976,0.988,2317.453,1.0041687429386437,40,B0053,G9,4,2,0.8701086696123089,1.0010751190068174,0.014976990096751639,-0.004532263824015681,0.14990405050457922,15,0.807850955410256,True,55
99,4,"24 Sep 2010, 19:30:22.28",1.9541644750198832,-2.012976717446128,18.017911973170968,1.9976,1.006,2295.109,1.007820487960787,41,B0053,G9,4,2,0.8732728937781419,0.9996316233428726,0.013577199905635502,-0.0014434956639446384,0.14625230548243584,14,0.807850955410256,True,55
101,4,"24 Sep 2010, 23:11:34.28",1.935548354335742,-2.0120065564736778,21.59240098021019,1.9974,0.993,2326.657,0.982454133084564,42,B0053,G9,4,2,0.8512930368572093,0.9980301551700617,0.015293074079702384,-0.001601468172810727,0.17161866035865891,13,0.807850955410256,True,55
105,4,"28 Sep 2010, 11:41:33.44",1.981406351768184,-2.010399668127808,19.73979632207504,1.9976,1.022,2479.297,1.1096775355538029,43,B0053,G9,4,2,0.9615316658172273,1.0170503587891673,0.053193108510987665,0.019020203619105436,0.04439525788942,12,0.807850955410256,True,55
109,4,"28 Sep 2010, 16:37:32.11",1.9931418060709156,-2.0114785378318,18.11408886833046,1.9976,1.02,2463.578,1.1136801589914762,44,B0053,G9,4,2,0.9649999248910169,1.0435602117058547,0.06295092538961564,0.026509852916687483,0.04039263445174668,11,0.807850955410256,True,55
111,4,"28 Sep 2010, 20:21:33.97",1.947894370100842,-2.0117063046876367,21.621996984314368,1.9976,0.991,2458.812,1.0385009100572404,45,B0053,G9,4,2,0.8998573711791878,1.050426645129574,0.05934948443617156,0.006866433423719354,0.11557188338598245,10,0.807850955410256,True,55
113,4,"29 Sep 2010, 00:05:26.91",1.9856387948209864,-2.011605056362475,18.973652680872625,1.9974,1.036,2400.672,1.0768815902180078,46,B0053,G9,4,2,0.9331140950000979,1.0642388655810184,0.0548181939079118,0.013812220451444146,0.07719120322521511,9,0.807850955410256,True,55
115,4,"29 Sep 2010, 03:48:21.02",1.949232767477218,-2.014364214783229,20.978900321002104,1.9976,0.997,2396.407,1.0721705505837382,47,B0053,G9,4,2,0.9290319957936743,1.082182149080853,0.030759143262574142,0.01794328349983485,0.08190224285948466,8,0.807850955410256,True,55
117,4,"29 Sep 2010, 07:31:12.02",1.971670057823583,-2.0103355675982195,21.79016577987201,1.9974,1.021,2392.375,1.0124588999851116,48,B0053,G9,4,2,0.8772920614170269,1.0627384219671148,0.038728355709326874,-0.019443727113738252,0.14161389345811126,7,0.807850955410256,True,55
121,4,"29 Sep 2010, 12:25:41.91",1.9947630114629613,-2.0094720921225875,21.259687238039497,1.9974,1.034,2373.687,1.0279944857549583,49,B0053,G9,4,2,0.8907535916238829,1.0456012873198115,0.02803219469043038,-0.017137134647303577,0.12607830768826456,6,0.807850955410256,True,55
123,4,"29 Sep 2010, 16:08:13.42",1.93495405419616,-2.010098353133057,22.11367611975276,1.9976,0.983,2385.922,1.0304147279049998,50,B0053,G9,4,2,0.8928507228999963,1.0439840508893632,0.028767841063754233,-0.0016172364304481324,0.12365806553822312,5,0.807850955410256,True,55
125,4,"29 Sep 2010, 19:50:59.78",1.9626921591466933,-2.012033490996013,20.51266351352416,1.9976,1.008,2345.0,1.0556163273995052,51,B0053,G9,4,2,0.9146878198644915,1.0397309983256626,0.023837859594867058,-0.004253052563700521,0.09845646604371772,4,0.807850955410256,True,55
127,4,"29 Sep 2010, 23:33:00.89",1.965011869626919,-2.012104371593135,21.838243278861643,1.9976,1.019,2363.047000000006,1.0011115418162628,52,B0053,G9,4,2,0.8674596156360346,1.0255191965721675,0.020629078537541087,-0.014211801753495078,0.15296125162696006,3,0.807850955410256,True,55
129,4,"30 Sep 2010, 03:15:20.44",1.998288646492444,-2.0131124064840726,19.19841243068418,1.9976,1.041,2316.687,1.0466839215498662,53,B0053,G9,4,2,0.9069479217398778,1.0323642008851184,0.020888629331829868,0.0068450043129509195,0.10738887189335666,2,0.807850955410256,True,55
133,4,"30 Sep 2010, 08:08:36.33",1.987337089818558,-2.0116835183117097,19.94793881732045,1.9976,1.024,2322.0,1.047181656018543,54,B0053,G9,4,2,0.9073792068992755,1.0362016349378353,0.02163430382065642,0.003837434052716926,0.10689113742467993,1,0.807850955410256,True,55
135,4,"30 Sep 2010, 11:50:17.69",1.9333820178355812,-2.017603787583275,22.11167709201849,1.9976,0.986,2357.687,1.0102740078425778,55,B0053,G9,4,2,0.8753988600912984,1.0321734909253508,0.02464648169655941,-0.004028144012484391,0.14379878560064507,0,0.807850955410256,True,55
1,4,"03 Sep 2010, 12:10:27.16",3.66372553016249,-0.0020674540128556,7.735137313607226,0.0004,0.001,2660.313,0.7399351039859233,1,B0054,G9,4,2,0.6342967679592851,0.7399351039859233,0.0,0.0,0.4266089198256863,101,0.8165808166681267,True,102
5,4,"03 Sep 2010, 17:08:51.66",3.718807290316491,-0.0040791939188719,10.925792614551568,0.0004,0.001,2826.0,1.1665440238116096,2,B0054,G9,4,2,1.0,0.9532395638987665,0.3016580601234109,0.0,0.0,100,0.8165808166681267,True,102
7,4,"03 Sep 2010, 20:58:26.28",3.74417703782021,-0.0015541427884072,10.531945064416876,0.0004,0.001,2818.578,1.1052521456138635,3,B0054,G9,4,2,0.9474585811194003,1.0039104244704655,0.2306542888219063,0.0,0.061291878197746064,99,0.8165808166681267,True,102
9,4,"04 Sep 2010, 00:47:52.69",2.194436684364802,-2.008252333006421,25.274344894624623,1.9982,1.241,2713.812,1.0960302257185877,4,B0054,G9,4,2,0.9395532473239865,1.0269403747824961,0.1938791249209791,0.0,0.07051379809302194,98,0.8165808166681267,True,102
11,4,"04 Sep 2010, 04:35:34.64",3.755571830337985,-0.0036245424065118,9.519864666006333,0.0004,0.001,2786.578,1.0754450685609742,5,B0054,G9,4,2,0.9219069718835169,1.0366413135381918,0.16929966737652574,0.0,0.09109895525063538,97,0.8165808166681267,True,102
13,4,"04 Sep 2010, 08:24:28.61",2.1991956579298835,-2.0105327551624077,25.399130245059563,1.9982,1.248,2667.89,1.0655493528023796,6,B0054,G9,4,2,0.9134240380579584,1.101764163301483,0.03951481252635901,0.06512284976329126,0.10099467100922999,96,0.8165808166681267,True,102
17,4,"04 Sep 2010, 13:22:53.12",3.734996980369478,-0.0023255678924191,10.656942609370804,0.0004,0.001,2530.172,1.0568368579972396,7,B0054,G9,4,2,0.9059554002463545,1.0798227301386087,0.020375117324558448,-0.021941433162874002,0.10970716581437001,95,0.8165808166681267,True,102
19,4,"04 Sep 2010, 17:07:33.06",3.57079973569565,-0.0032359018321005,22.288221821675496,0.0004,0.001,2446.062,1.0449064445364842,8,B0054,G9,4,2,0.8957282564633247,1.067753589923133,0.01939557117675347,-0.01206914021547587,0.12163757927512542,94,0.8165808166681267,True,102
21,4,"04 Sep 2010, 20:50:47.98",3.752349878105168,-0.0025218567244387,9.651889045380315,0.0004,0.001,2713.25,1.0458363976936966,9,B0054,G9,4,2,0.8965254429717034,1.0577148243181547,0.01305434634561291,-0.010038765604978206,0.12070762611791297,93,0.8165808166681267,True,102
23,4,"05 Sep 2010, 00:38:30.42",3.756861242194194,-0.0029823540906507,8.57652745789613,0.0004,0.001,2676.578,1.018187920878015,10,B0054,G9,4,2,0.8728242570315946,1.046263394781563,0.017846583542399336,-0.011451429536591862,0.1483561029335947,92,0.8165808166681267,True,102
25,4,"05 Sep 2010, 04:25:36.52",3.571283662428627,-0.0026934570221592,22.33804755446108,0.0004,0.0,2394.734,1.0226409233672231,11,B0054,G9,4,2,0.87664151758783,1.0376817088945316,0.01652156539318847,-0.008581685887031298,0.14390310044438648,91,0.8165808166681267,True,102
29,4,"05 Sep 2010, 09:19:29.80",3.7569036686153536,-0.0041213489002099,9.468747821492077,0.0004,0.001,2673.0,1.03890961861509,12,B0054,G9,4,2,0.890587579558736,1.0340962610181017,0.012866228419077471,-0.0035854478764299367,0.1276344051965197,90,0.8165808166681267,True,102
31,4,"05 Sep 2010, 13:06:35.67",3.673996417135624,-0.0045696764142352,18.57616241426332,0.0004,0.001,2619.578,1.0173250354350074,13,B0054,G9,4,2,0.8720845631791602,1.0285799791978065,0.01298486088855829,-0.005516281820295355,0.1492189883766022,89,0.8165808166681267,True,102
33,4,"05 Sep 2010, 16:52:47.41",3.7563443982820273,-0.0039323782227582,9.553219222459044,0.0004,0.001,2640.016,1.033183911994548,14,B0054,G9,4,2,0.8856793150580672,1.0260494820579766,0.009563231517105312,-0.0025304971398297125,0.13336011181706153,88,0.8165808166681267,True,102
35,4,"05 Sep 2010, 20:39:20.33",3.762070580613048,-0.0023683210835082,9.73539652473087,0.0004,0.0,2621.187,1.0095232119739597,15,B0054,G9,4,2,0.8653965828699767,1.0243165402771655,0.011854530893546796,-0.0017329417808110482,0.15702081183764993,87,0.8165808166681267,True,102
37,4,"06 Sep 2010, 00:25:33.42",3.611897459402903,-0.0028709920532811,22.449885382409608,0.0004,0.001,2616.453,0.9862483259626476,16,B0054,G9,4,2,0.8454445831715316,1.0170380207962506,0.02087831788435745,-0.007278519480915113,0.18029569784896204,86,0.8165808166681267,True,102
41,4,"06 Sep 2010, 05:23:13.75",3.5842744379624696,-0.0033917227274792,21.2735509030199,0.0004,0.001,2565.109,1.0080048320000436,17,B0054,G9,4,2,0.8640949774929633,1.0108570634732412,0.016998729160261305,-0.00618095732300925,0.15853919181156595,85,0.8165808166681267,True,102
43,4,"06 Sep 2010, 09:08:34.20",3.613759915863712,-0.0032687176671332,20.704206157683508,0.0004,0.001,2532.531,1.0153387761254196,18,B0054,G9,4,2,0.8703818762088924,1.0104598116113237,0.016832180592879144,-0.0003972518619175691,0.15120524768619004,84,0.8165808166681267,True,102
45,4,"06 Sep 2010, 12:53:22.31",3.6772812751724606,-0.0009017481510649,18.30601981288228,0.0004,0.001,2556.593,1.0106786853355956,19,B0054,G9,4,2,0.8663870927333426,1.0059587662795333,0.011354022812767095,-0.004501045331790498,0.15586533847601403,83,0.8165808166681267,True,102
47,4,"06 Sep 2010, 16:38:35.38",3.752170476806448,-0.0028782228444495,9.788726098384371,0.0004,0.001,2577.891,1.010409656585336,20,B0054,G9,4,2,0.8661564724183196,1.0061360552018086,0.011430259519443445,0.00017728892227526495,0.1561343672262736,82,0.8165808166681267,True,102
49,4,"06 Sep 2010, 20:24:10.25",3.5945175233917457,-0.0031157420184838,21.68699248898104,0.0004,0.001,2572.36,0.9801433323963482,21,B0054,G9,4,2,0.8402111813952732,1.0049150564885485,0.014100079840108286,-0.0012209987132598688,0.1864006914152614,81,0.8165808166681267,True,102
53,4,"09 Sep 2010, 16:02:55.59",3.5838834010856213,-0.0017101937071331,20.978569683676124,0.0004,0.001,2697.75,1.1016641723624383,22,B0054,G9,4,2,0.9443828521471651,1.0236469245610276,0.04580305477867682,0.01873186807247893,0.0648798514491713,80,0.8165808166681267,True,102
57,4,"09 Sep 2010, 21:02:00.11",3.729023578458242,-0.0041920266572514,10.603055022346028,0.0004,0.001,2683.406,1.0826512239001271,23,B0054,G9,4,2,0.9280843258384985,1.0371094141159691,0.05219666702295116,0.013462489554941514,0.08389279991148246,79,0.8165808166681267,True,102
59,4,"10 Sep 2010, 00:49:20.09",3.584561513579988,-0.0016609118582363,22.0874020256784,0.0004,0.0,2646.156,1.0575008387868343,24,B0054,G9,4,2,0.9065245864716845,1.0464738448062167,0.05043989531785087,0.00936443069024775,0.10904318502477528,78,0.8165808166681267,True,102
61,4,"10 Sep 2010, 04:36:05.55",3.646419338563987,-0.0010968124366405,19.17941654863756,0.0004,0.001,2593.531,1.0385517331615322,25,B0054,G9,4,2,0.8902807883479008,1.052102260121456,0.04685208385114441,0.005628415315239233,0.12799229065007744,77,0.8165808166681267,True,102
63,4,"10 Sep 2010, 08:21:56.95",3.600862517495629,-0.0007398599616689,20.428542540355387,0.0004,0.0,2604.125,1.0073294901291132,26,B0054,G9,4,2,0.8635160521741195,1.0575394916680092,0.03694308887926286,0.005437231546553001,0.15921453368249638,76,0.8165808166681267,True,102
65,4,"10 Sep 2010, 12:07:58.58",3.750608754885287,-0.0024163798779688,9.809153285626886,0.0004,0.001,2588.594,1.0160400308540347,27,B0054,G9,4,2,0.8709830148837311,1.0404146633663283,0.030692370157009045,-0.017124828301680717,0.15050399295757488,75,0.8165808166681267,True,102
69,4,"10 Sep 2010, 17:05:18.03",3.745300922636264,-0.0013681555097358,10.53343949999138,0.0004,0.001,2579.203,1.0158319636440951,28,B0054,G9,4,2,0.8708046528110681,1.027050811315122,0.020588259488692636,-0.013363852051206404,0.15071206016751448,74,0.8165808166681267,True,102
71,4,"10 Sep 2010, 20:50:57.92",3.729242054202272,-0.0013007975151983,12.129690574116204,0.0004,0.001,2555.453,1.0015383803216271,29,B0054,G9,4,2,0.8585517219051564,1.0158583196220803,0.014078585917722233,-0.011192491693041439,0.16500564348998248,73,0.8165808166681267,True,102
73,4,"11 Sep 2010, 00:36:11.41",3.5871227400255266,-0.0007157969437538,20.094525788193017,0.0004,0.001,2525.609,0.981248861591824,30,B0054,G9,4,2,0.841158877472669,1.004397745308139,0.014308442217964946,-0.011460574313941629,0.1852951622197856,72,0.8165808166681267,True,102
75,4,"11 Sep 2010, 04:20:54.62",3.7446102995472006,-0.0028545230852952,10.490929211602932,0.0004,0.0,2536.172,0.9987416030110134,31,B0054,G9,4,2,0.8561542321803576,1.002680167884519,0.01438378020357253,-0.0017175774236199536,0.16780242080059615,71,0.8165808166681267,True,102
77,4,"11 Sep 2010, 08:05:50.88",3.5941170592562743,-0.0013127636295651,22.48732193284588,0.0004,0.001,2536.204,0.9584014230949642,32,B0054,G9,4,2,0.8215732998772284,0.9911524463327048,0.022052505597279677,-0.011527721551814096,0.20814260071664537,70,0.8165808166681267,True,102
81,4,"11 Sep 2010, 13:02:19.55",3.648475452266422,-0.0015106261080838,19.32765221631073,0.0004,0.001,2488.86,0.9800846133894624,33,B0054,G9,4,2,0.8401608455265128,0.9840029762817781,0.01734283536336424,-0.007149470050926543,0.1864594104221472,69,0.8165808166681267,True,102
83,4,"11 Sep 2010, 16:46:28.44",3.753876919121481,-0.0027081724019517,10.282165816752515,0.0004,0.001,2518.547,0.9720372198962766,34,B0054,G9,4,2,0.8332623544889508,0.9781027441967082,0.014703069335269697,-0.005900232085070112,0.19450680391533304,68,0.8165808166681267,True,102
85,4,"11 Sep 2010, 20:31:10.02",3.6558753417037777,-0.0015544285602133,19.86785017384919,0.0004,0.001,2485.766,0.9693202807518412,35,B0054,G9,4,2,0.8309333046725899,0.9757170280287115,0.015029108363741684,-0.0023857161679965654,0.19722374305976842,67,0.8165808166681267,True,102
87,4,"12 Sep 2010, 00:15:17.88",3.6133278880523294,-0.0006546087415351,21.71169551039756,0.0004,0.0,2506.718,0.9479786388506264,36,B0054,G9,4,2,0.812638545567415,0.9655644351966342,0.012524055531714411,-0.010152592832077412,0.2185653849609832,66,0.8165808166681267,True,102
89,4,"12 Sep 2010, 03:59:48.27",3.667664534861541,-0.0016044324151136,18.66806526812378,0.0004,0.001,2459.297,0.9638519569071228,37,B0054,G9,4,2,0.8262456771736714,0.9666545419590659,0.011969649573000762,0.0010901067624317085,0.20269206690448682,65,0.8165808166681267,True,102
93,4,"12 Sep 2010, 08:55:06.67",3.7461787806161966,-0.0026604980014651,10.57110923411292,0.0004,0.001,2488.734,0.9682336695484696,38,B0054,G9,4,2,0.8300018257217817,0.9642843531908672,0.009580290900271944,-0.002370188768198567,0.19831035426314003,64,0.8165808166681267,True,102
95,4,"12 Sep 2010, 12:39:18.22",3.596888510616467,-0.0037712066750101,22.537836095436575,0.0004,0.001,2491.375,0.9407020864603765,39,B0054,G9,4,2,0.8064008449391317,0.9580173265036873,0.01291090759244247,-0.006267026687180021,0.22584193735123315,63,0.8165808166681267,True,102
97,4,"12 Sep 2010, 16:23:34.70",3.717812319923843,-0.0011227814830559,13.740156052048492,0.0004,0.001,2467.328,0.9618442077038964,40,B0054,G9,4,2,0.824524568358021,0.9565221118940984,0.011645557637822277,-0.0014952146095889463,0.20469981610771315,62,0.8165808166681267,True,102
99,4,"12 Sep 2010, 20:07:24.77",3.757317022373612,-0.0012073015008454,10.518917156416466,0.0004,0.0,2466.125,0.9332340144199704,41,B0054,G9,4,2,0.7999989673520308,0.9535731870079671,0.015559079448854636,-0.002948924886131188,0.23331000939163915,61,0.8165808166681267,True,102
101,4,"12 Sep 2010, 23:51:17.06",3.566661042114098,-0.0011402198792751,21.38457746188729,0.0004,0.001,2459.312999999994,0.9313454737145216,42,B0054,G9,4,2,0.7983800479911667,0.9470718903694468,0.016922054033780252,-0.006501296638520238,0.235198550097088,60,0.8165808166681267,True,102
105,4,"14 Sep 2010, 12:06:05.30",3.6002806681405035,-0.0013593476947481,20.912231719062795,0.0004,0.001,2559.125,0.9976429099116704,43,B0054,G9,4,2,0.8552123962299636,0.952953738442087,0.02775810731416529,0.0058818480726401615,0.16890111389993923,59,0.8165808166681267,True,102
109,4,"14 Sep 2010, 17:03:04.92",3.5816449394712744,-0.0029585690526591,20.06346393539349,0.0004,0.001,2534.156,0.9833315262972036,44,B0054,G9,4,2,0.8429442063268469,0.9614796264094526,0.029543625696535968,0.00852588796736542,0.18321249751440605,58,0.8165808166681267,True,102
111,4,"14 Sep 2010, 20:48:06.97",3.7408041321249783,-0.0019916080192515,10.631407168139177,0.0004,0.001,2521.985,0.9904370062777442,45,B0054,G9,4,2,0.8490352580450015,0.9671981861242221,0.032273017291723244,0.005718559714769556,0.17610701753386537,57,0.8165808166681267,True,102
113,4,"15 Sep 2010, 00:32:54.45",3.577562056535852,-0.0017955825546135,22.56764492576105,0.0004,0.001,2503.172,0.9499871340436294,46,B0054,G9,4,2,0.8143602938700983,0.9705488100489538,0.028516278382651652,0.0033506239247317994,0.21655688976798015,56,0.8165808166681267,True,102
115,4,"15 Sep 2010, 04:17:21.78",3.590337663818441,-0.0006277185700174,19.974753532415026,0.0004,0.001,2474.344,0.9526027840900876,47,B0054,G9,4,2,0.8166025153320126,0.9748002721240671,0.022065222354831496,0.0042514620751132,0.21394123972152201,55,0.8165808166681267,True,102
117,4,"17 Sep 2010, 15:17:48.77",3.599123451727323,-0.0011385945059176,18.15389355623157,0.0006,0.0,2349.64,0.8850175175465715,48,B0054,G9,4,2,0.7586661964585204,0.9522751936510474,0.041682602088944594,-0.022525078473019766,0.28152650626503806,54,0.8165808166681267,True,102
121,4,"17 Sep 2010, 20:11:19.80",3.583388996475372,-0.0009664696771544,20.01315239444104,0.0004,0.001,2560.688,0.9937402750241768,49,B0054,G9,4,2,0.8518669289284022,0.954356943396442,0.04382620800805283,0.0020817497453946565,0.17280374878743276,53,0.8165808166681267,True,102
123,4,"17 Sep 2010, 23:56:44.39",3.620565658894733,-0.0001340855903797,19.57332751555091,0.0004,0.0,2522.375,0.995507330519279,50,B0054,G9,4,2,0.8533817071613989,0.955371008244749,0.044914885669225045,0.0010140648483069504,0.17103669329233062,52,0.8165808166681267,True,102
125,4,"18 Sep 2010, 03:41:26.69",3.5830458462229595,-0.0022606366033724,20.60015686478113,0.0004,0.001,2488.719,0.975407870968116,51,B0054,G9,4,2,0.8361517877233915,0.9604551556296462,0.04558682598060279,0.005084147384897308,0.1911361528434936,51,0.8165808166681267,True,102
127,4,"18 Sep 2010, 07:25:38.64",3.599208781202452,-0.0008368200420762,20.19864611629197,0.0004,0.001,2474.844,0.965960558373922,52,B0054,G9,4,2,0.8280532398749139,0.9631267104864131,0.04540263898101326,0.002671554856766889,0.20058346543768757,50,0.8165808166681267,True,102
129,4,"18 Sep 2010, 11:09:35.66",3.5939436229260187,-0.0029013189310798,19.85600096456785,0.0004,0.001,2473.875,0.9573702621688754,53,B0054,G9,4,2,0.8206893547323898,0.9775972594108738,0.01681298047940951,0.01447054892446078,0.20917376164273416,49,0.8165808166681267,True,102
133,4,"18 Sep 2010, 16:05:06.28",3.604495791953517,-0.0021725431724434,21.238191513205965,0.0004,0.001,2495.5,0.9294756591964932,54,B0054,G9,4,2,0.7967771813355913,0.9647443362453372,0.024288930271881667,-0.012852923165536722,0.23706836461511638,48,0.8165808166681267,True,102
135,4,"18 Sep 2010, 19:49:23.33",3.609295769234971,-0.0011121134609029,21.46485555962033,0.0004,0.001,2481.078,0.9323553879823946,55,B0054,G9,4,2,0.7992457798000471,0.9521139477379602,0.02040133034053074,-0.012630388507376878,0.234188635829215,47,0.8165808166681267,True,102
137,4,"18 Sep 2010, 23:33:26.12",3.731237635784759,-0.0018086689530528,11.605251096141068,0.0004,0.001,2460.125,0.954568378404969,56,B0054,G9,4,2,0.8182874875874607,0.9479460492253308,0.01613550122433983,-0.004167898512629398,0.2119756454066406,46,0.8165808166681267,True,102
139,4,"19 Sep 2010, 03:17:11.31",3.568447172304276,-0.0026848369490273,20.81004815899088,0.0004,0.0,2440.547,0.9330242104372936,57,B0054,G9,4,2,0.7998191164605133,0.9413587796380052,0.013440570383298683,-0.006587269587325695,0.23351981337431604,45,0.8165808166681267,True,102
141,4,"19 Sep 2010, 07:00:37.45",3.601674483732853,-0.0010110746377763,21.68794598641092,0.0004,0.0,2449.922,0.923294184000959,58,B0054,G9,4,2,0.7914782169850333,0.9345435640044218,0.011835560305135773,-0.006815215633583294,0.24324983981065063,44,0.8165808166681267,True,102
145,4,"19 Sep 2010, 11:55:48.48",3.6013725748552043,-0.0054250683481022,19.95248341177891,0.0004,0.001,2408.781,0.9257799164262976,59,B0054,G9,4,2,0.7936090687785359,0.9338044154503828,0.012336005307155397,-0.0007391485540391152,0.24076410738531195,43,0.8165808166681267,True,102
147,4,"19 Sep 2010, 15:38:44.77",3.600325671157858,-0.0015074315863695,21.5693374650566,0.0004,0.001,2442.547,0.9162765793280084,60,B0054,G9,4,2,0.7854624948779318,0.9305886537195056,0.014681006851827312,-0.0032157617308772313,0.25026744448360116,42,0.8165808166681267,True,102
149,4,"19 Sep 2010, 19:22:11.66",3.730775144646232,0.0012409509425369,11.774314695252368,0.0004,0.001,2420.671,0.9387011679112468,61,B0054,G9,4,2,0.8046855915853904,0.9274152116207611,0.008697124028719872,-0.003173442098744439,0.2278428559003628,41,0.8165808166681267,True,102
151,4,"19 Sep 2010, 23:05:17.44",3.570580570193356,-0.0053401011276515,21.085420086577773,0.0004,0.001,2409.906,0.9158990586877171,62,B0054,G9,4,2,0.7851388717376258,0.9239901812708456,0.009287984329873777,-0.003425030349915281,0.25064496512389245,40,0.8165808166681267,True,102
153,4,"20 Sep 2010, 02:48:11.61",3.747227108590794,-0.0015916067033818,10.789070351252672,0.0004,0.001,2416.672,0.9202608990433788,63,B0054,G9,4,2,0.7888779851072263,0.9233835242793298,0.009442584151776939,-0.0006066569915160302,0.24628312476823078,39,0.8165808166681267,True,102
157,4,"20 Sep 2010, 07:42:50.20",3.559218873836544,-0.0033047629118912,20.570370406889865,0.0004,0.0,2395.75,0.9111253917360888,64,B0054,G9,4,2,0.7810467270313928,0.920452619341288,0.01070300987105932,-0.0029309049380417786,0.25541863207552085,38,0.8165808166681267,True,102
159,4,"20 Sep 2010, 11:25:31.16",3.5944359115245117,-0.0008124298845963,21.97742426257052,0.0004,0.001,2410.688,0.8980507043695345,65,B0054,G9,4,2,0.7698386739278043,0.9168074443495933,0.014800233628297353,-0.0036451749916947885,0.2684933194420751,37,0.8165808166681267,True,102
161,4,"20 Sep 2010, 15:08:29.70",3.7402867347189774,0.0006776228085305,11.14515868782984,0.0004,0.001,2402.125,0.9278864624016372,66,B0054,G9,4,2,0.7954148694447264,0.9146445032476713,0.011137836418715056,-0.0021629411019219225,0.2386575614099724,36,0.8165808166681267,True,102
163,4,"20 Sep 2010, 18:51:21.78",3.574336546821169,-0.0006196295756737,21.03184313136957,0.0004,0.001,2355.265,0.9118415396987224,67,B0054,G9,4,2,0.7816606326774854,0.9138329994498724,0.01117134284224143,-0.0008115037977989515,0.2547024841128872,35,0.8165808166681267,True,102
165,4,"20 Sep 2010, 22:33:25.11",3.597262163291872,0.0034241831776561,22.025969587423376,0.0004,0.0,2396.719,0.8936491649329469,68,B0054,G9,4,2,0.7660655291970929,0.908510652627786,0.01345016735718502,-0.005322346822086388,0.2728948588786627,34,0.8165808166681267,True,102
169,4,"21 Sep 2010, 16:21:05.19",3.6099564586374178,0.0009557015458926,20.74734728795562,0.0004,0.001,2442.344,0.9100864492604256,69,B0054,G9,4,2,0.7801561112856891,0.9083028641326532,0.01340763217233513,-0.00020778849513263252,0.256457574551184,33,0.8165808166681267,True,102
173,4,"21 Sep 2010, 21:16:13.53",3.603869142590208,0.0015607504591146,20.008570783780517,0.0004,0.001,2444.703,0.911490473146094,70,B0054,G9,4,2,0.7813596868533568,0.9109908178879651,0.012124221586715708,0.0026879537553119006,0.2550535506655156,32,0.8165808166681267,True,102
175,4,"22 Sep 2010, 00:59:48.89",3.7340210124268487,-0.0008789427653993,11.721540486274488,0.0004,0.001,2412.25,0.9337172811638196,71,B0054,G9,4,2,0.8004132395389219,0.9121569816404017,0.014249707333345822,0.0011661637524364777,0.23282674264779002,31,0.8165808166681267,True,102
177,4,"22 Sep 2010, 04:42:50.28",3.5740958721835296,-0.0018147910079714,22.61693054841828,0.0004,0.001,2403.234,0.8981517756068776,72,B0054,G9,4,2,0.7699253155249323,0.9094190288220327,0.015578679345413416,-0.0027379528183689495,0.26839224820473195,30,0.8165808166681267,True,102
179,4,"22 Sep 2010, 08:25:42.58",3.654074363224769,0.0003914367994573,19.21209719178033,0.0004,0.001,2361.047,0.9139367135371254,73,B0054,G9,4,2,0.7834566847729367,0.9134765385428685,0.01284703217692872,0.004057509720835695,0.25260731027448424,29,0.8165808166681267,True,102
181,4,"22 Sep 2010, 12:07:52.00",3.5958542357764203,-0.0013114112787285,21.95676825687965,0.0004,0.001,2392.468,0.8764848617154279,74,B0054,G9,4,2,0.7513517225449996,0.9067562210338689,0.021161657869092926,-0.006720317508999529,0.29005916209618166,28,0.8165808166681267,True,102
185,4,"22 Sep 2010, 17:02:11.86",3.5799847478683846,-0.0015646381497041,20.420443557614472,0.0004,0.001,2373.89,0.8854917958581964,75,B0054,G9,4,2,0.7590727634649461,0.9015564855762893,0.022835495647783564,-0.005199735457579524,0.2810522279534132,27,0.8165808166681267,True,102
187,4,"22 Sep 2010, 20:44:38.69",3.592941238531235,-0.0016269699019409,21.677420184339717,0.0004,0.001,2383.234,0.8819074622846708,76,B0054,G9,4,2,0.7560001545446123,0.8911945218004597,0.015006293037867092,-0.010361963775829763,0.28463656152693884,26,0.8165808166681267,True,102
189,4,"23 Sep 2010, 00:27:12.94",3.697245169633456,-0.0023419391175549,16.23736178217753,0.0004,0.001,2342.453,0.9045809105944796,77,B0054,G9,4,2,0.7754365820149831,0.89248034879798,0.015994378637769452,0.0012858269975204006,0.26196311321712995,25,0.8165808166681267,True,102
191,4,"23 Sep 2010, 04:09:08.97",3.586971270266491,-0.0021973437933911,22.28743493517272,0.0004,0.001,2359.296,0.8734606349455996,78,B0054,G9,4,2,0.7487592556443962,0.8843851330796749,0.012216709168297257,-0.00809521571830516,0.29308338886601004,24,0.8165808166681267,True,102
193,4,"23 Sep 2010, 07:51:17.22",3.7218249239754697,-0.0025171981474638,13.033579149796063,0.0004,0.001,2345.453,0.903131190986828,79,B0054,G9,4,2,0.7741938345677717,0.8897143989339549,0.01363806216359825,0.005329265854280019,0.26341283282478156,23,0.8165808166681267,True,102
197,4,"23 Sep 2010, 12:44:52.05",3.570481496244493,-0.0023873613009688,22.743895362208647,0.0004,0.001,2360.172,0.8712217754060124,80,B0054,G9,4,2,0.7468400314283467,0.8868603948435181,0.01602659516071898,-0.0028540040904367903,0.2953222484055972,22,0.8165808166681267,True,102
199,4,"23 Sep 2010, 16:27:06.73",3.647930352892422,-0.0012428460066398,19.09480011228804,0.0004,0.001,2315.407,0.8936499043476617,81,B0054,G9,4,2,0.7660661630477661,0.8892088832561162,0.01597964266681331,0.002348488412598182,0.2728941194639479,21,0.8165808166681267,True,102
201,4,"23 Sep 2010, 20:08:35.11",3.577974405832368,-0.0014092951978535,20.695340540333024,0.0004,0.001,2322.156,0.8835064014687892,82,B0054,G9,4,2,0.7573708179327749,0.8849939814309782,0.013498036950810534,-0.004214901825138085,0.28303762234282037,20,0.8165808166681267,True,102
203,4,"23 Sep 2010, 23:50:11.27",3.571856488554299,-0.0027118826244783,20.406231937725806,0.0004,0.001,2327.1570000000065,0.8779403705367915,83,B0054,G9,4,2,0.7525994326970844,0.8858899285492166,0.012664021334110116,0.0008959471182383938,0.2886036532748181,19,0.8165808166681267,True,102
205,4,"24 Sep 2010, 03:31:49.97",3.586265100762706,-0.0022144328412359,22.066546089677946,0.0004,0.001,2335.0,0.8599389109365094,84,B0054,G9,4,2,0.7371679879913258,0.8772514725391527,0.012694381817427726,-0.008638456010063722,0.30660511287510017,18,0.8165808166681267,True,102
209,4,"24 Sep 2010, 08:25:18.52",3.585633772982236,-0.0007101700137123,19.85282600712896,0.0004,0.001,2329.375,0.8697358119609565,85,B0054,G9,4,2,0.745566214568696,0.8769542798501417,0.012886772363976572,-0.0002971926890111831,0.2968082118506531,17,0.8165808166681267,True,102
211,4,"24 Sep 2010, 12:07:03.17",3.584659324534324,-0.0008467028609955,22.200031989935084,0.0004,0.001,2333.875,0.8638271814812677,86,B0054,G9,4,2,0.7405011417046795,0.8709897352768629,0.009746454255709228,-0.005964544573278796,0.3027168423303419,16,0.8165808166681267,True,102
213,4,"24 Sep 2010, 15:48:49.41",3.721342328648144,-9.809193503249524e-05,13.046297193983138,0.0004,0.001,2317.453,0.8865694537789144,87,B0054,G9,4,2,0.7599965673666599,0.8716023457388878,0.010772159955026117,0.0006126104620250317,0.2799745700326952,15,0.8165808166681267,True,102
215,4,"24 Sep 2010, 19:30:22.28",3.5691618893685497,-3.05268302020299e-05,20.256945492292108,0.0004,0.001,2295.109,0.8690078572313327,88,B0054,G9,4,2,0.7449421877726516,0.8698158430777962,0.01018283572823922,-0.001786502661091771,0.29753616658027693,14,0.8165808166681267,True,102
217,4,"24 Sep 2010, 23:11:34.28",3.5896545419417905,-0.0001042690406059,22.06120378217418,0.0004,0.001,2326.657,0.8474446088377652,89,B0054,G9,4,2,0.7264574602755179,0.8673169826580474,0.014021923814022653,-0.0024988604197488497,0.3190994149738444,13,0.8165808166681267,True,102
221,4,"28 Sep 2010, 11:41:33.44",3.622388567537655,-0.0012997159518004,17.80480826918038,0.0004,0.001,2479.297,0.8799727721580702,90,B0054,G9,4,2,0.7543416743783181,0.8693643746974701,0.015164239114128458,0.002047392039422746,0.28657125165353936,12,0.8165808166681267,True,102
225,4,"28 Sep 2010, 16:37:32.11",3.606160198609008,-0.0043321546005232,18.040435475966785,0.0004,0.0,2463.578,0.9110444582768508,91,B0054,G9,4,2,0.7809773482016307,0.8788078300565866,0.023347865022922163,0.009443455359116615,0.25549956553475883,11,0.8165808166681267,True,102
227,4,"28 Sep 2010, 20:21:33.97",3.624827834180362,-0.0020740647460153,19.388267326118424,0.0004,0.001,2458.812,0.912172429335506,92,B0054,G9,4,2,0.7819442821840874,0.883928425167905,0.02784933758314538,0.0051205951113183264,0.2543715944761036,10,0.8165808166681267,True,102
229,4,"29 Sep 2010, 00:05:26.91",3.611957779374174,-0.0018958820331609,18.164829723658134,0.0004,0.001,2400.672,0.8872043975884799,93,B0054,G9,4,2,0.760540862135314,0.8875677332393345,0.02657173426235402,0.003639308071429448,0.2793396262231297,9,0.8165808166681267,True,102
231,4,"29 Sep 2010, 03:48:21.02",3.682115397326645,0.00017933211583,16.707728293921004,0.0004,0.0,2396.407,0.8961236767959215,94,B0054,G9,4,2,0.7681867623545775,0.8973035468309657,0.01426216124734807,0.009735813591631271,0.27042034701568807,8,0.8165808166681267,True,102
233,4,"29 Sep 2010, 07:31:12.02",3.622585387975711,-0.0008833304978115,19.90107718381534,0.0004,0.001,2392.375,0.8851334001128452,95,B0054,G9,4,2,0.7587655348151605,0.8983356724219208,0.012806905148998881,0.001032125590955002,0.28141062369876435,7,0.8165808166681267,True,102
237,4,"29 Sep 2010, 12:25:41.91",3.72305097033302,-0.0002449435145424,12.28761277801502,0.0004,0.001,2373.687,0.8793386645436118,96,B0054,G9,4,2,0.7537980964236803,0.891994513675273,0.012790512862595659,-0.006341158746647801,0.28720535926799784,6,0.8165808166681267,True,102
239,4,"29 Sep 2010, 16:08:13.42",3.613734392718941,-0.0023841270139791,20.776031079461408,0.0004,0.001,2385.922,0.8461224238450626,97,B0054,G9,4,2,0.7253240397052574,0.8787845125771842,0.019228680253040607,-0.013210001098088675,0.32042159996654695,5,0.8165808166681267,True,102
241,4,"29 Sep 2010, 19:50:59.78",3.6823755169971095,-0.0001708955435228,16.450215546943163,0.0004,0.001,2345.0,0.8705933152969343,98,B0054,G9,4,2,0.746301294701528,0.8754622961188752,0.018841338961150738,-0.003322216458309124,0.2959507085146753,4,0.8165808166681267,True,102
243,4,"29 Sep 2010, 23:33:00.89",3.6234900675004633,-6.785373533623751e-05,20.05335768876545,0.0004,0.0,2363.047000000006,0.8440520909609104,99,B0054,G9,4,2,0.7235492820948352,0.8650479789518728,0.018956545978268742,-0.010414317167002229,0.3224919328506992,3,0.8165808166681267,True,102
245,4,"30 Sep 2010, 03:15:20.44",3.639146991127889,-0.0024970843800005,17.824234631327734,0.0004,0.001,2316.687,0.8536244678403578,100,B0054,G9,4,2,0.731755039172198,0.8587461924973754,0.015539565968968274,-0.006301786454497482,0.31291955597125176,2,0.8165808166681267,True,102
249,4,"30 Sep 2010, 08:08:36.33",3.659222056669187,-0.0026737929770199,17.292397693692596,0.0004,0.001,2322.0,0.8524519337958137,101,B0054,G9,4,2,0.7307499043289257,0.8533688463478157,0.010451088120165805,-0.005377346149559603,0.31409209001579586,1,0.8165808166681267,True,102
251,4,"30 Sep 2010, 11:50:17.69",3.617982930609686,0.0024551357337226,20.18514104968488,0.0004,0.001,2357.687,0.8373919001793014,102,B0054,G9,4,2,0.7178399469598891,0.8516227416146636,0.012494085927643816,-0.0017461047331522428,0.32915212363230817,0,0.8165808166681267,True,102
1,4,"03 Sep 2010, 12:10:27.16",3.616471675846465,-0.0007223349997699,7.428954731281203,0.0004,0.0,2660.313,0.7989997927037011,1,B0055,G9,4,2,0.6053523303334919,0.7989997927037011,0.0,0.0,0.5208923637591769,101,0.9239245095240146,True,102
5,4,"03 Sep 2010, 17:08:51.66",3.71009339070763,0.0013881744902803,11.616707227484746,0.0004,0.0,2826.0,1.319892156462878,2,B0055,G9,4,2,1.0,1.0594459745832896,0.36832652268240385,0.0,0.0,100,0.9239245095240146,True,102
7,4,"03 Sep 2010, 20:58:26.28",3.720948021954464,0.0011715860993254,12.196616052720652,0.0004,0.0,2818.578,1.2769832801132015,3,B0055,G9,4,2,0.9674906194876813,1.131958409759927,0.28914766715537193,0.0,0.04290887634967655,99,0.9239245095240146,True,102
9,4,"04 Sep 2010, 00:47:52.69",3.723683521626018,-0.0049641815599086,11.657900788943632,0.0004,0.0,2713.812,1.2572591312230863,4,B0055,G9,4,2,0.9525468615499321,1.1632835901257168,0.24425939077285488,0.0,0.06263302523979175,98,0.9239245095240146,True,102
11,4,"04 Sep 2010, 04:35:34.64",3.737444761740488,0.0001761294598498,10.759667232953795,0.0004,0.0,2786.578,1.206763751299412,5,B0055,G9,4,2,0.914289660250248,1.1719796223604557,0.2124266752756884,0.0,0.113128405163466,97,0.9239245095240146,True,102
13,4,"04 Sep 2010, 08:24:28.61",3.7316703126697615,-0.0037685526894834,11.18739925228771,0.0004,0.0,2667.89,1.2077322536103197,6,B0055,G9,4,2,0.9150234340712117,1.2537261145417795,0.04809423527170878,0.08174649218132371,0.11215990285255839,96,0.9239245095240146,True,102
17,4,"04 Sep 2010, 13:22:53.12",3.7179571437047914,0.0009246569140032,12.93200186972257,0.0004,0.0,2530.172,1.2009614290093835,7,B0055,G9,4,2,0.9098936023892953,1.2299399690510806,0.034747248865149544,-0.023786145490698907,0.11893072745349453,95,0.9239245095240146,True,102
19,4,"04 Sep 2010, 17:07:33.06",3.715020965783439,0.0008135244454029,14.00748291781355,0.0004,0.0,2446.062,1.189059086549973,8,B0055,G9,4,2,0.900875939543789,1.212355130338435,0.0261797913017831,-0.01758483871264569,0.130833069912905,94,0.9239245095240146,True,102
21,4,"04 Sep 2010, 20:50:47.98",3.746504177563127,0.0004242450205557,10.30964728577121,0.0004,0.0,2713.25,1.169708782604433,9,B0055,G9,4,2,0.8862154206136696,1.194845060614704,0.015896971892241093,-0.01751006972373066,0.15018337385844505,93,0.9239245095240146,True,102
23,4,"05 Sep 2010, 00:38:30.42",3.74502948997558,0.0001219916876409,9.765183570500993,0.0004,0.0,2676.578,1.1483647194613424,10,B0055,G9,4,2,0.8700443546378784,1.1831652542470903,0.024223606273329944,-0.011679806367613921,0.1715274370015356,92,0.9239245095240146,True,102
25,4,"05 Sep 2010, 04:25:36.52",3.7190095775363856,0.0003924138618891,13.88270811651202,0.0004,0.0,2394.734,1.1527726060972296,11,B0055,G9,4,2,0.8733839355379572,1.1721733247444726,0.022711205584672222,-0.010991929502618004,0.1671195503656484,91,0.9239245095240146,True,102
29,4,"05 Sep 2010, 09:19:29.80",3.75095226702218,0.0005100035180697,10.558185605398023,0.0004,0.0,2673.0,1.1318370471727228,12,B0055,G9,4,2,0.8575223677409252,1.1583484483771402,0.021827847722317804,-0.01382487636733214,0.18805510929015523,90,0.9239245095240146,True,102
31,4,"05 Sep 2010, 13:06:35.67",3.7430977704102526,-0.0025265009880008,10.919606435356622,0.0004,0.0,2619.578,1.1326525803383347,13,B0055,G9,4,2,0.8581402463771597,1.1470671471348126,0.015705216437852474,-0.011281301242327669,0.18723957612454334,89,0.9239245095240146,True,102
33,4,"05 Sep 2010, 16:52:47.41",3.754505433714911,0.0015235089231735,10.402885291352966,0.0004,0.0,2640.016,1.1160565716574584,14,B0055,G9,4,2,0.8455664852561365,1.1363367049454176,0.014662157755911872,-0.010730442189394918,0.20383558480541963,88,0.9239245095240146,True,102
35,4,"05 Sep 2010, 20:39:20.33",3.755059148410812,-0.0009838661332112,10.764099460248575,0.0004,0.0,2621.187,1.0984641825068853,15,B0055,G9,4,2,0.8322378287712626,1.1263565975545262,0.02031968002473366,-0.009980107390891436,0.22142797395599279,87,0.9239245095240146,True,102
37,4,"06 Sep 2010, 00:25:33.42",3.755122100098228,-0.0006815447690258,11.077671274085942,0.0004,0.0,2616.453,1.092569410309668,16,B0055,G9,4,2,0.8277717273793016,1.114315958397014,0.01850973489284851,-0.012040639157512346,0.22732274615321013,86,0.9239245095240146,True,102
41,4,"06 Sep 2010, 05:23:13.75",3.742778642330264,-0.0016331137700616,10.951758113425017,0.0004,0.0,2565.109,1.109167680712031,17,B0055,G9,4,2,0.8403472020656911,1.1097820851048756,0.015709689042942173,-0.004533873292138368,0.21072447575084707,85,0.9239245095240146,True,102
43,4,"06 Sep 2010, 09:08:34.20",3.741540777199886,0.0005956623921341,11.243282275252248,0.0004,0.0,2532.531,1.107503502890571,18,B0055,G9,4,2,0.8390863582813628,1.1047522696153227,0.009257625028763029,-0.005029815489552725,0.21238865357230696,84,0.9239245095240146,True,102
45,4,"06 Sep 2010, 12:53:22.31",3.743344668552583,-0.0017702700226175,11.279238106700356,0.0004,0.0,2556.593,1.106751675424531,19,B0055,G9,4,2,0.8385167454820452,1.1028912903687373,0.007101208433106364,-0.0018609792465854812,0.21314048103834704,83,0.9239245095240146,True,102
47,4,"06 Sep 2010, 16:38:35.38",3.755339263028505,0.0010980119408572,10.22286513266735,0.0004,0.0,2577.891,1.0726694124582823,20,B0055,G9,4,2,0.8126947396466714,1.0977323363590166,0.015511263914359346,-0.005158954009720595,0.24722274400459576,82,0.9239245095240146,True,102
49,4,"06 Sep 2010, 20:24:10.25",3.751561584196035,0.0006429739436034,11.121249070744142,0.0004,0.0,2572.36,1.0776844021506693,21,B0055,G9,4,2,0.8164942846836132,1.094755334727217,0.017981576682372265,-0.002977001631799725,0.24220775431220876,81,0.9239245095240146,True,102
53,4,"09 Sep 2010, 16:02:55.59",3.7249924670471257,-0.0003324618002551,11.249760865173384,0.0004,0.0,2697.75,1.1981714734535909,22,B0055,G9,4,2,0.907779827000805,1.112556093275529,0.05048810604426089,0.01780075854831198,0.12172068300928718,80,0.9239245095240146,True,102
57,4,"09 Sep 2010, 21:02:00.11",3.738813978917321,-0.0011093711860783,10.595077418366072,0.0004,0.0,2683.406,1.162538155268093,23,B0055,G9,4,2,0.880782683324317,1.1235630237510335,0.054916096608174585,0.011006930475504361,0.15735400119478515,79,0.9239245095240146,True,102
59,4,"10 Sep 2010, 00:49:20.09",3.736745975336742,0.0007851347746156,11.092928630103607,0.0004,0.0,2646.156,1.1556827465844224,24,B0055,G9,4,2,0.8755887675561969,1.1333492379830115,0.05552773154938271,0.009786214231978275,0.16420940987845567,78,0.9239245095240146,True,102
61,4,"10 Sep 2010, 04:36:05.55",3.7294062002194,0.0001626992490948,11.870369567945769,0.0004,0.0,2593.531,1.137444098422356,25,B0055,G9,4,2,0.8617704809084882,1.1463041751758263,0.044240509016167516,0.012954937192814731,0.1824480580405221,77,0.9239245095240146,True,102
63,4,"10 Sep 2010, 08:21:56.95",3.739783280312672,0.0004612707397119,11.118993438188271,0.0004,0.0,2604.125,1.1126375352125493,26,B0055,G9,4,2,0.8429760944971887,1.1532948017882023,0.031659578512130075,0.006990626612375994,0.20725462125032879,76,0.9239245095240146,True,102
65,4,"10 Sep 2010, 12:07:58.58",3.75084758070208,0.0008359810904425,10.78253883119472,0.0004,0.0,2588.594,1.098656067845981,27,B0055,G9,4,2,0.8323832083298547,1.1333917206666801,0.02738671230112971,-0.019903081121521993,0.22123608861689714,75,0.9239245095240146,True,102
69,4,"10 Sep 2010, 17:05:18.03",3.749275738658021,0.0020505294626009,10.836904373452825,0.0004,0.0,2579.203,1.098530275888464,28,B0055,G9,4,2,0.8322879036059794,1.1205901447907545,0.0252315873468866,-0.012801575875925763,0.22136188057441397,74,0.9239245095240146,True,102
71,4,"10 Sep 2010, 20:50:57.92",3.746129955994115,0.0020568504479771,10.934681252832805,0.0006,0.0,2555.453,1.1029370400968537,29,B0055,G9,4,2,0.8356266341127194,1.1100410034932406,0.01635734922202168,-0.010549141297513743,0.21695511636602438,73,0.9239245095240146,True,102
73,4,"11 Sep 2010, 00:36:11.41",3.7356280473025407,0.0021452957889262,10.741625132264502,0.0004,0.0,2525.609,1.0949644922735318,30,B0055,G9,4,2,0.8295863316650656,1.1015450822634758,0.006813950495799469,-0.008495921229764836,0.2249276641893463,72,0.9239245095240146,True,102
75,4,"11 Sep 2010, 04:20:54.62",3.75008246384212,0.0005006892455044,10.832206656146177,0.0004,0.0,2536.172,1.0890679714830998,31,B0055,G9,4,2,0.8251189054730395,1.096831169517586,0.00517809326769797,-0.0047139127458899035,0.2308241849797783,71,0.9239245095240146,True,102
77,4,"11 Sep 2010, 08:05:50.88",3.7462064308452967,-0.0012966346666973,12.048260695867173,0.0004,0.0,2536.204,1.073323391636053,32,B0055,G9,4,2,0.8131902188981909,1.0917646342756004,0.011491160404666058,-0.005066535241985593,0.2465687648268251,70,0.9239245095240146,True,102
81,4,"11 Sep 2010, 13:02:19.55",3.7278991403354103,0.000641390729244,12.565054547405182,0.0004,0.0,2488.86,1.095373856745309,33,B0055,G9,4,2,0.8298964816040381,1.0911333504469696,0.011106834087890968,-0.0006312838286310019,0.22451829971756898,69,0.9239245095240146,True,102
83,4,"11 Sep 2010, 16:46:28.44",3.7502733494843463,0.0037963361825877,11.39649363693666,0.0004,0.0,2518.547,1.0639517466243125,34,B0055,G9,4,2,0.8060899077357583,1.0833362917524612,0.014044473374043421,-0.007797058694508241,0.2559404098385656,68,0.9239245095240146,True,102
85,4,"11 Sep 2010, 20:31:10.02",3.736365708662052,0.001180971413342,11.941427381043235,0.0006,0.0,2485.766,1.085798072407703,35,B0055,G9,4,2,0.8226415068011967,1.0815030077792955,0.012679014112124758,-0.0018332839731657557,0.23409408405517507,67,0.9239245095240146,True,102
87,4,"12 Sep 2010, 00:15:17.88",3.7453820733510974,0.0003600883633917,12.183579727743686,0.0004,0.0,2506.718,1.0588748965507555,36,B0055,G9,4,2,0.8022434949446087,1.0754643927928265,0.015128681226226709,-0.006038614986468849,0.26101725991212255,66,0.9239245095240146,True,102
89,4,"12 Sep 2010, 03:59:48.27",3.732520469606878,-0.0003315992600678,12.26658385499262,0.0004,0.0,2459.297,1.0813260035191288,37,B0055,G9,4,2,0.8192532990096157,1.0770649151694418,0.015268220406634616,0.0016005223766151655,0.23856615294374928,65,0.9239245095240146,True,102
93,4,"12 Sep 2010, 08:55:06.67",3.750352553304645,0.0008209969110045,11.00603368869915,0.0006,0.0,2488.734,1.061601862588323,38,B0055,G9,4,2,0.804309547102139,1.0703105163380444,0.012331396445378276,-0.006754398831397212,0.25829029387455504,64,0.9239245095240146,True,102
95,4,"12 Sep 2010, 12:39:18.22",3.740515051568999,-0.0008281106056255,12.76140996472114,0.0004,0.0,2491.375,1.0593920670581127,39,B0055,G9,4,2,0.8026353227957137,1.0693985804248045,0.013065927062681398,-0.0009119359132399474,0.2605000894047653,63,0.9239245095240146,True,102
97,4,"12 Sep 2010, 16:23:34.70",3.744612265496994,0.002092801728536,11.257978752567562,0.0004,0.0,2467.328,1.0742513141424723,40,B0055,G9,4,2,0.8138932479311886,1.0670892287717586,0.01013427306198575,-0.002309351653046132,0.24564084232040573,62,0.9239245095240146,True,102
99,4,"12 Sep 2010, 20:07:24.77",3.747744687945852,-0.0033200018931023,11.936855343125552,0.0004,0.0,2466.125,1.04056147341315,41,B0055,G9,4,2,0.7883685559596822,1.0634265441442374,0.015652349816444096,-0.0036626846275210844,0.27933068304972797,61,0.9239245095240146,True,102
101,4,"12 Sep 2010, 23:51:17.06",3.735053403239269,-0.0029634218703826,11.663891379553563,0.0004,0.0,2459.312999999994,1.0575656535324895,42,B0055,G9,4,2,0.8012515631327138,1.0586744741469096,0.012052310625532999,-0.004752069997327846,0.2623265029303885,60,0.9239245095240146,True,102
105,4,"14 Sep 2010, 12:06:05.30",3.73203699792088,0.0020324008553437,11.652795561098012,0.0004,0.0,2559.125,1.0983528970914622,43,B0055,G9,4,2,0.8321535147499404,1.0660246810475376,0.021660521130197893,0.007350206900627843,0.22153925937141583,59,0.9239245095240146,True,102
109,4,"14 Sep 2010, 17:03:04.92",3.717442792905578,-0.0007775138296767,12.854852449446156,0.0004,0.0,2534.156,1.109758993739737,44,B0055,G9,4,2,0.8407952030821458,1.0760980663838624,0.028451914611247565,0.010073385336324847,0.2101331627231411,58,0.9239245095240146,True,102
111,4,"14 Sep 2010, 20:48:06.97",3.748633249835116,-0.0025844221920606,10.565769840401469,0.0004,0.0,2521.985,1.0793315779206871,45,B0055,G9,4,2,0.8177422470735345,1.0771141191395053,0.02846018739919564,0.00101605275564296,0.24056057854219093,57,0.9239245095240146,True,102
113,4,"15 Sep 2010, 00:32:54.45",3.733662268742405,0.0024325175728162,12.94722151958254,0.0006,0.0,2503.172,1.0716159094756148,46,B0055,G9,4,2,0.8118965661159712,1.083325006351998,0.020863771634518972,0.006210887212492943,0.24827624698726325,56,0.9239245095240146,True,102
115,4,"15 Sep 2010, 04:17:21.78",3.730277144475772,0.0020283573965965,11.62894977864335,0.0006,0.0,2474.344,1.0746464211019795,47,B0055,G9,4,2,0.81419259584198,1.086741159865896,0.01654245241325139,0.0034161535138979905,0.24524573536089855,55,0.9239245095240146,True,102
117,4,"17 Sep 2010, 15:17:48.77",3.6799628805301543,-0.0003898499507805,15.957961899654034,0.0004,0.0,2349.64,1.08643683065179,48,B0055,G9,4,2,0.8231254541001933,1.0843579465779616,0.015260017811054308,-0.002383213287934449,0.23345532581108808,54,0.9239245095240146,True,102
121,4,"17 Sep 2010, 20:11:19.80",3.713770899873473,0.0025191038749758,12.859319691118785,0.0004,0.0,2560.688,1.1340138347387958,49,B0055,G9,4,2,0.859171583970762,1.0892089147777733,0.025662750944332614,0.004850968199811767,0.18587832172408225,53,0.9239245095240146,True,102
123,4,"17 Sep 2010, 23:56:44.39",3.722342827888858,0.0014947585692094,12.238915117852436,0.0004,0.0,2522.375,1.1176964717951587,50,B0055,G9,4,2,0.8468089353530407,1.0968818935526676,0.02763111131113751,0.007672978774894324,0.2021956846677193,52,0.9239245095240146,True,102
125,4,"18 Sep 2010, 03:41:26.69",3.722896737283877,-0.0001213035292983,12.36597430251338,0.0004,0.0,2488.719,1.1046468529644289,51,B0055,G9,4,2,0.836922052726432,1.1034880822504305,0.02375725808508854,0.006606188697762816,0.21524530349844917,51,0.9239245095240146,True,102
127,4,"18 Sep 2010, 07:25:38.64",3.725867004586875,0.0030356138462177,12.120427506833794,0.0004,0.0,2474.844,1.089700148407426,52,B0055,G9,4,2,0.8255978665163571,1.10649882771152,0.01981522146977959,0.0030107454610893035,0.23019200805545204,50,0.9239245095240146,True,102
129,4,"18 Sep 2010, 11:09:35.66",3.732463719375026,-0.0004859619616257,10.974652790625113,0.0004,0.0,2473.875,1.075533547538172,53,B0055,G9,4,2,0.8148647162359445,1.1043181710887964,0.02293011415826272,-0.002180656622723598,0.24435860892470607,49,0.9239245095240146,True,102
133,4,"18 Sep 2010, 16:05:06.28",3.7359131301510393,-0.0005403916678227,12.356611783645851,0.0004,0.0,2495.5,1.0609866776144368,54,B0055,G9,4,2,0.8038434598003288,1.0897127396639246,0.022540814608257183,-0.014605431424871806,0.2589054788484413,48,0.9239245095240146,True,102
135,4,"18 Sep 2010, 19:49:23.33",3.743772829383676,0.0001328285272218,11.833405901636675,0.0006,0.0,2481.078,1.0518218041615568,55,B0055,G9,4,2,0.7968998065571422,1.076537806137204,0.021313684893160403,-0.01317493352672039,0.26807035230132126,47,0.9239245095240146,True,102
137,4,"18 Sep 2010, 23:33:26.12",3.749831284500988,0.0007027816567501,10.519535126991098,0.0004,0.0,2460.125,1.0553857898132757,56,B0055,G9,4,2,0.7996000162934208,1.0666855935069735,0.015724594330029647,-0.00985221263023064,0.26450636664960236,46,0.9239245095240146,True,102
139,4,"19 Sep 2010, 03:17:11.31",3.734765907722587,0.0003133688665794,11.237527290040337,0.0004,0.0,2440.547,1.0533102333691788,57,B0055,G9,4,2,0.7980274965735833,1.059407610499324,0.009662256538040252,-0.007277983007649436,0.2665819230936992,45,0.9239245095240146,True,102
141,4,"19 Sep 2010, 07:00:37.45",3.749036308512305,0.0005389715372177,11.443142627916062,0.0004,0.0,2449.922,1.0315365260084348,58,B0055,G9,4,2,0.7815309159596834,1.0506082061933764,0.011214284754804757,-0.008799404305947434,0.28835563045444323,44,0.9239245095240146,True,102
145,4,"19 Sep 2010, 11:55:48.48",3.7249684632967113,0.0022491755572575,12.190588790796308,0.0006,0.0,2408.781,1.0533401053259417,59,B0055,G9,4,2,0.7980501286928944,1.0490788917356775,0.009888090317744616,-0.0015293144576990158,0.26655205113693636,43,0.9239245095240146,True,102
147,4,"19 Sep 2010, 15:38:44.77",3.745329184453852,0.0012301642827289,11.685471737707594,0.0004,0.0,2442.547,1.0317876798810788,60,B0055,G9,4,2,0.7817211995911256,1.045072066879582,0.012270763344378401,-0.004006824856095603,0.2881044765817993,42,0.9239245095240146,True,102
149,4,"19 Sep 2010, 19:22:11.66",3.7498059580332974,-0.0001818282645188,10.558313275782128,0.0004,0.0,2420.671,1.0354207912157296,61,B0055,G9,4,2,0.7844737815478114,1.0410790671600727,0.011284287079847384,-0.003992999719509216,0.28447136524714844,41,0.9239245095240146,True,102
151,4,"19 Sep 2010, 23:05:17.44",3.732830477683607,-0.0021630881631975,11.867064877493178,0.0004,0.0,2409.906,1.0322251791310608,62,B0055,G9,4,2,0.782052665497518,1.036862056312449,0.009343641468296563,-0.0042170108476236035,0.28766697733181723,40,0.9239245095240146,True,102
153,4,"20 Sep 2010, 02:48:11.61",3.752694102552793,0.0017804899099694,10.938417087381872,0.0004,0.0,2416.672,1.011543397303472,63,B0055,G9,4,2,0.7663833687854191,1.0328634305714566,0.014848760263600682,-0.003998625740992567,0.30834875915940607,39,0.9239245095240146,True,102
157,4,"20 Sep 2010, 07:42:50.20",3.725933922176269,0.0023864455718714,11.989476883615662,0.0004,0.0,2395.75,1.0413760568150228,64,B0055,G9,4,2,0.7889857150191433,1.0304706208692729,0.011252617813990166,-0.0023928097021837847,0.2785160996478553,38,0.9239245095240146,True,102
159,4,"20 Sep 2010, 11:25:31.16",3.744326145088003,-0.0001352841677993,12.06563940334446,0.0004,0.0,2410.688,1.02174193386881,65,B0055,G9,4,2,0.774110164126539,1.028461471666819,0.0118401600537513,-0.0020091492024537417,0.298150222594068,37,0.9239245095240146,True,102
161,4,"20 Sep 2010, 15:08:29.70",3.756281007249748,0.0031216492128016,10.417177193533666,0.0004,0.0,2402.125,1.0133135547969283,66,B0055,G9,4,2,0.7677245067600549,1.0240400243830587,0.012688960131663029,-0.00442144728376026,0.30657860166594975,36,0.9239245095240146,True,102
163,4,"20 Sep 2010, 18:51:21.78",3.7267621762807184,0.0013178987581687,12.196786690426558,0.0004,0.0,2355.265,1.029994255962691,67,B0055,G9,4,2,0.780362434096834,1.023593839749385,0.012364258456436553,-0.000446184633673985,0.28989790050018716,35,0.9239245095240146,True,102
165,4,"20 Sep 2010, 22:33:25.11",3.736757875133239,-0.0012622676179432,13.036928463920413,0.0004,0.0,2396.719,1.0189349807814327,68,B0055,G9,4,2,0.7719835107680559,1.025072156444977,0.010920900274117944,0.0014783166955921524,0.3009571756814453,34,0.9239245095240146,True,102
169,4,"21 Sep 2010, 16:21:05.19",3.736682574296416,-0.0031563874971492,11.815846296900247,0.0004,0.0,2442.344,1.0290879520854015,69,B0055,G9,4,2,0.779675784151343,1.0226145354990526,0.007020936457641859,-0.002457620945924255,0.29080420437747656,33,0.9239245095240146,True,102
173,4,"21 Sep 2010, 21:16:13.53",3.7185038605438687,8.987216224258458e-05,13.033753169286722,0.0004,0.0,2444.703,1.0567629241900045,70,B0055,G9,4,2,0.800643385155025,1.0296187335632916,0.016712504741485515,0.0070041980642388865,0.26312923227287355,32,0.9239245095240146,True,102
175,4,"22 Sep 2010, 00:59:48.89",3.7490070717425152,-0.0012622185921855,10.840029444146316,0.0004,0.0,2412.25,1.0291668536316647,71,B0055,G9,4,2,0.7797355629339328,1.032789393330239,0.01415372020899035,0.0031706597669472814,0.29072530283121334,31,0.9239245095240146,True,102
177,4,"22 Sep 2010, 04:42:50.28",3.7297157560014975,0.0009405120245795,13.561417535067337,0.0006,0.0,2403.234,1.032129844490102,72,B0055,G9,4,2,0.7819804363835771,1.033216511035721,0.0140803164658585,0.00042711770548220507,0.28776231197277613,30,0.9239245095240146,True,102
179,4,"22 Sep 2010, 08:25:42.58",3.735794443523662,0.0025736712210441,11.511578510724227,0.0004,0.0,2361.047,1.0409230283951276,73,B0055,G9,4,2,0.7886424836288536,1.0376141205584601,0.011744729700477572,0.0043976095227389765,0.2789691280677504,29,0.9239245095240146,True,102
181,4,"22 Sep 2010, 12:07:52.00",3.737893506379202,0.0006074339137868,12.750428829099354,0.0004,0.0,2392.468,1.011161098766987,74,B0055,G9,4,2,0.7660937250182271,1.034028749894777,0.016692416706683987,-0.0035853706636828965,0.30873105769589104,28,0.9239245095240146,True,102
185,4,"22 Sep 2010, 17:02:11.86",3.723590672465849,-0.000593949706784,12.504131164371898,0.0004,0.0,2373.89,1.0337876112911784,75,B0055,G9,4,2,0.7832364229374474,1.0294336873150118,0.011092672901728237,-0.00459506257976523,0.2861045451716997,27,0.9239245095240146,True,102
187,4,"22 Sep 2010, 20:44:38.69",3.7459498164671454,-0.0022051697575327,11.712236811906674,0.0004,0.0,2383.234,1.003994224020383,76,B0055,G9,4,2,0.7606638308321672,1.0243991613927554,0.015910314300901104,-0.00503452592225635,0.3158979324424951,26,0.9239245095240146,True,102
189,4,"23 Sep 2010, 00:27:12.94",3.739834612306597,0.0018540745200243,11.09616033049112,0.0004,0.0,2342.453,1.0334195479955004,77,B0055,G9,4,2,0.7829575643247375,1.024657102093835,0.01607656408330808,0.00025794070107969523,0.28647260846737765,25,0.9239245095240146,True,102
191,4,"23 Sep 2010, 04:09:08.97",3.7312785321521167,-0.0006936173637197,13.419889601524062,0.0004,0.0,2359.296,1.009893656411646,78,B0055,G9,4,2,0.765133462962623,1.018451227697139,0.014094664200797007,-0.00620587439669631,0.309998500051232,24,0.9239245095240146,True,102
193,4,"23 Sep 2010, 07:51:17.22",3.7494515718501313,0.0012633769561642,10.625131311725696,0.0004,0.0,2345.453,1.0126262447940628,79,B0055,G9,4,2,0.7672037748203279,1.018744256902554,0.01391935119859824,0.00029302920541516284,0.30726591166881523,23,0.9239245095240146,True,102
197,4,"23 Sep 2010, 12:44:52.05",3.7436444303923873,0.0026148948369987,12.12982464730113,0.0004,0.0,2360.172,0.9948742055727694,80,B0055,G9,4,2,0.7537541614300443,1.0109615757588724,0.014279526965759943,-0.007782681143681791,0.32501795089010865,22,0.9239245095240146,True,102
199,4,"23 Sep 2010, 16:27:06.73",3.730672066041112,5.5355368310174617e-05,12.072724687447993,0.0004,0.0,2315.407,1.0240799556179332,81,B0055,G9,4,2,0.7758815374449385,1.0149787220783826,0.014649915857953269,0.004017146319510045,0.29581220084494486,21,0.9239245095240146,True,102
201,4,"23 Sep 2010, 20:08:35.11",3.718464862942216,-0.0006172818550704,13.334073352025642,0.0006,0.0,2322.156,1.0208889510043029,82,B0055,G9,4,2,0.7734639121882041,1.012472602680143,0.011423043725739629,-0.0025061193982395037,0.29900320545857517,20,0.9239245095240146,True,102
203,4,"23 Sep 2010, 23:50:11.27",3.725206993842732,0.0007667981033466,12.139416044183754,0.0004,0.0,2327.1570000000065,1.016100815944114,83,B0055,G9,4,2,0.7698362407631232,1.0137140345866364,0.011409983715823028,0.0012414319064935953,0.303791340518764,19,0.9239245095240146,True,102
205,4,"24 Sep 2010, 03:31:49.97",3.7390178829978926,0.0016145942492768,12.57246055998219,0.0004,0.0,2335.0,0.9987875345106276,84,B0055,G9,4,2,0.75671904679488,1.0109462925299495,0.013267121494562297,-0.0027677420566870393,0.3211046219522504,18,0.9239245095240146,True,102
209,4,"24 Sep 2010, 08:25:18.52",3.720414098342741,0.0015286322795869,12.429626026819747,0.0004,0.0,2329.375,1.0158868294923784,85,B0055,G9,4,2,0.7696741165693488,1.0151488173138712,0.009770579621067163,0.004202524783921802,0.30400532697049965,17,0.9239245095240146,True,102
211,4,"24 Sep 2010, 12:07:03.17",3.741669343354401,-0.0009794626921378,12.303711305969117,0.0004,0.0,2333.875,0.9963437517762594,86,B0055,G9,4,2,0.7548675449714907,1.0096015765455364,0.011201146841782823,-0.005547240768334749,0.3235484046866186,16,0.9239245095240146,True,102
213,4,"24 Sep 2010, 15:48:49.41",3.7481332279402633,0.0003343630992994,10.797181346314025,0.0004,0.0,2317.453,1.0053777381419529,87,B0055,G9,4,2,0.7617120332287004,1.0064993339730666,0.0092760337170542,-0.0031022425724700044,0.3145144183209252,15,0.9239245095240146,True,102
215,4,"24 Sep 2010, 19:30:22.28",3.71827337764985,3.4457981778243805e-05,12.68341488872484,0.0006,0.0,2295.109,1.009132291002791,88,B0055,G9,4,2,0.7645566238586651,1.005105628984802,0.007893211399490284,-0.0013937049882646324,0.31075986546008716,14,0.9239245095240146,True,102
217,4,"24 Sep 2010, 23:11:34.28",3.733926575644994,0.0012454340786474,13.25061403947907,0.0004,0.0,2326.657,0.9984581240784204,89,B0055,G9,4,2,0.7564694730470595,1.0050397468983605,0.007960220572279698,-6.588208644144888e-05,0.32143403238445767,13,0.9239245095240146,True,102
221,4,"28 Sep 2010, 11:41:33.44",3.675752283255962,0.0019286316389317,16.19543596822423,0.0006,0.0,2479.297,1.0892389324114138,90,B0055,G9,4,2,0.8252484319100873,1.0197101674821674,0.03920841072387534,0.014670420583807076,0.23065322405146427,12,0.9239245095240146,True,102
225,4,"28 Sep 2010, 16:37:32.11",3.709867322289783,0.00048555198939,12.12260656453668,0.0004,0.001,2463.578,1.0793936031703524,91,B0055,G9,4,2,0.8177892397383227,1.036320137760986,0.04411877558153803,0.016609970278818588,0.24049855329252567,11,0.9239245095240146,True,102
227,4,"28 Sep 2010, 20:21:33.97",3.7466827157365383,0.0021399166713433,10.558110213266367,0.0004,0.0,2458.812,1.032614295314224,92,B0055,G9,4,2,0.7823474745705608,1.0417674491954403,0.04090782504605021,0.005447311434454249,0.28727786114865395,10,0.9239245095240146,True,102
229,4,"29 Sep 2010, 00:05:26.91",3.718123915137381,-0.0007041587903812,11.847491900795768,0.0004,0.0,2400.672,1.0498572649026638,93,B0055,G9,4,2,0.7954113976373123,1.049912443975415,0.03661450350640257,0.008144994779974591,0.2700348915602142,9,0.9239245095240146,True,102
231,4,"29 Sep 2010, 03:48:21.02",3.740451183370901,0.0014142882193779,10.44953322585914,0.0004,0.0,2396.407,1.0453902697248565,94,B0055,G9,4,2,0.7920270338800653,1.0592988731047022,0.023952375837147634,0.009386429129287222,0.27450188673802156,8,0.9239245095240146,True,102
233,4,"29 Sep 2010, 07:31:12.02",3.751058324882604,-0.0033148107852536,10.628065716948724,0.0004,0.0,2392.375,1.0001607736713514,95,B0055,G9,4,2,0.7577594644941591,1.0414832413566897,0.02876103793924857,-0.017815631748012484,0.3197313827915267,7,0.9239245095240146,True,102
237,4,"29 Sep 2010, 12:25:41.91",3.753765884802709,9.261544332981804e-07,9.920807014942312,0.0004,0.0,2373.687,1.0084094786878155,96,B0055,G9,4,2,0.7640089940303975,1.0272864164601823,0.02212305512296759,-0.014196824896507376,0.31148267777506256,6,0.9239245095240146,True,102
239,4,"29 Sep 2010, 16:08:13.42",3.72501233710937,0.0014284335400897,13.701798993688918,0.0006,0.0,2385.922,1.003655158082039,97,B0055,G9,4,2,0.7604069417093068,1.0214945890137452,0.024083407283336276,-0.005791827446437026,0.3162369983808391,5,0.9239245095240146,True,102
241,4,"29 Sep 2010, 19:50:59.78",3.738106917741277,0.000510123020468,10.756929261933127,0.0004,0.0,2345.0,1.028526967659532,98,B0055,G9,4,2,0.7792507612257028,1.0172285295651189,0.01919673588948171,-0.004266059448626347,0.29136518880334594,4,0.9239245095240146,True,102
243,4,"29 Sep 2010, 23:33:00.89",3.741678187831675,-0.0016619271795289,11.85682450230106,0.0004,0.0,2363.047000000006,0.9816844358987022,99,B0055,G9,4,2,0.7437610952469601,1.0044873627998878,0.016827589015419565,-0.012741166765230849,0.3382077205641758,3,0.9239245095240146,True,102
245,4,"30 Sep 2010, 03:15:20.44",3.726422245266804,-0.0014186870651565,11.542479351548607,0.0004,0.0,2316.687,1.0127121434171131,100,B0055,G9,4,2,0.7672688548517757,1.0069976367490403,0.016956497829024118,0.002510273949152353,0.3071800130457649,2,0.9239245095240146,True,102
249,4,"30 Sep 2010, 08:08:36.33",3.730793139053417,-0.0025574297218556,11.352412846989044,0.0006,0.0,2322.0,1.0201379996149256,101,B0055,G9,4,2,0.7728949631375561,1.0093433409344625,0.017980930679905673,0.002345704185422015,0.2997541568479525,1,0.9239245095240146,True,102
251,4,"30 Sep 2010, 11:50:17.69",3.7344836346481136,-0.0006865039441932,12.690525013140388,0.0006,0.0,2357.687,0.9907591663373164,102,B0055,G9,4,2,0.750636452748086,1.0067641425855178,0.01983059677077906,-0.0025791983489445113,0.32913299012556163,0,0.9239245095240146,True,102
1,4,"03 Sep 2010, 12:10:27.16",3.671783633503544,-0.0028104313493642,6.979378420245591,0.0004,0.0,2660.313,0.7852781208785192,1,B0056,G9,4,2,0.5841297845511307,0.7852781208785192,0.0,0.0,0.5590774344232176,101,0.9410488887112157,True,102
5,4,"03 Sep 2010, 17:08:51.66",3.709279874698766,0.0074926515555551,9.330827449461232,0.0004,0.0,2826.0,1.3443555553017368,2,B0056,G9,4,2,1.0,1.064816838090128,0.3953274450890345,0.0,0.0,100,0.9410488887112157,True,102
7,4,"03 Sep 2010, 20:58:26.28",3.718689185993857,8.585699083168173e-05,9.800441118959792,0.0004,0.0,2818.578,1.317502710734752,3,B0056,G9,4,2,0.980025489193625,1.1490454623050026,0.31531774106717103,0.0,0.02685284456698489,99,0.9410488887112157,True,102
9,4,"04 Sep 2010, 00:47:52.69",3.720169789777077,0.0016805516807301,9.316437932634477,0.0004,0.0,2713.812,1.2973654679476911,4,B0056,G9,4,2,0.9650463843670443,1.1861254637156748,0.26792391564198,0.0,0.04699008735404564,98,0.9410488887112157,True,102
11,4,"04 Sep 2010, 04:35:34.64",3.727981034535518,-0.0019566599663055,9.170724631466866,0.0004,0.0,2786.578,1.263960414854898,5,B0056,G9,4,2,0.9401980077890969,1.2016924539435194,0.2346253915360977,0.0,0.08039514044683882,97,0.9410488887112157,True,102
13,4,"04 Sep 2010, 08:24:28.61",3.725639098946072,0.0023515926202476,9.160351334749423,0.0004,0.0,2667.89,1.2589496187032136,6,B0056,G9,4,2,0.9364707228964037,1.2964267535084582,0.036058445536103476,0.09473429956493888,0.08540593659852314,96,0.9410488887112157,True,102
17,4,"04 Sep 2010, 13:22:53.12",3.7103196082368792,-0.0023522185783469,10.066275822851807,0.0004,0.0,2530.172,1.28061976902026,7,B0056,G9,4,2,0.9525900822664646,1.283679596252163,0.024192388289541192,-0.012747157256295338,0.06373578628147669,95,0.9410488887112157,True,102
19,4,"04 Sep 2010, 17:07:33.06",3.705172685695933,-0.0025471421184597,10.931775296639792,0.0004,0.0,2446.062,1.2572786868607095,8,B0056,G9,4,2,0.9352277988530474,1.2716347914773545,0.01709316338251127,-0.01204480477480847,0.08707686844102724,94,0.9410488887112157,True,102
21,4,"04 Sep 2010, 20:50:47.98",3.73296955580865,-0.0014630236911462,8.705742316090099,0.0004,0.0,2713.25,1.2226260041048898,9,B0056,G9,4,2,0.909451371910666,1.2566868987087942,0.02116188185559907,-0.014947892768560279,0.12172955119684703,93,0.9410488887112157,True,102
23,4,"05 Sep 2010, 00:38:30.42",3.730901565368207,-0.0018005868626446,7.102105239796314,0.0004,0.0,2676.578,1.2292772249257495,10,B0056,G9,4,2,0.9143988880604148,1.2497502607229645,0.023712351326441457,-0.006936637985829686,0.11507833037598725,92,0.9410488887112157,True,102
25,4,"05 Sep 2010, 04:25:36.52",3.708962560004869,-0.0018024373838256,11.009512273500096,0.0004,0.0,2394.734,1.2275780135689456,11,B0056,G9,4,2,0.9131349282767826,1.2434759396961108,0.024795399051963308,-0.006274321026853613,0.1167775417327912,91,0.9410488887112157,True,102
29,4,"05 Sep 2010, 09:19:29.80",3.7325974256008063,-0.0011075485319468,9.15381479310674,0.0006,0.0,2673.0,1.2133872888296768,12,B0056,G9,4,2,0.9025791458550082,1.2300294436579944,0.01643828482666022,-0.013446496038116651,0.13096826647205995,90,0.9410488887112157,True,102
31,4,"05 Sep 2010, 13:06:35.67",3.72799251995928,0.0010639389688128,9.052990181841858,0.0004,0.0,2619.578,1.230223614493081,13,B0056,G9,4,2,0.9151028607286565,1.2246184291844684,0.006928020842899267,-0.005411014473525722,0.11413194080865585,89,0.9410488887112157,True,102
33,4,"05 Sep 2010, 16:52:47.41",3.7356191691109135,-0.0012613746153898,8.988454814728922,0.0004,0.0,2640.016,1.1927530108462678,14,B0056,G9,4,2,0.8872303209834677,1.218643830532744,0.016007387935914646,-0.005974598651724383,0.15160254445546895,88,0.9410488887112157,True,102
35,4,"05 Sep 2010, 20:39:20.33",3.736038458248901,-0.0006385056875744,9.251038723855556,0.0004,0.0,2621.187,1.18671066359878,15,B0056,G9,4,2,0.8827357159486177,1.21013051826735,0.01980670037890063,-0.008513312265393891,0.1576448917029567,87,0.9410488887112157,True,102
37,4,"06 Sep 2010, 00:25:33.42",3.734589764799977,0.0002642760373437,9.611814945049025,0.0004,0.0,2616.453,1.1914875140242167,16,B0056,G9,4,2,0.8862889801179055,1.2029124183584046,0.01838384619054782,-0.007218099908945774,0.15286804127752007,86,0.9410488887112157,True,102
41,4,"06 Sep 2010, 05:23:13.75",3.728266453369393,-0.0014299804419078,8.558652649363742,0.0004,0.0,2565.109,1.214178606017816,17,B0056,G9,4,2,0.9031677678047731,1.2030706817960322,0.018499608370446452,0.0001582634376278147,0.13017694928392087,85,0.9410488887112157,True,102
43,4,"06 Sep 2010, 09:08:34.20",3.727685097831973,0.0007086110832558,9.07111209963233,0.0004,0.0,2532.531,1.2094387558721402,18,B0056,G9,4,2,0.8996420263244161,1.198913710071844,0.012101762095346176,-0.004156971724188141,0.13491679942959656,84,0.9410488887112157,True,102
45,4,"06 Sep 2010, 12:53:22.31",3.728487153084364,-0.0008384869449721,9.32638631384332,0.0004,0.0,2556.593,1.207072299940321,19,B0056,G9,4,2,0.8978817361076751,1.2017775678906548,0.011972996167538915,0.002863857818810622,0.13728325536141583,83,0.9410488887112157,True,102
47,4,"06 Sep 2010, 16:38:35.38",3.737342176337145,-0.0036393080125443,8.982952468885836,0.0004,0.0,2577.891,1.162961249391913,20,B0056,G9,4,2,0.8650696944015601,1.1970276850492814,0.0208584430790807,-0.00474988284137341,0.18139430590982375,82,0.9410488887112157,True,102
49,4,"06 Sep 2010, 20:24:10.25",3.734891294521226,-0.0033962337737487,8.351477332513634,0.0004,0.0,2572.36,1.17887968705904,21,B0056,G9,4,2,0.8769106375243443,1.194506119656246,0.02240068897736787,-0.0025215653930353633,0.1654758682426969,81,0.9410488887112157,True,102
53,4,"09 Sep 2010, 16:02:55.59",3.7119688758406415,0.0003508592171047,9.72831290946314,0.0004,0.0,2697.75,1.2945104146044433,22,B0056,G9,4,2,0.9629226505586865,1.2105724813735714,0.05081922830219678,0.01606636171732547,0.04984514069729351,80,0.9410488887112157,True,102
57,4,"09 Sep 2010, 21:02:00.11",3.7207087119096944,-0.0003740156959831,9.349123339116415,0.0006,0.0,2683.406,1.2602567563003473,23,B0056,G9,4,2,0.9374430382872083,1.2207360814592128,0.05541011610912252,0.01016360008564141,0.0840987990013895,79,0.9410488887112157,True,102
59,4,"10 Sep 2010, 00:49:20.09",3.7235872103480734,0.0001202512032961,9.195512716878616,0.0004,0.0,2646.156,1.2408721291565108,24,B0056,G9,4,2,0.9230237672339596,1.2274960473024508,0.05538817488726465,0.00675996584323797,0.10348342614522599,78,0.9410488887112157,True,102
61,4,"10 Sep 2010, 04:36:05.55",3.719377739397832,-0.001441344211762,9.502994044775273,0.0006,0.0,2593.531,1.252197340273113,25,B0056,G9,4,2,0.9314480349598145,1.245343265478691,0.0422024804344655,0.01784721817624,0.09215821502862376,77,0.9410488887112157,True,102
63,4,"10 Sep 2010, 08:21:56.95",3.7239808564285215,-0.0017467211142539,8.333008560970923,0.0004,0.0,2604.125,1.2279025700477384,26,B0056,G9,4,2,0.9133763498839703,1.2551478420764304,0.025151140176695633,0.0098045765977397,0.11645298525399839,76,0.9410488887112157,True,102
65,4,"10 Sep 2010, 12:07:58.58",3.731135383865925,-0.0012607597162883,9.393513828673402,0.0004,0.0,2588.594,1.1917170308946994,27,B0056,G9,4,2,0.8864597064332597,1.2345891653344818,0.026884378145127678,-0.020558676741948778,0.1526385244070374,75,0.9410488887112157,True,102
69,4,"10 Sep 2010, 17:05:18.03",3.731474701445015,0.0003706683111192,9.261819149672917,0.0006,0.0,2579.203,1.1858570240011006,28,B0056,G9,4,2,0.8821007354225857,1.2197092188746326,0.029580447481007896,-0.014879946459849335,0.15849853130063618,74,0.9410488887112157,True,102
71,4,"10 Sep 2010, 20:50:57.92",3.731094129348139,-0.0001596404972567,9.164499439876504,0.0006,0.0,2555.453,1.1840938286611429,29,B0056,G9,4,2,0.8807891810997697,1.208353558775559,0.030314368126923508,-0.011355660099073583,0.1602617266405939,73,0.9410488887112157,True,102
73,4,"11 Sep 2010, 00:36:11.41",3.725781425176468,-0.0008973056414719,7.643559878904458,0.0006,0.0,2525.609,1.2059829135917657,30,B0056,G9,4,2,0.8970713951645674,1.1991106734392893,0.018248505388275063,-0.009242885336269468,0.1383726417099711,72,0.9410488887112157,True,102
75,4,"11 Sep 2010, 04:20:54.62",3.733921900426747,-0.0016556644348563,9.154063602763852,0.0004,0.0,2536.172,1.165428493679393,31,B0056,G9,4,2,0.8669049561206417,1.1866158581656205,0.014636817234925494,-0.01249481527366907,0.17892706162234373,71,0.9410488887112157,True,102
77,4,"11 Sep 2010, 08:05:50.88",3.7310215458818368,-0.0013917454935998,10.010219995308503,0.0004,0.0,2536.204,1.1790060613193858,32,B0056,G9,4,2,0.8770046411232044,1.1840736642505576,0.014633172677128242,-0.002542193915062718,0.165349493982351,70,0.9410488887112157,True,102
81,4,"11 Sep 2010, 13:02:19.55",3.72403908153358,-0.0003118641139569,9.632902203772282,0.0004,0.0,2488.86,1.2013113747183153,33,B0056,G9,4,2,0.8935964670809757,1.1871645343940007,0.01660353779580461,0.0030908701434429363,0.1430441805834215,69,0.9410488887112157,True,102
83,4,"11 Sep 2010, 16:46:28.44",3.732825591689637,0.0008255307584916,9.71030553234269,0.0004,0.0,2518.547,1.165597803317432,34,B0056,G9,4,2,0.8670308972359747,1.1834653293252582,0.019300155014112273,-0.003699205068742195,0.17875775198430488,68,0.9410488887112157,True,102
85,4,"11 Sep 2010, 20:31:10.02",3.728267855045104,-0.0001561268798292,9.459484297681978,0.0004,0.0,2485.766,1.180303335055002,35,B0056,G9,4,2,0.8779696192724002,1.1783294136179057,0.014671847106582986,-0.005135915707352723,0.16405222024673471,67,0.9410488887112157,True,102
87,4,"12 Sep 2010, 00:15:17.88",3.7322188781710186,0.0026408702150391,10.061580957889094,0.0004,0.0,2506.718,1.1658134189695046,36,B0056,G9,4,2,0.8671912831184315,1.178406398675928,0.01458800143404577,7.698505802231637e-05,0.17854213633223215,66,0.9410488887112157,True,102
89,4,"12 Sep 2010, 03:59:48.27",3.727854983672062,-0.0011920925447079,9.474936809618884,0.0004,0.0,2459.297,1.176396051577376,37,B0056,G9,4,2,0.8750631832018109,1.1778843967275259,0.01460786272319558,-0.0005220019484019733,0.16795950372436086,65,0.9410488887112157,True,102
93,4,"12 Sep 2010, 08:55:06.67",3.735350074753088,-0.0005299507492427,9.378738966829555,0.0006,0.0,2488.734,1.1458325512940766,38,B0056,G9,4,2,0.852328498048939,1.1667886320426781,0.013383535982319695,-0.011095764684847742,0.1985230040076602,64,0.9410488887112157,True,102
95,4,"12 Sep 2010, 12:39:18.22",3.730529887503783,0.0002638452241351,10.311264180063066,0.0004,0.0,2491.375,1.167557759980296,39,B0056,G9,4,2,0.8684888126327867,1.1671806233752509,0.01336863250549279,0.00039199133257281635,0.1767977953214408,63,0.9410488887112157,True,102
97,4,"12 Sep 2010, 16:23:34.70",3.7343541132020888,-0.0012879097851184,9.22405152324884,0.0004,0.0,2467.328,1.145636654711916,40,B0056,G9,4,2,0.8521827802130673,1.1602472873066338,0.013842530648355588,-0.006933336068617235,0.1987189005898209,62,0.9410488887112157,True,102
99,4,"12 Sep 2010, 20:07:24.77",3.73487544538074,-0.0003611169624502,9.918029180973187,0.0004,0.0,2466.125,1.1443667002824445,41,B0056,G9,4,2,0.851238123552511,1.1559579435692218,0.014963969168127977,-0.004289343737412033,0.1999888550192923,61,0.9410488887112157,True,102
101,4,"12 Sep 2010, 23:51:17.06",3.730843252405711,-0.0025122545368214,7.8620750203245615,0.0004,0.0,2459.312999999994,1.1605177686388095,42,B0056,G9,4,2,0.8632521092073254,1.1527822869815085,0.010586940834768948,-0.0031756565877132823,0.18383778666292727,60,0.9410488887112157,True,102
105,4,"14 Sep 2010, 12:06:05.30",3.717687353637739,0.000146059663928,10.334775754241296,0.0004,0.0,2559.125,1.227201304260248,43,B0056,G9,4,2,0.9128547127436136,1.1690560375747427,0.03396339860684476,0.016273750593234305,0.11715425104148869,59,0.9410488887112157,True,102
109,4,"14 Sep 2010, 17:03:04.92",3.715779403486061,-0.006896107031869,9.237524843514793,0.0004,0.0,2534.156,1.2454797202045476,44,B0056,G9,4,2,0.9264511276743326,1.1846404296195931,0.04805730390279589,0.015584392044850315,0.09887583509718922,58,0.9410488887112157,True,102
111,4,"14 Sep 2010, 20:48:06.97",3.730018605305171,-0.0001321602370138,9.520402426818388,0.0004,0.0,2521.985,1.1722288849037228,45,B0056,G9,4,2,0.8719634327993083,1.1899588756579544,0.04395833390124441,0.005318446038361379,0.172126670398014,57,0.9410488887112157,True,102
113,4,"15 Sep 2010, 00:32:54.45",3.723724373311124,-0.0040378420608141,10.408504403009848,0.0004,0.0,2503.172,1.1953514999944956,46,B0056,G9,4,2,0.8891632093015768,1.2001558356003648,0.0359161678736795,0.010196959942410233,0.14900405530724115,56,0.9410488887112157,True,102
115,4,"15 Sep 2010, 04:17:21.78",3.723793738705361,-0.0019111099576602,7.974128123719359,0.0004,0.0,2474.344,1.1919514716203925,47,B0056,G9,4,2,0.886634095362415,1.2064425761966813,0.029404099026162665,0.0062867405963165975,0.15240408368134428,55,0.9410488887112157,True,102
117,4,"17 Sep 2010, 15:17:48.77",3.652843408238661,-0.0005828191778012,11.421418915251108,0.0004,0.0,2349.64,1.2296223665252586,48,B0056,G9,4,2,0.9146556219267999,1.2069267886496835,0.029847988787031324,0.00048421245300209745,0.1147331887764782,54,0.9410488887112157,True,102
121,4,"17 Sep 2010, 20:11:19.80",3.708027041699333,-0.0011643907775453,9.778253907991934,0.0004,0.0,2560.688,1.2774519419396988,49,B0056,G9,4,2,0.9502336914529864,1.2133212329967136,0.04137219434926287,0.006394444347030248,0.06690361336203798,53,0.9410488887112157,True,102
123,4,"17 Sep 2010, 23:56:44.39",3.714423432094828,-0.0004178489621652,9.996287261435649,0.0004,0.0,2522.375,1.2433879751668584,50,B0056,G9,4,2,0.9248951813850939,1.2275530510493409,0.03552934895479928,0.014231818052627122,0.10096758013487839,52,0.9410488887112157,True,102
125,4,"18 Sep 2010, 03:41:26.69",3.7151427146422455,-0.0026649080283453,9.82344847946544,0.0006,0.0,2488.719,1.230802542912592,51,B0056,G9,4,2,0.9155334971159038,1.2346432596329602,0.030706687247417763,0.007090208583619262,0.11355301238914484,51,0.9410488887112157,True,102
127,4,"18 Sep 2010, 07:25:38.64",3.717701993541554,-0.0001658143415903,9.698027752557405,0.0004,0.0,2474.844,1.2162358534094664,52,B0056,G9,4,2,0.9046980529912607,1.2395001359907747,0.02329109361555437,0.0048568763578147765,0.1281197018922704,50,0.9410488887112157,True,102
129,4,"18 Sep 2010, 11:09:35.66",3.719543158671633,0.0002817537927396,8.77748329269033,0.0004,0.0,2473.875,1.2088335726499548,53,B0056,G9,4,2,0.8991918602803226,1.2353423772157142,0.02704779637326661,-0.004157758775060749,0.13552198265178195,49,0.9410488887112157,True,102
133,4,"18 Sep 2010, 16:05:06.28",3.722238972383157,-0.0016385534030949,10.754017145085394,0.0004,0.0,2495.5,1.1946181162240357,54,B0056,G9,4,2,0.8886176811728256,1.2187756120725814,0.01896901822798983,-0.01656676514313262,0.1497374390777011,48,0.9410488887112157,True,102
135,4,"18 Sep 2010, 19:49:23.33",3.726345531314525,9.203457404912554e-06,10.298564591350436,0.0006,0.0,2481.078,1.1734248134794991,55,B0056,G9,4,2,0.8728530252669111,1.2047829797351095,0.021858935972634004,-0.013992632337471856,0.17093074182223766,47,0.9410488887112157,True,102
137,4,"18 Sep 2010, 23:33:26.12",3.732952351973939,-0.0013070380817617,9.337810386452896,0.0004,0.0,2460.125,1.1404596305913128,56,B0056,G9,4,2,0.8483318465071839,1.1867143972708536,0.030575151443667247,-0.01806858246425582,0.20389592471042395,46,0.9410488887112157,True,102
139,4,"19 Sep 2010, 03:17:11.31",3.723151105799946,-0.0025277456814415,8.371273627082438,0.0004,0.0,2440.547,1.1821716406845988,57,B0056,G9,4,2,0.8793593599717477,1.1799015547258802,0.025770165358208988,-0.006812842544973519,0.162183914617138,45,0.9410488887112157,True,102
141,4,"19 Sep 2010, 07:00:37.45",3.730619498251405,-0.0011292860877951,10.104836590480229,0.0004,0.0,2449.922,1.1480663382055174,58,B0056,G9,4,2,0.8539901023043247,1.1677481078369927,0.02288172679067406,-0.012153446888887486,0.19628921709621938,44,0.9410488887112157,True,102
145,4,"19 Sep 2010, 11:55:48.48",3.7211728776736224,0.0007999967666837,9.59017218119869,0.0004,0.0,2408.781,1.1825381935034152,59,B0056,G9,4,2,0.8796320205914556,1.1653321232928686,0.01976017497648582,-0.0024159845441241055,0.16181736179832162,43,0.9410488887112157,True,102
147,4,"19 Sep 2010, 15:38:44.77",3.728289796110704,-0.000560522601313,10.440569097624424,0.0006,0.0,2442.547,1.15520928628466,60,B0056,G9,4,2,0.8593033901848804,1.161689017853901,0.019573433327128437,-0.003643105438967842,0.18914626901707687,42,0.9410488887112157,True,102
149,4,"19 Sep 2010, 19:22:11.66",3.735157714835833,-0.0031553860904359,9.37961912430399,0.0006,0.0,2420.671,1.1216816712671696,61,B0056,G9,4,2,0.8343638458171219,1.1579334259890721,0.025553158879756285,-0.0037555918648286557,0.22267388403456723,41,0.9410488887112157,True,102
151,4,"19 Sep 2010, 23:05:17.44",3.7249647423275767,-0.000726299453587,8.857415653911154,0.0004,0.0,2409.906,1.162666262561457,62,B0056,G9,4,2,0.8648502682019266,1.1540323503644438,0.022196128323344,-0.0039010756246283585,0.18168929274027978,40,0.9410488887112157,True,102
153,4,"20 Sep 2010, 02:48:11.61",3.734163172575586,-7.428176715674122e-05,9.875523132307826,0.0004,0.0,2416.672,1.124695615744926,63,B0056,G9,4,2,0.8366057709282804,1.1493582058723255,0.025915656530247393,-0.004674144492118293,0.21965993955681085,39,0.9410488887112157,True,102
157,4,"20 Sep 2010, 07:42:50.20",3.7233699833550817,0.0013386345196939,8.368492181823898,0.0004,0.0,2395.75,1.1664177948797931,64,B0056,G9,4,2,0.8676408486428979,1.1461341261476012,0.021357841423717175,-0.0032240797247244045,0.17793776042194365,38,0.9410488887112157,True,102
159,4,"20 Sep 2010, 11:25:31.16",3.730994877236601,0.0005145699571793,10.342622917854936,0.0006,0.0,2410.688,1.1346745156379463,65,B0056,G9,4,2,0.8440285839286555,1.1420271720182584,0.02114981289243326,-0.004106954129342722,0.20968103966379048,37,0.9410488887112157,True,102
161,4,"20 Sep 2010, 15:08:29.70",3.7391315499468414,-0.0041017451984222,9.407430851977193,0.0004,0.0,2402.125,1.1012231317092755,66,B0056,G9,4,2,0.8191457441198353,1.1379354641066797,0.027187213346056414,-0.004091707911578801,0.24313242359246123,36,0.9410488887112157,True,102
163,4,"20 Sep 2010, 18:51:21.78",3.723708340847479,-0.005069739675783,9.73490110151925,0.0004,0.0,2355.265,1.1560733948472832,67,B0056,G9,4,2,0.8599461580592092,1.1366168905638447,0.025813064698407866,-0.0013185735428347556,0.18828216045445356,35,0.9410488887112157,True,102
165,4,"20 Sep 2010, 22:33:25.11",3.729009324053548,-0.0019353225386249,10.798055936120855,0.0004,0.0,2396.719,1.1385609898764002,68,B0056,G9,4,2,0.8469195410293473,1.1393899653901398,0.02494228460548705,0.0027730748262948524,0.20579456542533658,34,0.9410488887112157,True,102
169,4,"21 Sep 2010, 16:21:05.19",3.721430364418362,-0.0030927483742705,10.714475014420202,0.0004,0.0,2442.344,1.1757265448773706,69,B0056,G9,4,2,0.8745651700851432,1.141251715389655,0.027663076121298556,0.001861749999515494,0.16862901042436618,33,0.9410488887112157,True,102
173,4,"21 Sep 2010, 21:16:13.53",3.7182507182632287,-0.0007477275399905,9.170887093082715,0.0004,0.0,2444.703,1.1969385632452556,70,B0056,G9,4,2,0.8903437476230803,1.153704524911117,0.03654923482304631,0.01245280952146186,0.14741699205648118,32,0.9410488887112157,True,102
175,4,"22 Sep 2010, 00:59:48.89",3.732470406535076,-0.0015753020498316,9.743711959339423,0.0006,0.0,2412.25,1.1267457988726266,71,B0056,G9,4,2,0.8381308013561425,1.1588090583437871,0.02822047675884704,0.005104533432670211,0.21760975642911018,31,0.9410488887112157,True,102
177,4,"22 Sep 2010, 04:42:50.28",3.723845829416583,-0.0018702438333928,11.072815360372273,0.0004,0.0,2403.234,1.1601031368559531,72,B0056,G9,4,2,0.8629436850101544,1.1596150067455213,0.028180331147294693,0.0008059484017339802,0.18425241844578366,30,0.9410488887112157,True,102
179,4,"22 Sep 2010, 08:25:42.58",3.7276663664025422,-0.0005621954079311,9.77058498392388,0.0004,0.0,2361.047,1.1361458729690277,73,B0056,G9,4,2,0.8451230543053939,1.1591319833640468,0.028648238646744133,-0.0004830233814745011,0.2082096823327091,29,0.9410488887112157,True,102
181,4,"22 Sep 2010, 12:07:52.00",3.7282105248759247,0.0007979519555628,10.824727113958458,0.0004,0.0,2392.468,1.1397253894261876,74,B0056,G9,4,2,0.8477856806046965,1.1519317522738102,0.027950429728041425,-0.007200231090236597,0.20463016587554916,28,0.9410488887112157,True,102
185,4,"22 Sep 2010, 17:02:11.86",3.723425746015751,0.0016592389529662,8.775684847110169,0.0006,0.0,2373.89,1.1560010024767575,75,B0056,G9,4,2,0.8598923089340724,1.1437442401201106,0.013970281627339435,-0.008187512153699616,0.18835455282497926,27,0.9410488887112157,True,102
187,4,"22 Sep 2010, 20:44:38.69",3.73065316472039,-0.0043914724465924,10.48187405882341,0.0006,0.0,2383.234,1.126818619026835,76,B0056,G9,4,2,0.8381849686885281,1.1437588041509523,0.013948150943608142,1.4564030841679454e-05,0.21753693627490178,26,0.9410488887112157,True,102
189,4,"23 Sep 2010, 00:27:12.94",3.7308553676124943,-0.0018532358928932,9.567071917968304,0.0004,0.0,2342.453,1.116688355680394,77,B0056,G9,4,2,0.8306495638572018,1.1350758479158403,0.014721642086600465,-0.008682956235111838,0.22766719962134285,25,0.9410488887112157,True,102
191,4,"23 Sep 2010, 04:09:08.97",3.7272769212866232,0.0001158242768655,10.981098445424134,0.0004,0.0,2359.296,1.1330613197666846,78,B0056,G9,4,2,0.8428286068356167,1.1344589372753717,0.014730219442200675,-0.0006169106404686264,0.21129423553505222,24,0.9410488887112157,True,102
193,4,"23 Sep 2010, 07:51:17.22",3.737948205848208,-0.0013258184916532,9.330616156764004,0.0004,0.001,2345.453,1.0893839897995972,79,B0056,G9,4,2,0.8103391885453161,1.1243906573500535,0.02431605193938684,-0.01006827992531809,0.2549715655021396,23,0.9410488887112157,True,102
197,4,"23 Sep 2010, 12:44:52.05",3.7330464101415273,-0.0006964369065267,10.39676415277197,0.0004,0.0,2360.172,1.112083645925937,80,B0056,G9,4,2,0.827224346669459,1.1156071860398895,0.01681950725762757,-0.008783471310164126,0.2322719093757999,22,0.9410488887112157,True,102
199,4,"23 Sep 2010, 16:27:06.73",3.72645378255667,-0.001218325593839,9.960650588558732,0.0004,0.0,2315.407,1.1279950254648337,81,B0056,G9,4,2,0.8390600395976779,1.1158424673274892,0.01702255009636849,0.00023528128759973122,0.21636052983690313,21,0.9410488887112157,True,102
201,4,"23 Sep 2010, 20:08:35.11",3.724711794263523,-0.0019936131761836,9.703470884992797,0.0004,0.0,2322.156,1.1386774565024178,82,B0056,G9,4,2,0.8470061748261567,1.120240287491894,0.01989400625599806,0.004397820164404776,0.20567809879931898,20,0.9410488887112157,True,102
203,4,"23 Sep 2010, 23:50:11.27",3.7274501809971774,0.0003282235019915,8.674263087694184,0.0004,0.0,2327.1570000000065,1.1271136962200643,83,B0056,G9,4,2,0.8384044621045857,1.1190507627825699,0.019097617478612182,-0.0011895247093240524,0.21724185908167248,19,0.9410488887112157,True,102
205,4,"24 Sep 2010, 03:31:49.97",3.731282246754465,0.0031192335725896,10.623160253082132,0.0004,0.0,2335.0,1.110150886965375,84,B0056,G9,4,2,0.8257866623061669,1.1232041422157255,0.011955265996591115,0.004153379433155547,0.2342046683363619,18,0.9410488887112157,True,102
209,4,"24 Sep 2010, 08:25:18.52",3.725646434516687,0.0023584820069415,8.45977705643254,0.0006,0.0,2329.375,1.1344632260422465,85,B0056,G9,4,2,0.8438714159868365,1.1276800582389874,0.010893185367948153,0.004475916023261917,0.2098923292594903,17,0.9410488887112157,True,102
211,4,"24 Sep 2010, 12:07:03.17",3.731479392866109,-0.0005871577725973,10.615668970039687,0.0004,0.0,2333.875,1.108458756302863,86,B0056,G9,4,2,0.8245279695028839,1.123772804406593,0.013853447504632715,-0.003907253832394142,0.23589679899887384,16,0.9410488887112157,True,102
213,4,"24 Sep 2010, 15:48:49.41",3.738844204683683,-7.472872237867071e-05,9.37479835165703,0.0004,0.0,2317.453,1.0768220870214844,87,B0056,G9,4,2,0.800995006696569,1.1114017305104067,0.022274850690906917,-0.01237107389618668,0.2675334682802524,15,0.9410488887112157,True,102
215,4,"24 Sep 2010, 19:30:22.28",3.725089415398127,-0.0016054367586385,8.654066180500264,0.0004,0.0,2295.109,1.128398212919817,88,B0056,G9,4,2,0.8393599509220246,1.1116586338503571,0.022507556755511728,0.0002569033399505205,0.21595734238191988,14,0.9410488887112157,True,102
217,4,"24 Sep 2010, 23:11:34.28",3.731518233949972,-0.0001408822029506,10.770583651387954,0.0006,0.0,2326.657,1.1066350346531368,89,B0056,G9,4,2,0.8231713926341129,1.1109554633879095,0.022621071201090245,-0.0007031704624476109,0.23772052064859994,13,0.9410488887112157,True,102
221,4,"28 Sep 2010, 11:41:33.44",3.68885632123795,0.0012008011826399,11.165172681342254,0.0004,0.0,2479.297,1.271609072217319,90,B0056,G9,4,2,0.9458874679414033,1.138384632622924,0.07671704821847604,0.027429169235014504,0.07274648308441778,12,0.9410488887112157,True,102
225,4,"28 Sep 2010, 16:37:32.11",3.7072174847735866,0.0007453430253808,9.329227769437072,0.0006,0.0,2463.578,1.2415767175377967,91,B0056,G9,4,2,0.9235478758884798,1.1650082248699107,0.0862423792927662,0.02662359224698676,0.10277883776394003,11,0.9410488887112157,True,102
227,4,"28 Sep 2010, 20:21:33.97",3.722435108023292,-0.0004680675828346,10.36051125103604,0.0006,0.0,2458.812,1.174652904422814,92,B0056,G9,4,2,0.8737665417384067,1.1845743883501767,0.07098070708418473,0.01956616348026592,0.16970265087892278,10,0.9410488887112157,True,102
229,4,"29 Sep 2010, 00:05:26.91",3.7143904789491087,0.0013723347974332,9.809844553293193,0.0004,0.0,2400.672,1.1989389885187762,93,B0056,G9,4,2,0.8918317656296498,1.1986825434699686,0.06365615044966955,0.014108155119791865,0.14541656678296055,9,0.9410488887112157,True,102
231,4,"29 Sep 2010, 03:48:21.02",3.7258277601644023,0.0001947756934875,9.65494219797556,0.0004,0.0,2396.407,1.1461398965188565,94,B0056,G9,4,2,0.852557117050488,1.2065835158431124,0.050458599384352626,0.007900972373143933,0.19821565878288028,8,0.9410488887112157,True,102
233,4,"29 Sep 2010, 07:31:12.02",3.729532804221952,-0.0007185462701713,10.163737108408698,0.0004,0.0,2392.375,1.129224378671885,95,B0056,G9,4,2,0.8399744950051058,1.1781065771340256,0.044400771215764905,-0.028476938709086807,0.21513117662985182,7,0.9410488887112157,True,102
237,4,"29 Sep 2010, 12:25:41.91",3.732580093385029,-0.001933897612497,9.693802193105183,0.0004,0.0,2373.687,1.1103432888019913,96,B0056,G9,4,2,0.8259297805726535,1.1518598913868645,0.03537186698975548,-0.026246685747161092,0.2340122664997455,6,0.9410488887112157,True,102
239,4,"29 Sep 2010, 16:08:13.42",3.723296728735136,-0.001941731363346,11.219544124295991,0.0004,0.0,2385.922,1.153909472897475,97,B0056,G9,4,2,0.8583365229137491,1.1477112050817968,0.03317867254798716,-0.004148686305067794,0.19044608240426175,5,0.9410488887112157,True,102
241,4,"29 Sep 2010, 19:50:59.78",3.726863068787394,0.0021626986996441,9.85226741954784,0.0004,0.0,2345.0,1.1302191455340138,98,B0056,G9,4,2,0.8407144531643932,1.1339672364848443,0.016885646534655765,-0.013743968596952483,0.21413640976772297,4,0.9410488887112157,True,102
243,4,"29 Sep 2010, 23:33:00.89",3.728535291320608,0.0009499358876366,10.63441096834456,0.0004,0.0,2363.047000000006,1.1258719408034097,99,B0056,G9,4,2,0.8374807813032104,1.1299136453417549,0.015618117601546124,-0.004053591143089364,0.2184836144983271,3,0.9410488887112157,True,102
245,4,"30 Sep 2010, 03:15:20.44",3.722208478968039,-0.0002060061190192,9.887345589922791,0.0004,0.0,2316.687,1.1430108283920968,100,B0056,G9,4,2,0.8502295571170911,1.132670935285797,0.01664895091137329,0.0027572899440423625,0.20134472690964,2,0.9410488887112157,True,102
249,4,"30 Sep 2010, 08:08:36.33",3.723546348831757,0.0018585140614585,10.070474298597954,0.0004,0.0,2322.0,1.1372731775310292,101,B0056,G9,4,2,0.8459616007431691,1.138056913031605,0.011026823211872417,0.00538597774580758,0.2070823777707076,1,0.9410488887112157,True,102
251,4,"30 Sep 2010, 11:50:17.69",3.72725621126106,-0.0009885367657073,10.855559356648286,0.0004,0.0,2357.687,1.1290590137779504,102,B0056,G9,4,2,0.8398514881909617,1.1330868212077,0.006937448983078414,-0.0049700918239049315,0.2152965415237864,0,0.9410488887112157,True,102
