shipment_seq,shipment_id,supplier_id,material,region,lead_time_days,unit_price,reject_rate_pct,order_volume_units,days_since_last_audit,single_sourced,geopolitical_risk,supplier_concentration_pct,is_anomaly,anomaly_type,reject_rate_trend,price_trend,lead_time_deviation_pct,price_deviation_pct,volume_deviation_pct,risk_score,flagged
0,ALUM-SUP1-001,ALUM-SUP1,Battery-Grade Aluminium,India,21.845050471621253,2564.2321826796715,2.1716824023582486,1005.1651714447315,88.34466512189859,0,0.15,17.11111492734947,0,none,0.0,0.0,14.230951495116205,-1.3756852815510963,0.5165171444731527,0.07431379270358984,0
1,ALUM-SUP1-002,ALUM-SUP1,Battery-Grade Aluminium,India,19.61447454223259,2677.644172321086,1.8475281615332062,1062.329106625197,103.49704010368305,0,0.15,17.11111492734947,0,none,0.0,0.0,2.5669449904308483,2.9863143200417688,6.232910662519703,0.06315629260168643,0
2,ALUM-SUP1-003,ALUM-SUP1,Battery-Grade Aluminium,India,18.67828870176543,2774.3045569331302,1.0345131459410875,1000.4307642343159,105.78539633635111,0,0.15,17.11111492734947,0,none,0.0,0.0,-2.328507161155857,6.704021420505009,0.04307642343159159,0.08540603797459723,0
3,ALUM-SUP1-004,ALUM-SUP1,Battery-Grade Aluminium,India,53.52737548748995,4543.582406889472,1.6453547912838318,983.1157414797034,56.83482259910304,0,0.15,17.11111492734947,1,price_spike_late_delivery,-0.1754425370248056,659.7834080699334,179.90244476274464,74.7531694957489,-1.6884258520296611,0.8316016881456659,1
4,ALUM-SUP1-005,ALUM-SUP1,Battery-Grade Aluminium,India,19.14185008788631,2499.848554694256,0.6207887572645874,1013.6873320689385,36.98687572904667,0,0.15,17.11111492734947,0,none,-0.4089131347562063,-59.26520587560996,0.09552286256846272,-3.851978665605534,1.3687332068938531,0.0675857459854281,0
5,ALUM-SUP1-006,ALUM-SUP1,Battery-Grade Aluminium,India,20.13081805058085,2651.612534338792,0.5216871280187326,863.8983072092531,15.164877073012208,0,0.15,17.11111492734947,0,none,-0.17094200597411827,-40.89734086477938,5.266980421045755,1.985097474568927,-13.610169279074693,0.11601031569013187,0
6,ALUM-SUP1-007,ALUM-SUP1,Battery-Grade Aluminium,India,17.120944362121268,2655.586533833439,1.144512827656115,1007.9672739267564,43.753461169682105,0,0.15,17.11111492734947,0,none,-0.16694732120923894,-629.3319576853443,-10.472087600770354,2.1379436089784156,0.7967273926756434,0.10456552303664413,0
7,ALUM-SUP1-008,ALUM-SUP1,Battery-Grade Aluminium,India,20.19745056493162,2612.4464446758197,1.263836751666921,894.982788031929,83.27863420152161,0,0.15,17.11111492734947,0,none,0.2143493314674446,37.53262999385455,5.615411546196448,0.47870941060845185,-10.501721196807102,0.05534473042214483,0
8,ALUM-SUP1-009,ALUM-SUP1,Battery-Grade Aluminium,India,16.804429870432287,2638.9007748329964,2.801224093007488,1135.0170051262012,13.999785883610572,0,0.15,17.11111492734947,0,none,0.7598456549962518,-4.237253168598575,-12.127187990425895,1.4961836474229375,13.501700512620118,0.154836791625246,0
9,ALUM-SUP1-010,ALUM-SUP1,Battery-Grade Aluminium,India,18.959870870512503,2423.573510942679,0.8268384405389457,1128.2792856102715,112.2927030646662,0,0.15,17.11111492734947,0,none,-0.10589146237238974,-77.33767429691989,-0.8560729774114798,-6.785634194512341,12.827928561027147,0.10858669425808143,0
10,ALUM-SUP1-011,ALUM-SUP1,Battery-Grade Aluminium,India,17.786362161932825,2584.925806712754,0.9569585090657605,877.3231265448363,19.706474200516382,0,0.15,17.11111492734947,0,none,-0.1022927475337202,-9.173545987688613,-6.992520981640466,-0.5797766648940803,-12.267687345516368,0.07961565706130025,0
11,ALUM-SUP1-012,ALUM-SUP1,Battery-Grade Aluminium,India,17.418658969191185,2532.5673092401207,1.0973861254155348,1052.2360213834468,7.678471900539726,0,0.15,17.11111492734947,0,none,-0.5679459891973176,-35.44448853095855,-8.91529454672037,-2.5935650292261263,5.223602138344677,0.12156472403990215,0
12,ALUM-SUP1-013,ALUM-SUP1,Battery-Grade Aluminium,India,18.782089114781414,2654.3220766551085,1.4169618343725678,972.1746231542827,94.51145413949492,0,0.15,17.11111492734947,0,none,0.1967077979445407,76.91618857080978,-1.7857196789385332,2.0893106405810964,-2.78253768457173,0.05115497971384264,0
13,ALUM-SUP1-014,ALUM-SUP1,Battery-Grade Aluminium,India,20.401416366011894,2586.616311544717,1.5282855262992987,921.8209770266672,40.924598403234285,0,0.15,17.11111492734947,0,none,0.19044233907784605,0.5635016106543844,6.681978435576308,-0.5147572482801129,-7.817902297333285,0.04568772371871266,0
14,ALUM-SUP1-015,ALUM-SUP1,Battery-Grade Aluminium,India,20.594468280066526,2640.489727691561,1.7156308576973258,1028.0854348725522,77.40232289434852,0,0.15,17.11111492734947,0,none,0.20608157742726366,35.97413948381336,7.691475019668078,1.5572972189061847,2.808543487255224,0.0514381467086652,0
15,ALUM-SUP1-016,ALUM-SUP1,Battery-Grade Aluminium,India,20.45537173261339,2685.094897253073,1.9435956410843618,989.9222084054013,69.86825917639304,0,0.15,17.11111492734947,0,none,0.17554460223726465,10.257606865988237,6.964118908227699,3.272880663579739,-1.0077791594598693,0.05434526876254642,0
16,ALUM-SUP1-017,ALUM-SUP1,Battery-Grade Aluminium,India,19.560481368220856,2657.546233523488,1.6290255839064778,1024.7006707484175,37.17998061540053,0,0.15,17.11111492734947,0,none,0.03358001920239303,23.643307326256945,2.2846068173232115,2.213316673980304,2.470067074841745,0.03615917114914746,0
17,ALUM-SUP1-018,ALUM-SUP1,Battery-Grade Aluminium,India,20.46481676974946,2858.9217899365954,1.3005841010939962,1007.0994715424948,66.90965192329654,0,0.15,17.11111492734947,0,none,-0.13834891886777653,72.81068741501151,7.013508383448266,9.958530382176745,0.7099471542494825,0.11424596871290238,0
18,ALUM-SUP1-019,ALUM-SUP1,Battery-Grade Aluminium,India,39.2187837704877,4081.588843110363,1.1514961296253055,952.5919526633638,42.70183446814579,0,0.15,17.11111492734947,1,price_spike_late_delivery,-0.2640331704863521,465.49798195242994,105.08073407310114,56.98418627347551,-4.740804733663618,0.6224573157756641,1
19,ALUM-SUP1-020,ALUM-SUP1,Battery-Grade Aluminium,India,17.674757647827796,2444.5356097412455,1.8038839880950022,1279.969722183731,52.580367373350555,0,0.15,17.11111492734947,0,none,0.05828613472950813,-71.00354126074747,-7.5761172454224734,-5.979399625336712,27.99697221837309,0.12717501076567206,0
20,ALUM-SUP1-021,ALUM-SUP1,Battery-Grade Aluminium,India,15.936144377983979,2681.8999694631057,1.1245191590239594,1129.934693055354,9.593321384943959,0,0.15,17.11111492734947,0,none,-0.05868831402334562,-59.00727349116323,-16.667579329902377,3.149998825504064,12.993469305535404,0.14006954991129628,0
21,ALUM-SUP1-022,ALUM-SUP1,Battery-Grade Aluminium,India,17.915324736499855,2583.8058624271425,1.8668700189571314,977.2579369244344,80.05222565125011,0,0.15,17.11111492734947,0,none,0.23845796311060866,-499.2609935610735,-6.318156890827798,-0.6228514451099028,-2.2742063075565624,0.08266971079099172,0
22,ALUM-SUP1-023,ALUM-SUP1,Battery-Grade Aluminium,India,18.743345434091005,2484.2611782104195,1.686497439636028,821.327340615509,37.580171506484945,0,0.15,17.11111492734947,0,none,-0.039128849486324745,13.24185615639135,-1.98831602978871,-4.451493145753095,-17.867265938449098,0.07547090101337062,0
23,ALUM-SUP1-024,ALUM-SUP1,Battery-Grade Aluminium,India,20.5757992780592,2627.577393746877,1.7831419249822331,993.4954327281191,74.44442450790956,0,0.15,17.11111492734947,0,none,0.21954092198609124,-18.107525238742863,7.59385208830743,1.060668990264503,-0.6504567271880888,0.05244959946241756,0
24,ALUM-SUP1-025,ALUM-SUP1,Battery-Grade Aluminium,India,20.891938849946413,2640.598831386538,1.9517545271458094,1075.0423554403576,14.365885342694057,0,0.15,17.11111492734947,0,none,0.028294836062892664,18.9309896531319,9.246991967697916,1.5614935148668547,7.50423554403576,0.09441730717858587,0
0,ALUM-SUP2-001,ALUM-SUP2,Battery-Grade Aluminium,India,23.290324356430123,2638.252953451679,1.0620929931478083,1109.0471991138565,114.16407362217029,0,0.15,19.985990900592913,0,none,0.0,0.0,-13.438989116913337,1.4712674404491877,10.904719911385655,0.0852056188553798,0
1,ALUM-SUP2-002,ALUM-SUP2,Battery-Grade Aluminium,India,77.98737058395699,4580.432354111197,0.7534648833055505,811.4238389428872,58.709870265321975,0,0.15,19.985990900592913,1,price_spike_late_delivery,0.0,0.0,189.84850234588734,76.17047515812297,-18.85761610571128,0.8152498792792088,1
2,ALUM-SUP2-003,ALUM-SUP2,Battery-Grade Aluminium,India,21.922076821078605,2513.9816537795227,1.4648890641621475,1182.4879017807116,119.88960201313861,0,0.15,19.985990900592913,0,none,0.0,0.0,-18.524229149889543,-3.308397931556818,18.248790178071157,0.14736012264758647,0
3,ALUM-SUP2-004,ALUM-SUP2,Battery-Grade Aluminium,India,26.01998353761195,2603.878649600162,1.679661841522878,950.7131052175598,53.13740443877137,0,0.15,19.985990900592913,0,none,0.20585628279168988,-11.458101283838914,-3.29391537412695,0.1491788307754667,-4.928689478244019,0.033470181726131365,0
4,ALUM-SUP2-005,ALUM-SUP2,Battery-Grade Aluminium,India,31.073292861988744,2565.8941871026386,1.1501492322153226,852.2857034887572,117.06083448317189,0,0.15,19.985990900592913,0,none,0.13222811630325737,-671.5127223361861,15.487255584628622,-1.311762034513899,-14.771429651124276,0.18513842766156752,0
5,ALUM-SUP2-006,ALUM-SUP2,Battery-Grade Aluminium,India,28.57465253957544,2448.976687712297,0.2613314872542416,1083.9201355152263,34.29882877121671,0,0.15,19.985990900592913,0,none,-0.401185858969302,-21.668322022408574,6.200788430656844,-5.808588934142422,8.392013551522632,0.09857616346169396,0
6,ALUM-SUP2-007,ALUM-SUP2,Battery-Grade Aluminium,India,26.04765876259873,2531.8637842177363,0.6787203411114524,1030.1113167100693,111.33120552557003,0,0.15,19.985990900592913,0,none,-0.3336471668038085,-24.004955127475267,-3.1910574055297403,-2.6206236839332178,3.0111316710069334,0.08483679640950381,0
7,ALUM-SUP2-008,ALUM-SUP2,Battery-Grade Aluminium,India,19.842966718638536,2524.3097331420845,0.8685964988265966,990.1136884037714,27.11611463170427,0,0.15,19.985990900592913,0,none,-0.09385091112957533,-13.861484653518042,-26.251466840968032,-2.911164109919827,-0.9886311596228552,0.17218928412741896,0
8,ALUM-SUP2-009,ALUM-SUP2,Battery-Grade Aluminium,India,27.626103388462823,2572.2570244676,0.5256217797385052,975.4498510264499,48.052300867170636,0,0.15,19.985990900592913,0,none,0.0880967641614212,41.09344558510096,2.6754028612655323,-1.0670375204769278,-2.455014897355011,0.05748511256373545,0
9,ALUM-SUP2-010,ALUM-SUP2,Battery-Grade Aluminium,India,25.765831474211208,2533.3872781055798,0.757645016160116,1018.3342213998421,99.2867890092656,0,0.15,19.985990900592913,0,none,0.02630822501622121,0.507831295947805,-4.238499021366572,-2.5620277651700096,1.8334221399842137,0.058639868417835084,0
10,ALUM-SUP2-011,ALUM-SUP2,Battery-Grade Aluminium,India,26.09823574359432,2687.2514056969976,1.405038079364605,993.6245735009352,50.52995808968076,0,0.15,19.985990900592913,0,none,0.1788138601793361,54.3138908516377,-3.0030825823631306,3.3558232960383694,-0.6375426499064816,0.04152551057128051,0
11,ALUM-SUP2-012,ALUM-SUP2,Battery-Grade Aluminium,India,26.02089260670059,2576.720094783925,1.2161683080205101,2968.5000261334535,327.26032533460307,0,0.15,19.985990900592913,1,stale_audit_volume_spike,0.23018217609400163,1.487690105441743,-3.2905367204821623,-0.8953809698490344,196.85000261334534,0.6626701811927886,1
12,ALUM-SUP2-013,ALUM-SUP2,Battery-Grade Aluminium,India,23.87869791784754,2511.9584029588536,1.8607717901205838,982.217427471131,28.84563329804241,0,0.15,19.985990900592913,0,none,0.36770892465348926,-7.142958382242038,-11.252235103798345,-3.3862152708133215,-1.7782572528868967,0.06960667012460675,0
13,ALUM-SUP2-014,ALUM-SUP2,Battery-Grade Aluminium,India,30.756804316516188,2625.6445779302035,1.0781258361643546,986.1952924718466,109.64277488550806,0,0.15,19.985990900592913,0,none,-0.10897074773341675,-20.535609255598047,14.31099165589297,0.986329920392441,-1.3804707528153357,0.09074593291808619,0
14,ALUM-SUP2-015,ALUM-SUP2,Battery-Grade Aluminium,India,26.449959353136975,2474.170826502825,0.7450846730221451,1029.6033077042616,62.16542610775878,0,0.15,19.985990900592913,0,none,-0.15702787833278833,-34.18308942703334,-1.6958637249729027,-4.8395835960451885,2.9603307704261623,0.06432630978547227,0
15,ALUM-SUP2-016,ALUM-SUP2,Battery-Grade Aluminium,India,27.137643990768275,2387.589889158862,0.7420556613397831,1273.9504133108305,15.72009445675795,0,0.15,19.985990900592913,0,none,-0.37290537626026693,-41.45617126666381,0.8599906500521487,-8.169619647736068,27.395041331083053,0.18411939759543472,0
16,ALUM-SUP2-017,ALUM-SUP2,Battery-Grade Aluminium,India,24.724454446935468,2653.7906928131806,0.41804166528722364,864.6192480453142,25.448663365237422,0,0.15,19.985990900592913,0,none,-0.22002805695904368,9.382038294325715,-8.108889438085892,2.0688728005069468,-13.538075195468583,0.10800230242173281,0
17,ALUM-SUP2-018,ALUM-SUP2,Battery-Grade Aluminium,India,27.1525160835763,2429.633849278561,0.21446873246277587,1001.0335563182355,38.96267124882429,0,0.15,19.985990900592913,0,none,-0.17687198018645642,-14.845659074754773,0.9152643923886072,-6.552544258516893,0.1033556318235469,0.08883763870454342,0
18,ALUM-SUP2-019,ALUM-SUP2,Battery-Grade Aluminium,India,27.96854191731399,2489.465182214921,1.146105252008744,881.6240902939805,12.927979449243791,0,0.15,19.985990900592913,0,none,0.13468319688965366,33.95843101868619,3.948112711460908,-4.25133914557997,-11.837590970601944,0.08956210269383835,0
19,ALUM-SUP2-020,ALUM-SUP2,Battery-Grade Aluminium,India,22.289790130165592,2500.5775613951096,0.9977337792480084,1166.4233251497637,50.536239855392395,0,0.15,19.985990900592913,0,none,0.19323070465359493,-51.07104380602368,-17.15758284378317,-3.8239399463419397,16.642332514976374,0.11456635984263219,0
20,ALUM-SUP2-021,ALUM-SUP2,Battery-Grade Aluminium,India,28.420692478304183,2601.5958580522483,0.2758491506744971,950.9861651760621,44.659567359409245,0,0.15,19.985990900592913,0,none,0.02046013940390708,57.32066959122918,5.6285792018239045,0.06137915585570507,-4.901383482393794,0.06301609404831798,0
21,ALUM-SUP2-022,ALUM-SUP2,Battery-Grade Aluminium,India,23.465723376466013,2636.559151658097,0.22745938668811294,1031.955400672336,114.69273734426676,0,0.15,19.985990900592913,0,none,-0.30621528844021034,49.03132314772544,-12.787099677768724,1.4061212176191196,3.1955400672336056,0.10935096279862744,0
22,ALUM-SUP2-023,ALUM-SUP2,Battery-Grade Aluminium,India,27.703708377487885,2555.5298862243703,1.492356144557416,1032.3718895579066,28.26549116684129,0,0.15,19.985990900592913,0,none,0.16487412176980254,18.317441609753587,2.9638302011675455,-1.710388991370372,3.237188955790657,0.04435379571838849,0
23,ALUM-SUP2-024,ALUM-SUP2,Battery-Grade Aluminium,India,24.87309058008654,2605.1090439622194,0.29850479867395463,3737.4554669462213,181.09625034152282,0,0.15,19.985990900592913,1,stale_audit_volume_spike,0.007551882666485839,1.171061969990357,-7.55646716425192,0.1965016908545924,273.74554669462213,0.536853147477174,1
24,ALUM-SUP2-025,ALUM-SUP2,Battery-Grade Aluminium,India,24.95324025957289,2489.3892398450416,0.08228971590576739,766.0251884292603,13.261010019364994,0,0.15,19.985990900592913,0,none,-0.04838989026078185,-49.056637271018495,-7.258582206871392,-4.254260005959937,-23.39748115707397,0.17916480928111467,0
0,ALUM-SUP3-001,ALUM-SUP3,Battery-Grade Aluminium,India,22.096557916606088,2454.536633586791,0.9912277212287716,1179.0898571232915,117.65649332929311,0,0.15,58.47146396215841,0,none,0.0,0.0,6.274938966718449,-5.594744862046495,17.90898571232915,0.24331666536466834,0
1,ALUM-SUP3-002,ALUM-SUP3,Battery-Grade Aluminium,India,21.459395142338035,2658.450860331545,2.006552209246064,847.768576939194,6.624556114633277,0,0.15,58.47146396215841,0,none,0.0,0.0,3.2104600916483523,2.2481100127517246,-15.223142306080605,0.20218268653070826,0
2,ALUM-SUP3-003,ALUM-SUP3,Battery-Grade Aluminium,India,17.42728138765783,2822.6149251608394,0.877851512347624,895.215978113018,87.35149662575591,0,0.15,58.47146396215841,0,none,0.0,0.0,-16.182272695183915,8.562112506186132,-10.478402188698203,0.25011010760063745,0
3,ALUM-SUP3-004,ALUM-SUP3,Battery-Grade Aluminium,India,17.680041605998984,2723.0860457878457,2.886513094897172,952.4250880687382,26.176009972155985,0,0.15,58.47146396215841,0,none,0.6317617912228001,89.51647073368486,-14.966604767228802,4.734078684147912,-4.75749119312618,0.26123483717836593,0
4,ALUM-SUP3-005,ALUM-SUP3,Battery-Grade Aluminium,India,16.14089144591725,2577.7861066144887,1.5171064327747021,934.8703873639855,35.33539485021318,0,0.15,58.47146396215841,0,none,-0.16314859215712066,-26.8882512390187,-22.36925498726022,-0.854380514827356,-6.512961263601448,0.2283889198177994,0
5,ALUM-SUP3-006,ALUM-SUP3,Battery-Grade Aluminium,India,21.613519390051465,2629.400576472349,1.5172267083711806,889.8378170425738,68.0503418108255,0,0.15,58.47146396215841,0,none,0.2131250653411855,-64.40478289616355,3.9517314281548637,1.1307914027826462,-11.016218295742624,0.16023618300431874,0
6,ALUM-SUP3-007,ALUM-SUP3,Battery-Grade Aluminium,India,20.81789858709384,2680.8405347599532,2.07032691909154,857.8237930952885,30.495172063334667,0,0.15,58.47146396215841,0,none,-0.2720620586018773,-14.081837009297487,0.12513759421530724,3.1092513369212784,-14.217620690471154,0.16560166441231172,0
7,ALUM-SUP3-008,ALUM-SUP3,Battery-Grade Aluminium,India,19.22096892288284,2503.879847845549,2.0529150323434746,1035.1309675987918,113.89261348038212,0,0.15,58.47146396215841,0,none,0.17860286652292415,-24.635419589646517,-7.555407187405293,-3.696928929017339,3.5130967598791814,0.18480698414829355,0
8,ALUM-SUP3-009,ALUM-SUP3,Battery-Grade Aluminium,India,21.616250766523073,2618.9871119504764,2.2751540345275094,1046.9727339735048,63.75087216608784,0,0.15,58.47146396215841,0,none,0.2526424420521096,-3.4711548406241186,3.964868174109181,0.7302735365567864,4.697273397350477,0.14081814405044213,0
9,ALUM-SUP3-010,ALUM-SUP3,Battery-Grade Aluminium,India,23.870020330246305,2610.481460366904,1.5231188418964632,916.217674122235,41.032422275865194,0,0.15,58.47146396215841,0,none,-0.1824026923983589,-23.453024797683156,14.804530339306854,0.4031330910347606,-8.378232587776495,0.17467024679485832,0
10,ALUM-SUP3-011,ALUM-SUP3,Battery-Grade Aluminium,India,23.36394078639845,2595.396546469558,2.3292469562453433,802.9984968028424,91.65256479624514,0,0.15,58.47146396215841,0,none,0.0921106413006229,30.50556620800292,12.370505418424685,-0.1770559050170015,-19.70015031971576,0.22648037639807195,0
11,ALUM-SUP3-012,ALUM-SUP3,Battery-Grade Aluminium,India,20.70851526788504,2533.8435121109314,2.8672196633463605,993.3807367311239,32.77130473195279,0,0.15,58.47146396215841,0,none,0.1973552096062837,-28.381199946515,-0.4009491210443565,-2.544480303425714,-0.6619263268876125,0.14872655294969006,0
12,ALUM-SUP3-013,ALUM-SUP3,Battery-Grade Aluminium,India,20.845860243548113,2417.7439497941496,1.2953551816829665,1098.3239969445403,67.92412115857158,0,0.15,58.47146396215841,0,none,-0.07592122007116557,-64.24583685758473,0.25962113433505685,-7.009848084840401,9.832399694454034,0.17560719572433736,0
13,ALUM-SUP3-014,ALUM-SUP3,Battery-Grade Aluminium,India,19.068492825864737,2719.1668329228105,2.3454163448313388,1051.6990472161142,114.64332859514447,0,0.15,58.47146396215841,0,none,0.005389796195331827,41.25676215108418,-8.288751628002723,4.5833397278004036,5.169904721611419,0.2035993835596076,0
14,ALUM-SUP3-015,ALUM-SUP3,Battery-Grade Aluminium,India,20.2939747604944,2526.8223534966787,1.1779025848411018,895.5583511691568,23.57833354188728,0,0.15,58.47146396215841,0,none,-0.5631056928350863,-2.3403862047509087,-2.3947106511632272,-2.814524865512357,-10.44416488308432,0.17411142275052582,0
15,ALUM-SUP3-016,ALUM-SUP3,Battery-Grade Aluminium,India,18.640500648031974,2457.702834212573,1.784990479232377,1023.4595580893437,84.94970465190214,0,0.15,58.47146396215841,0,none,0.1632117658498035,13.31962813947454,-10.347209906847453,-5.472967914901032,2.3459558089343657,0.17112240644946264,0
16,ALUM-SUP3-017,ALUM-SUP3,Battery-Grade Aluminium,India,19.402279004497473,2626.9451536557176,1.831645433992825,974.6162438874467,53.26073817309263,0,0.15,58.47146396215841,0,none,-0.1712569702795046,-30.74055975569763,-6.68338368354703,1.0363520636814463,-2.538375611255333,0.14196898815173942,0
17,ALUM-SUP3-018,ALUM-SUP3,Battery-Grade Aluminium,India,22.40372736102104,2629.7944096629762,1.5474692918315263,964.2469891445465,71.00818393753619,0,0.15,58.47146396215841,0,none,0.1231889023301415,34.324018722099176,7.752291868507142,1.1459388331913942,-3.5753010855453455,0.14179880291093128,0
18,ALUM-SUP3-019,ALUM-SUP3,Battery-Grade Aluminium,India,19.11622554386357,2543.3973153249462,1.1133032631407072,1043.9923966687663,88.86619304394476,0,0.15,58.47146396215841,0,none,-0.22389573869722326,28.56482703745769,-8.059177786176921,-2.1770263336559137,4.399239666876634,0.16598859717596637,0
19,ALUM-SUP3-020,ALUM-SUP3,Battery-Grade Aluminium,India,18.9038476042899,2625.793170652762,1.158233574590569,969.5077829060838,75.9576346684645,0,0.15,58.47146396215841,0,none,-0.224470619800752,-0.3839943343185344,-9.08062432329151,0.9920450251062308,-3.0492217093916225,0.16045986199826456,0
20,ALUM-SUP3-021,ALUM-SUP3,Battery-Grade Aluminium,India,22.043334346078517,2538.2302761803617,2.1811193512087472,975.4279226337801,101.13092430543688,0,0.15,58.47146396215841,0,none,0.21121668645907365,-30.521377827538192,6.018956486064411,-2.375758608447628,-2.45720773662199,0.16504041806610426,0
21,ALUM-SUP3-022,ALUM-SUP3,Battery-Grade Aluminium,India,18.18602285059789,2623.041610436877,2.1228983454685144,1027.3321256536874,76.50656228700224,0,0.15,58.47146396215841,0,none,0.3365316941092691,26.548098370643554,-12.533052623451635,0.8862157860337272,2.73321256536874,0.16723625090864036,0
22,ALUM-SUP3-023,ALUM-SUP3,Battery-Grade Aluminium,India,23.764677060609998,2572.0149734107517,1.5162754274518895,1046.9696719485353,69.3681272644346,0,0.15,58.47146396215841,0,none,0.11934728428710684,-17.926065747336754,14.297874524704184,-1.0763471765095487,4.696967194853528,0.16815682300629797,0
23,ALUM-SUP3-024,ALUM-SUP3,Battery-Grade Aluminium,India,23.216812794979404,2632.905647487766,1.8035185997846905,1068.6953667770817,88.70547699759922,0,0.15,58.47146396215841,0,none,-0.12586691714135223,31.558457102468157,11.662883065324872,1.2656018264525442,6.869536677708174,0.1726280819024979,0
24,ALUM-SUP3-025,ALUM-SUP3,Battery-Grade Aluminium,India,21.147328447509857,2589.713326250704,2.429648956016713,1096.7550415991136,93.64318241072516,0,0.15,58.47146396215841,0,none,0.10225020351606624,-11.109428062057608,1.7095535218750546,-0.3956412980498429,9.67550415991136,0.1609068461018358,0
0,ALUM-SUP4-001,ALUM-SUP4,Battery-Grade Aluminium,India,22.61773464159901,2617.779663350431,2.531146709056086,864.3400149060886,104.49609730060568,0,0.39278509673283235,94.03664897394938,1,concentration_geopolitical,0.0,0.0,0.051864486590205656,0.6838332057858014,-13.565998509391136,0.33241026525148454,0
1,ALUM-SUP4-002,ALUM-SUP4,Battery-Grade Aluminium,India,20.5999753660123,2512.208801685968,2.028328229767343,1063.4710642090004,107.00948733801356,0,0.15,4.431430209899209,0,none,0.0,0.0,-8.873900220024542,-3.376584550539694,6.347106420900036,0.11006580917333542,0
2,ALUM-SUP4-003,ALUM-SUP4,Battery-Grade Aluminium,India,23.049979993932222,2488.588389686154,2.1194191352931218,1058.725766174484,60.11643896406868,0,0.44783702222224764,82.75355696416452,1,concentration_geopolitical,0.0,0.0,1.9639460501018853,-4.285061935147916,5.8725766174484075,0.2588980816569121,0
3,ALUM-SUP4-004,ALUM-SUP4,Battery-Grade Aluminium,India,20.968037819015972,2614.7112771605393,3.4496641634947602,998.2402070744362,54.15435694757793,0,0.15,4.431430209899209,0,none,0.30617248481289144,-1.0227953966304995,-7.245738281879081,0.5658183523284361,-0.17597929255638292,0.128218612413167,0
4,ALUM-SUP4-005,ALUM-SUP4,Battery-Grade Aluminium,India,22.213202716726386,2608.3881167849418,2.2746560464083196,996.8645299323498,103.43664202002437,0,0.15,4.431430209899209,0,none,0.08210927221365887,32.05977169965794,-1.7376238936215964,0.32261987634391376,-0.31354700676502034,0.09138300759243212,0
5,ALUM-SUP4-006,ALUM-SUP4,Battery-Grade Aluminium,India,20.429886721398955,2586.4104934264938,2.267606251742376,943.3810725139999,8.850610434666555,0,0.15,4.431430209899209,0,none,0.04939570548308477,32.607367913446524,-9.626304750859507,-0.5226733297502401,-5.661892748600008,0.1343789269492912,0
6,ALUM-SUP4-007,ALUM-SUP4,Battery-Grade Aluminium,India,22.743940394578384,2680.936624543732,26.297370285313143,1039.9103205298254,84.39693250957949,0,0.15,4.431430209899209,1,quality_drift,7.6159020406061275,22.075115794397487,0.6101485541420596,3.1129470978358382,3.991032052982541,0.6610875576670736,1
7,ALUM-SUP4-008,ALUM-SUP4,Battery-Grade Aluminium,India,23.899290323968184,2634.1914570827244,2.7831487383435043,1071.3460462444489,71.80020507018394,0,0.15,4.431430209899209,0,none,0.16949756397839488,8.601113432594198,5.720957235984812,1.3150560416432444,7.134604624444887,0.10355986503705916,0
8,ALUM-SUP4-009,ALUM-SUP4,Battery-Grade Aluminium,India,22.3835276565856,2622.2894696610465,2.881994700979358,934.7925430597205,28.84788065252886,0,0.15,4.431430209899209,0,none,0.2047961497456606,11.959658744850913,-0.984174086577796,0.8572872946556345,-6.520745694027948,0.10618720274903415,0
9,ALUM-SUP4-010,ALUM-SUP4,Battery-Grade Aluminium,India,23.01615415286438,2637.7904518141563,1.9381869871215922,992.5237436586692,78.45688891337029,0,0.15,4.431430209899209,0,none,-8.11972776606385,-14.382057576525161,1.8143139795036187,1.453478915929089,-0.7476256341330781,0.3127050078605368,0
10,ALUM-SUP4-011,ALUM-SUP4,Battery-Grade Aluminium,India,17.59814567254354,2580.016946977453,2.271581320329361,983.9707057176981,57.84792239510128,0,0.15,4.431430209899209,0,none,-0.17052247267138107,-18.058170035090523,-22.152801156034705,-0.7685789624056619,-1.6029294282301862,0.1614534728368333,0
11,ALUM-SUP4-012,ALUM-SUP4,Battery-Grade Aluminium,India,19.857575282791196,2524.95934602038,1.0441423375939274,951.908333382586,95.74112715482185,0,0.15,4.431430209899209,0,none,-0.6126174544618102,-32.44337454688881,-12.15798298508875,-2.8861789992161517,-4.809166661741403,0.12497746084883743,0
12,ALUM-SUP4-013,ALUM-SUP4,Battery-Grade Aluminium,India,21.45315522802258,2700.7986378930223,2.780548997922076,1007.7856724267305,108.36394261874555,0,0.15,4.431430209899209,0,none,0.2807873369334946,21.002728692955316,-5.099771763342565,3.876870688193164,0.7785672426730457,0.13801427660325938,0
13,ALUM-SUP4-014,ALUM-SUP4,Battery-Grade Aluminium,India,24.925815555851706,2598.2020347549374,1.9411052172943655,828.3751322515449,110.66176919296937,0,0.15,4.431430209899209,0,none,-0.11015870101166521,6.0616959258281895,10.261896681068633,-0.06915250942548622,-17.162486774845515,0.14429783400869778,0
14,ALUM-SUP4-015,ALUM-SUP4,Battery-Grade Aluminium,India,24.31195827747702,2807.1650207484213,2.3810454098483325,923.4644484879695,61.723160595631,0,0.15,4.431430209899209,0,none,0.445634357418135,94.06855824268041,7.546436171726087,7.967885413400819,-7.6535551512030455,0.16802274106776693,0
15,ALUM-SUP4-016,ALUM-SUP4,Battery-Grade Aluminium,India,23.853759949345957,2439.4199392330315,2.6254127874560385,1081.7711606262912,37.176515697201374,0,0.15,4.431430209899209,0,none,-0.05171207015534588,-87.12623288666357,5.519548963055993,-6.176156183344942,8.177116062629125,0.1240574217919066,0
16,ALUM-SUP4-017,ALUM-SUP4,Battery-Grade Aluminium,India,22.109442751944133,2651.40959947276,2.4357094223177445,922.1876158139409,16.771658905296576,0,0.15,4.431430209899209,0,none,0.16486806834112633,17.73585490594087,-2.1966167193855726,1.9772922874138448,-7.781238418605915,0.10543036428270125,0
17,ALUM-SUP4-018,ALUM-SUP4,Battery-Grade Aluminium,India,21.81100338797638,2670.593459340942,1.140933095405737,1127.647088278093,90.81084957073945,0,0.15,4.431430209899209,0,none,-0.41337077148086515,-45.5238538024931,-3.5167937961051674,2.715133051574692,12.764708827809295,0.11318259157821098,0
18,ALUM-SUP4-019,ALUM-SUP4,Battery-Grade Aluminium,India,61.01171530051354,4769.369508544593,2.6294978275573757,935.7216430359276,28.2858147031228,0,0.15,4.431430209899209,1,price_spike_late_delivery,0.0013616800337790853,776.6498564371873,169.89156819066136,83.43728879017667,-6.427835696407238,0.8495237144434902,1
19,ALUM-SUP4-020,ALUM-SUP4,Battery-Grade Aluminium,India,20.778019289501998,2544.6031199482754,2.9137118083597437,1097.4657690700203,70.26828295304205,0,0.15,4.431430209899209,0,none,0.15933412868066643,-35.602159841494846,-8.086304698725558,-2.1306492327586373,9.746576907002032,0.12491615874846984,0
20,ALUM-SUP4-021,ALUM-SUP4,Battery-Grade Aluminium,India,20.947686723761105,2541.250709176352,2.71656001998634,900.0015219189603,83.72060253736835,0,0.15,4.431430209899209,0,none,0.525208974860201,-43.11425005486338,-7.335763435010406,-2.259588108601852,-9.99984780810397,0.12574875575531852,0
21,ALUM-SUP4-022,ALUM-SUP4,Battery-Grade Aluminium,India,24.294332808702364,2591.969664023328,2.8552720851860585,969.5689830510207,30.117303308747786,0,0.15,4.431430209899209,0,none,0.07525808587622758,-725.7999481737552,7.46846810634295,-0.30885907602585294,-3.0431016948979277,0.16457260592795286,0
22,ALUM-SUP4-023,ALUM-SUP4,Battery-Grade Aluminium,India,20.396846328445864,2692.5631386334385,1.9669800132641593,1034.977181771506,34.41477514387422,0,0.15,4.431430209899209,0,none,-0.3155772650318615,49.32000622838768,-9.772462311318558,3.5601207166707107,3.497718177150591,0.1105254970997096,0
23,ALUM-SUP4-024,ALUM-SUP4,Battery-Grade Aluminium,India,20.226087689398682,2544.5716139120777,3.0416763562739613,3028.1275145140153,254.09597703979023,0,0.15,4.431430209899209,1,stale_audit_volume_spike,0.10837211209587376,1.1069682452419631,-10.527830631116629,-2.1318610033816254,202.81275145140154,0.6314512576456,1
24,ALUM-SUP4-025,ALUM-SUP4,Battery-Grade Aluminium,India,23.29623558679973,2586.7036231248962,4.077263437875685,1028.5123841342272,95.04647607753691,0,0.15,4.431430209899209,0,none,0.4073304508965423,-1.7553469661438612,3.0532828734869137,-0.5113991105809139,2.8512384134227204,0.17018704784683925,0
0,BMS-SUP1-001,BMS-SUP1,Battery Management Systems,India,17.54762886304556,140.45898378053582,1.5829154455230938,939.4550512128035,118.78558927047065,0,0.2,12.603545643419714,0,none,0.0,0.0,-31.436663020247444,-3.131735323768402,-6.054494878719652,0.17523462965645675,0
1,BMS-SUP1-002,BMS-SUP1,Battery Management Systems,India,24.02305353909583,148.8320170649165,1.8093539695433727,995.7695274327401,111.02589843336906,0,0.2,12.603545643419714,0,none,0.0,0.0,-6.135425592891501,2.642770389597586,-0.4230472567259881,0.029684248897576482,0
2,BMS-SUP1-003,BMS-SUP1,Battery Management Systems,India,25.44286788848184,141.67183184799623,1.9038574265110888,976.3750367376311,70.50918546267258,0,0.2,12.603545643419714,0,none,0.0,0.0,-0.5878265158076749,-2.295288380692255,-2.362496326236885,0.013650931280691614,0
3,BMS-SUP1-004,BMS-SUP1,Battery Management Systems,India,28.131898310585026,146.8567560880932,1.5948139023126795,1014.549304703531,5.506106018908316,0,0.2,12.603545643419714,0,none,0.003966152263195226,2.1325907691857915,9.918943397005952,1.2805214400642704,1.4549304703530992,0.08904103755979509,0
4,BMS-SUP1-005,BMS-SUP1,Battery Management Systems,India,23.372859594879678,145.30665859624207,1.5083393919801162,905.50661643799,14.420786681312684,0,0.2,12.603545643419714,0,none,-0.10033819252108549,-1.175119489558142,-8.675909372632741,0.21148868706349871,-9.449338356200997,0.05371393449913675,0
5,BMS-SUP1-006,BMS-SUP1,Battery Management Systems,India,24.67551716932365,147.4663223691892,1.4715155926943737,1252.0708692157968,110.37473390022282,0,0.2,12.603545643419714,0,none,-0.1441139446055717,1.9314968403976518,-3.5860735353863045,1.7009119787511626,25.207086921579684,0.081339681320026,0
6,BMS-SUP1-007,BMS-SUP1,Battery Management Systems,India,28.931524988617106,148.45930710252085,2.74527775685309,921.2998016527458,91.20356828831058,0,0.2,12.603545643419714,0,none,0.3834879515134702,0.534183671475887,13.043301326604775,2.385729036221278,-7.870019834725417,0.08455599669538028,0
7,BMS-SUP1-008,BMS-SUP1,Battery Management Systems,India,25.331410432255975,143.05935360366496,2.097954557157572,3077.9230578561805,311.28308009138516,0,0.2,12.603545643419714,1,stale_audit_volume_spike,0.1965383883924853,-0.7491016641923712,-1.0233209743332583,-1.3383768250586485,207.79230578561805,0.6434483644261157,1
8,BMS-SUP1-009,BMS-SUP1,Battery Management Systems,India,28.973958367495428,146.66195044891188,2.2183017331793144,906.0437258147241,60.10952543382414,0,0.2,12.603545643419714,0,none,0.24892871349498025,-0.26812397342576827,13.209100026698717,1.146172723387504,-9.39562741852759,0.05873822519701466,0
9,BMS-SUP1-010,BMS-SUP1,Battery Management Systems,India,29.724364313619688,145.43892167788974,1.507230677660736,937.8605506452882,10.297463511751978,0,0.2,12.603545643419714,0,none,-0.4126823597307847,-1.006795141543705,16.141139230244878,0.3027046054411985,-6.213944935471181,0.10985251071092417,0
10,BMS-SUP1-011,BMS-SUP1,Battery Management Systems,India,23.778851209966803,139.4183070586741,1.0686350682735493,980.4995622345581,73.39080727052404,0,0.2,12.603545643419714,0,none,-0.3431064962946743,-1.2136821816636238,-7.089590210458412,-3.849443407810974,-1.9500437765441916,0.03328386291570262,0
11,BMS-SUP1-012,BMS-SUP1,Battery Management Systems,India,28.426899484376975,146.2748834417111,1.9515041094227952,925.6879592445549,63.386517006309255,0,0.2,12.603545643419714,0,none,-0.08893254125217309,-0.12902233573359467,11.071592854432957,0.8792299598007566,-7.431204075544509,0.03949020906203482,0
12,BMS-SUP1-013,BMS-SUP1,Battery Management Systems,India,26.5172335573195,148.11545146775015,1.7718993561246208,1107.912377932421,62.56978868226543,0,0.2,12.603545643419714,0,none,0.08822289282129492,0.8921765966201368,3.6100110363143973,2.148587219138033,10.79123779324209,0.029606519757112038,0
13,BMS-SUP1-014,BMS-SUP1,Battery Management Systems,India,27.62247054388082,142.8691428926372,0.9125510860994827,1026.8358988018522,81.46392308976988,0,0.2,12.603545643419714,0,none,-0.0520279940580222,1.1502786113210373,7.928471185176805,-1.4695566257674484,2.683589880185218,0.02974785939823099,0
14,BMS-SUP1-015,BMS-SUP1,Battery Management Systems,India,27.065816550200832,146.83651197725285,1.64455178640631,919.3253748554407,52.60854826936798,0,0.2,12.603545643419714,0,none,-0.10231744100549507,0.18720951184725246,5.7534733180756925,1.2665599843123134,-8.06746251445593,0.018114238089529833,0
15,BMS-SUP1-016,BMS-SUP1,Battery Management Systems,India,26.684732348067804,142.56008895482935,2.373557363979832,911.71344854524,83.46331764586911,0,0.2,12.603545643419714,0,none,0.2005526692850704,-1.8517875043069314,4.264474161982753,-1.6826972725314802,-8.828655145476,0.03953306568948256,0
16,BMS-SUP1-017,BMS-SUP1,Battery Management Systems,India,29.781466292846495,148.77833142914253,1.6398406164382922,1028.738070964355,6.2366775240029355,0,0.2,12.603545643419714,0,none,0.24242984344626983,1.969729512168442,16.36425212341664,2.6057458132017417,2.8738070964355074,0.10921438760987556,0
17,BMS-SUP1-018,BMS-SUP1,Battery Management Systems,India,18.566376890931174,141.05683831979078,1.7934219608291628,964.3388523440694,36.617144576593894,0,0.2,12.603545643419714,0,none,0.049623391474284295,-1.9265578858206898,-27.45613864977379,-2.7194218484201484,-3.5661147655930563,0.14043060450698786,0
18,BMS-SUP1-019,BMS-SUP1,Battery Management Systems,India,28.48403150551334,143.6013193367554,1.2900178713223711,1032.4851658511045,80.43027812699627,0,0.2,12.603545643419714,0,none,-0.3611798308858203,0.3470767939753519,11.294823129479195,-0.9646073539617865,3.248516585110451,0.04117798051849242,0
19,BMS-SUP1-020,BMS-SUP1,Battery Management Systems,India,25.193893974264473,143.7307843216841,2.9397641693892966,775.9295739002055,97.6424021549787,0,0.2,12.603545643419714,0,none,0.43330785098366814,-1.6825157024861426,-1.560635008219027,-0.8753211574592428,-22.407042609979452,0.12603123528831917,0
20,BMS-SUP1-021,BMS-SUP1,Battery Management Systems,India,25.58387072515332,141.6020301585699,2.268758185447945,1081.325767871964,77.47708192189366,0,0.2,12.603545643419714,0,none,0.15844540820626074,0.18173061292637271,-0.03689025648392003,-2.3434274768483427,8.132576787196399,0.028546098465068948,0
21,BMS-SUP1-022,BMS-SUP1,Battery Management Systems,India,24.900568372151277,144.51298777109233,1.7664519425598981,2700.2999278407738,352.78963548199175,0,0.2,12.603545643419714,1,stale_audit_volume_spike,0.15881135707917568,0.30388947811230577,-2.706737553436943,-0.33587050269494706,170.0299927840774,0.6284548943353887,1
22,BMS-SUP1-023,BMS-SUP1,Battery Management Systems,India,26.239413575039563,148.27647248200122,1.2037151955845151,894.9336100766851,32.354364190441274,0,0.2,12.603545643419714,0,none,-0.5786829912682605,1.5152293867723756,2.5244931459239255,2.2596361944836034,-10.506638992331489,0.04649464646494017,0
23,BMS-SUP1-024,BMS-SUP1,Battery Management Systems,India,27.810710076166192,146.0889063253785,2.071479027350189,857.0501761636532,85.02605834625167,0,0.2,12.603545643419714,0,none,-0.06575971936591873,1.4956253889362,8.663974003575994,0.7509698795713811,-14.29498238363468,0.045778865648686384,0
24,BMS-SUP1-025,BMS-SUP1,Battery Management Systems,India,24.035061028324435,145.73169526093398,2.2460375997229893,901.3020244203929,83.24957202563246,0,0.2,12.603545643419714,0,none,0.1598618857210304,0.40623582994721613,-6.088509081453573,0.504617421333776,-9.869797557960716,0.02913742833300481,0
0,BMS-SUP2-001,BMS-SUP2,Battery Management Systems,India,38.30305745097846,157.43000787827148,2.187857355261326,1160.6361150630719,74.30640721284826,1,0.2,63.89789514558094,0,none,0.0,0.0,1.7917177460087352,8.572419226394125,16.06361150630719,0.573463761847739,1
1,BMS-SUP2-002,BMS-SUP2,Battery Management Systems,India,39.013634200680556,140.69699839340655,2.5671717892444312,850.1889658351953,84.9294145981406,1,0.2,63.89789514558094,0,none,0.0,0.0,3.680100364945195,-2.9675873148920378,-14.98110341648047,0.5464198472507786,1
2,BMS-SUP2-003,BMS-SUP2,Battery Management Systems,India,38.38145165167803,133.47152756925294,1.8670419363193944,1065.394782092294,35.90224209827626,1,0.2,63.89789514558094,0,none,0.0,0.0,2.0000530821825517,-7.950670641894523,6.539478209229401,0.5402660375710816,1
3,BMS-SUP2-004,BMS-SUP2,Battery Management Systems,India,40.31933955472987,141.3023948704515,1.3843037974415102,992.8554596952395,107.21059313197942,1,0.2,63.89789514558094,0,none,-0.26785118593993856,-5.375871002606658,7.150058109935736,-2.5500725031368914,-0.7144540304760539,0.5579360991159591,1
4,BMS-SUP2-005,BMS-SUP2,Battery Management Systems,India,36.31792417713847,150.33871648789355,1.612191296265785,1031.3165607332348,106.01403087649298,1,0.2,63.89789514558094,0,none,-0.3183268309928821,3.213906031495668,-3.4838435106232226,3.681873439926586,3.1316560733234837,0.5780772066197264,1
5,BMS-SUP2-006,BMS-SUP2,Battery Management Systems,India,31.771110766321872,139.26221870104197,2.0432504919596295,1198.1199998686964,83.48626789023785,1,0.2,63.89789514558094,0,none,0.058736185213411694,1.9302303772630107,-15.567159521360836,-3.9570905510055354,19.811999986869637,0.585736946687107,1
6,BMS-SUP2-007,BMS-SUP2,Battery Management Systems,India,31.135488395399197,131.46937691673088,2.4038217803375037,990.3786517071801,113.23496507239632,1,0.2,63.89789514558094,0,none,0.3398393276319978,-3.2776726512402092,-17.256348251446326,-9.331464195358013,-0.9621348292819902,0.6420524879180647,1
7,BMS-SUP2-008,BMS-SUP2,Battery Management Systems,India,34.3148139287947,146.52342436568458,2.460381715349245,955.2536361793518,51.911328353854344,1,0.2,63.89789514558094,0,none,0.28273013969448674,-1.2717640407363244,-8.807179207114423,1.0506374935755698,-4.474636382064818,0.513573350921765,1
8,BMS-SUP2-009,BMS-SUP2,Battery Management Systems,India,37.723915725528386,147.36064210753744,21.250041164438226,1097.3996337759486,44.255632051931705,1,0.2,63.89789514558094,1,quality_drift,6.402263557492866,2.6994744688318235,0.25262831098390204,1.628029039680996,9.739963377594858,0.8669757644400984,1
9,BMS-SUP2-010,BMS-SUP2,Battery Management Systems,India,32.6302555838685,153.59984285129232,1.7349781155640907,943.1557916282253,92.13739989345522,1,0.2,63.89789514558094,0,none,-0.22294788825780434,7.376821978187148,-13.283952054631097,5.930926104339533,-5.684420837177469,0.5998040778145282,1
10,BMS-SUP2-011,BMS-SUP2,Battery Management Systems,India,37.881649406353695,143.31792615517597,2.0285780353608094,996.0237768571826,22.67955714121682,1,0.2,63.89789514558094,0,none,-0.14393455999614524,-1.0684994035028694,0.6718110965398046,-1.1600509274648496,-0.3976223142817389,0.5054314456240483,1
11,BMS-SUP2-012,BMS-SUP2,Battery Management Systems,India,28.75789930755051,153.18181193548415,1.963650827068035,1058.0622619446985,103.70940729064085,1,0.2,63.89789514558094,0,none,-6.428796779123396,1.9403899426489015,-23.57487458987317,5.642628921023551,5.806226194469855,0.7819223114458147,1
12,BMS-SUP2-013,BMS-SUP2,Battery Management Systems,India,35.8565345517062,142.07542598150619,2.7721568660895866,941.4186393164117,97.07725929533338,1,0.2,63.89789514558094,0,none,0.3457262501751653,-3.841472289928712,-4.710002612492494,-2.0169475989612513,-5.858136068358828,0.5472728505169299,1
13,BMS-SUP2-014,BMS-SUP2,Battery Management Systems,India,35.181396922422365,143.03110761250534,1.914519901234971,1128.38451268293,31.198282374934166,1,0.2,63.89789514558094,0,none,-0.03801937804194614,-0.09560618089021015,-6.504204526731947,-1.357856818961836,12.83845126829301,0.5144570433009314,1
14,BMS-SUP2-015,BMS-SUP2,Battery Management Systems,India,32.678163325227125,136.5292225292493,1.4935439239545887,918.8399948807893,32.218660413730476,1,0.4455530906189915,78.81521904933328,1,concentration_geopolitical,-0.15670230103781546,-5.550863135411618,-13.156635552744335,-5.841915497069452,-8.116000511921072,0.6256522411304093,1
15,BMS-SUP2-016,BMS-SUP2,Battery Management Systems,India,34.86634070556419,136.23599200793964,1.5283006219514732,1120.0420399910201,23.25608672239777,1,0.2,63.89789514558094,0,none,-0.41461874804603777,-1.9464779911888475,-7.341477466146693,-6.044143442800246,12.004203999102014,0.5531228103834172,1
16,BMS-SUP2-017,BMS-SUP2,Battery Management Systems,India,38.33427396331666,140.63791328018584,1.2692525043129517,886.0843924465719,6.062475963128958,1,0.2,63.89789514558094,0,none,-0.21508913230733975,-0.7977314441064985,1.8746767217252842,-3.0083356688373506,-11.391560755342812,0.5731080059522751,1
17,BMS-SUP2-018,BMS-SUP2,Battery Management Systems,India,40.89570436565142,148.92529826453864,2.3526011650769805,926.2443135932056,77.06534593038572,1,0.4237986487632603,78.77891500924378,1,concentration_geopolitical,0.28635241370746395,4.132025245096448,8.681767797266689,2.707102251405958,-7.375568640679444,0.5939767685278879,1
18,BMS-SUP2-019,BMS-SUP2,Battery Management Systems,India,36.41967945224711,144.12482452879783,3.0558589323152203,823.7999762996387,52.377093261378604,1,0.2,63.89789514558094,0,none,0.5091861034545824,2.6296108402860625,-3.213425300372457,-0.6035692904842547,-17.620002370036126,0.5655563028725825,1
19,BMS-SUP2-020,BMS-SUP2,Battery Management Systems,India,42.188526928077884,138.6233719966041,1.7154212712021886,947.096150243236,109.72636485875502,1,0.2,63.89789514558094,0,none,0.1487229222964123,-0.6715137611939118,12.11748907196156,-4.397674485100616,-5.290384975676398,0.5645716021543853,1
20,BMS-SUP2-021,BMS-SUP2,Battery Management Systems,India,31.6234505973556,147.58949436247048,2.370438625091886,1050.8375325017948,43.272617794099034,1,0.2,63.89789514558094,0,none,0.005945820004968461,-0.44526796735605484,-15.959571596062169,1.7858581810141207,5.083753250179484,0.5505828261532161,1
21,BMS-SUP2-022,BMS-SUP2,Battery Management Systems,India,37.95438478240913,141.08743495787448,1.8709966534495575,1215.3467927170877,5.790971268948301,1,0.2,63.89789514558094,0,none,-0.39495409295522094,-1.012463190307784,0.8651079078729526,-2.698320718707256,21.534679271708775,0.6014466664014841,1
22,BMS-SUP2-023,BMS-SUP2,Battery Management Systems,India,33.160328101292826,145.78445873188804,1.361397020803659,880.0989607484988,30.707571596511837,1,0.2,63.89789514558094,0,none,-0.11800808346617653,2.3870289117613104,-11.87526575987174,0.5410060219917497,-11.990103925150118,0.5491945076786771,1
23,BMS-SUP2-024,BMS-SUP2,Battery Management Systems,India,35.95696900897145,149.07581513081303,2.3264940828437335,1052.2995328247328,30.087156224518623,1,0.2,63.89789514558094,0,none,-0.014648180749384121,0.4954402561141838,-4.4430945219568425,2.8109069867676046,5.229953282473275,0.5234825618533848,1
24,BMS-SUP2-025,BMS-SUP2,Battery Management Systems,India,35.59195066915935,146.18320481494186,1.7231349911411074,972.1633559698902,55.55254815965395,1,0.2,63.89789514558094,0,none,-0.049287220769483366,1.6985899523557937,-5.413143554356485,0.8160033206495584,-2.7836644030109823,0.503440269722391,1
0,BMS-SUP3-001,BMS-SUP3,Battery Management Systems,India,20.179756548437116,145.9833592125938,3.128387918285,982.8141201013002,32.01873770410303,0,0.2,21.453664973790552,0,none,0.0,0.0,-3.487726812013027,0.6781787673060669,-1.7185879898699796,0.034780546328076034,0
1,BMS-SUP3-002,BMS-SUP3,Battery Management Systems,India,22.078592724478444,138.61749732833258,1.780955175643454,916.6404116930104,38.49527567214927,0,0.2,21.453664973790552,0,none,0.0,0.0,5.593700673073577,-4.401725980460292,-8.335958830698962,0.019429205303740815,0
2,BMS-SUP3-003,BMS-SUP3,Battery Management Systems,India,20.720218660646644,147.67370160915593,2.9596028986275775,1030.8175088725081,110.73943047866051,0,0.2,21.453664973790552,0,none,0.0,0.0,-0.9028974610681427,1.8439321442454668,3.081750887250814,0.04300546865182142,0
3,BMS-SUP3-004,BMS-SUP3,Battery Management Systems,India,16.55524617077336,145.30706465306542,2.3449087871227117,1018.2928753538957,75.0578486273341,0,0.2,21.453664973790552,0,none,-0.26115971038742947,-0.22543151984279083,-20.82241243629874,0.21176872625201684,1.829287535389574,0.08353827932195723,0
4,BMS-SUP3-005,BMS-SUP3,Battery Management Systems,India,23.50296954663518,148.41501499438743,1.8509851252394163,948.7005250803256,5.857489613737349,0,0.2,21.453664973790552,0,none,0.0233433165319874,3.265839222018286,12.405965461930718,2.3551827547499546,-5.129947491967437,0.0853444899576522,0
5,BMS-SUP3-006,BMS-SUP3,Battery Management Systems,India,19.287706355577665,147.17702068368527,2.5104781148830684,891.1692206945307,27.789691406580094,0,0.2,21.453664973790552,0,none,-0.14970826124816972,-0.16556030849021872,-7.754071240103541,1.501393574955359,-10.883077930546927,0.043323283110339394,0
6,BMS-SUP3-007,BMS-SUP3,Battery Management Systems,India,21.122926274458358,137.4785405116712,2.3063522611027314,2919.614211668733,209.41498395724733,0,0.2,21.453664973790552,1,stale_audit_volume_spike,-0.012852175339993424,-2.609508047131404,1.023103338088604,-5.18721344022675,191.96142116687327,0.48404525441815827,1
7,BMS-SUP3-008,BMS-SUP3,Battery Management Systems,India,20.20337594252253,148.60153146339536,2.4255946836603237,868.4945390962421,119.87252810675866,0,0.2,21.453664973790552,0,none,0.1915365194736358,0.062172156335975615,-3.374764031266158,2.483814802341628,-13.150546090375792,0.05792220077486987,0
8,BMS-SUP3-009,BMS-SUP3,Battery Management Systems,India,23.256166595293486,150.2025311759607,28.698240877629075,1149.570672118003,30.935197702554756,0,0.2,21.453664973790552,1,quality_drift,8.72925425424867,1.0085034974251432,11.22559870149348,3.5879525351453108,14.957067211800291,0.7064404426964505,1
9,BMS-SUP3-010,BMS-SUP3,Battery Management Systems,India,22.33840523006399,141.03579502400854,3.1977380657913876,1053.6301432208272,36.58883625829543,0,0.2,21.453664973790552,0,none,0.2971286015628854,1.1857515041124411,6.836287294797202,-2.73393446620101,5.363014322082722,0.052075297303658896,0
10,BMS-SUP3-011,BMS-SUP3,Battery Management Systems,India,19.5117194164407,146.11700944958528,1.4964941478559886,1069.9673275352864,24.391157610630305,0,0.2,21.453664973790552,0,none,-0.30970017860144505,-0.8281740046033595,-6.682700053052973,0.770351344541574,6.996732753528636,0.02658544134165508,0
11,BMS-SUP3-012,BMS-SUP3,Battery Management Systems,India,21.68391024089679,142.730951532492,2.1998143339128644,924.3090127234935,63.989761808799585,0,0.2,21.453664973790552,0,none,-8.832808847905403,-2.4905265478228955,3.7060810882428608,-1.564861012074473,-7.569098727650646,0.29168640715003635,0
12,BMS-SUP3-013,BMS-SUP3,Battery Management Systems,India,24.859510280446052,151.02500937766158,2.5092631677729442,997.4705734435048,38.84714210600586,0,0.2,21.453664973790552,0,none,-0.22949163267281447,3.3297381178843466,18.893795460173543,4.155178881145914,-0.25294265564951957,0.09903565404139325,0
13,BMS-SUP3-014,BMS-SUP3,Battery Management Systems,India,23.271661263943734,141.39029003739725,2.293304256459115,817.804177043192,30.68209763862316,0,0.2,21.453664973790552,0,none,0.2656033695343754,-1.5755731373960107,11.299703941075567,-2.489455146622586,-18.2195822956808,0.07504594449197088,0
14,BMS-SUP3-015,BMS-SUP3,Battery Management Systems,India,25.22676590542647,145.34835941711043,1.2695186278237078,1060.889051657703,25.063146532466074,0,0.2,21.453664973790552,0,none,-0.3100985686963855,0.8724692948728053,20.65024257700855,0.2402478738692621,6.088905165770302,0.09281550645320491,0
15,BMS-SUP3-016,BMS-SUP3,Battery Management Systems,India,19.52200782568372,147.72560729559086,2.4593007530315782,951.1891224661398,52.564361133681935,0,0.2,21.453664973790552,0,none,-0.016654138247121992,-1.0998006940235712,-6.633494416644599,1.8797291693730083,-4.88108775338602,0.011953569194604774,0
16,BMS-SUP3-017,BMS-SUP3,Battery Management Systems,India,21.172116218393803,143.2188248465712,1.7774051234737125,966.743681852164,52.40652471408514,0,0.2,21.453664973790552,0,none,-0.17196637766180078,0.6095116030579865,1.2583605522083237,-1.228396657537097,-3.3256318147836055,0.0,0
17,BMS-SUP3-018,BMS-SUP3,Battery Management Systems,India,20.536608903352302,138.85123759762038,2.8265560009629858,726.1188563056667,68.89567045439048,0,0.2,21.453664973790552,0,none,0.5190124577130927,-2.165707273163349,-1.781034668196338,-4.240525794744563,-27.38811436943333,0.1236704251856039,0
18,BMS-SUP3-019,BMS-SUP3,Battery Management Systems,India,19.612232248542295,145.64457811874067,2.612854594176584,1112.6764808261034,69.77445523408561,0,0.2,21.453664973790552,0,none,0.0511846137150019,-0.6936763922833981,-6.201984545539156,0.44453663361425383,11.267648082610343,0.024899559601065047,0
19,BMS-SUP3-020,BMS-SUP3,Battery Management Systems,India,22.135490874953867,145.85180998728435,1.4762540026836044,4631.401473582963,327.13011673496743,0,0.2,21.453664973790552,1,stale_audit_volume_spike,-0.10038370693003602,0.8776617135710486,5.865823373334819,0.5874551636443828,363.1401473582963,0.7327492417211136,1
20,BMS-SUP3-021,BMS-SUP3,Battery Management Systems,India,21.786132619917026,146.6963257572602,2.469842081439755,950.5423117838393,24.75161179786837,0,0.2,21.453664973790552,0,none,-0.11890463984107698,2.6150293865466097,4.194972723097154,1.1698798325932496,-4.9457688216160705,0.029033859501337966,0
21,BMS-SUP3-022,BMS-SUP3,Battery Management Systems,India,17.64643232497174,144.71364476926843,2.0500863519989867,932.2702057932969,111.5350379289241,0,0.2,21.453664973790552,0,none,-0.18758941405919907,-0.310311116490747,-15.603674739430963,-0.19748636602177438,-6.77297942067031,0.056243458306869054,0
22,BMS-SUP3-023,BMS-SUP3,Battery Management Systems,India,23.161906022792095,143.50683743600962,2.722364235238105,1004.9740665444599,76.60241251929128,0,0.2,21.453664973790552,0,none,0.4153700775181668,-0.7816575170915788,10.774785427196829,-1.029767285510608,0.4974066544459902,0.05251750524148713,0
23,BMS-SUP3-024,BMS-SUP3,Battery Management Systems,India,20.369653366125135,143.69723637505646,1.9836937340224927,1042.8482928655833,9.814075421786377,0,0.2,21.453664973790552,0,none,-0.16204944913908736,-0.9996964607345831,-2.579520932410633,-0.8984576723748534,4.284829286558329,0.04549135866657339,0
24,BMS-SUP3-025,BMS-SUP3,Battery Management Systems,India,17.58311520534903,137.81586192070878,2.5443659168780934,3057.707395199927,206.37701506085975,0,0.2,21.453664973790552,1,stale_audit_volume_spike,0.16475985495970225,-2.2992609495198812,-15.906496982694183,-4.95457798571808,205.7707395199927,0.5195667995878801,1
0,BMS-SUP4-001,BMS-SUP4,Battery Management Systems,India,26.106864307831675,139.4713551572858,0.0,1167.4431682395295,11.37008709725923,0,0.2,2.044894237208793,0,none,0.0,0.0,7.809315781091883,-3.81285851221668,16.744316823952953,0.15830517063444938,0
1,BMS-SUP4-002,BMS-SUP4,Battery Management Systems,India,23.200553897410902,140.93735903098874,0.31960468789871976,880.9427663886689,69.74015318542352,0,0.2,2.044894237208793,0,none,0.0,0.0,-4.192406566732717,-2.8018213579387967,-11.905723361133107,0.08485174122867711,0
2,BMS-SUP4-003,BMS-SUP4,Battery Management Systems,India,22.334814423559838,149.75687545874075,0.37451065246735393,895.6649816382685,108.02890456722668,0,0.2,2.044894237208793,0,none,0.0,0.0,-7.767511536063204,3.2806037646487938,-10.433501836173148,0.09731173785255043,0
3,BMS-SUP4-004,BMS-SUP4,Battery Management Systems,India,17.86115380677886,144.47465669146806,0.48976551678728025,1082.4742746547968,15.115831080304421,0,0.2,2.044894237208793,0,none,0.16325517226242675,1.6677671780607473,-26.24166777501417,-0.3623057300220306,8.247427465479678,0.2195411430346107,0
4,BMS-SUP4-005,BMS-SUP4,Battery Management Systems,India,27.029327511632623,148.5696069332398,1.2008468942016908,994.7278623995862,42.34649339069296,0,0.2,2.044894237208793,0,none,0.2937474021009903,2.5440826340836886,11.618663608635483,2.461797884992973,-0.5272137600413771,0.07496139193731599,0
5,BMS-SUP4-006,BMS-SUP4,Battery Management Systems,India,20.653045897017595,148.10175690863971,0.18924373130238692,834.8598167577063,113.04537959766296,0,0.2,2.044894237208793,0,none,-0.06175564038832234,-0.5517061833670122,-14.712440349069055,2.139142695613596,-16.51401832422937,0.14827425750109646,0
6,BMS-SUP4-007,BMS-SUP4,Battery Management Systems,India,24.22917183653917,141.41429844425343,0.7628618782002595,819.1762444995983,47.13279781459139,0,0.2,2.044894237208793,0,none,0.09103212047099309,-1.0201194157382076,0.055311386292709236,-2.472897624652805,-18.082375550040172,0.08163425753944797,0
7,BMS-SUP4-008,BMS-SUP4,Battery Management Systems,India,27.5391206639443,148.93153056289623,0.0501766943954558,999.7000356529461,101.27917470909031,0,0.2,2.044894237208793,0,none,-0.383556733268745,0.12064120988547226,13.723874341435764,2.711400388204295,-0.02999643470539013,0.13690879568453607,0
8,BMS-SUP4-009,BMS-SUP4,Battery Management Systems,India,25.230904630639255,145.64477046839812,1.122402153008658,926.928752479878,5.492523222787526,0,0.2,2.044894237208793,0,none,0.3110528072354237,-0.818995480080531,4.192006082906059,0.4446692885504286,-7.307124752012204,0.11994831079687207,0
9,BMS-SUP4-010,BMS-SUP4,Battery Management Systems,India,24.172555888351482,143.81348509263097,0.3799223566419835,1007.2868237828491,5.368884428796161,0,0.2,2.044894237208793,0,none,-0.12764650718609202,0.7997288827925123,-0.17848638292392138,-0.8182861430131244,0.7286823782849069,0.12107787496410627,0
10,BMS-SUP4-011,BMS-SUP4,Battery Management Systems,India,21.676928675868197,148.48781220806694,0.08663250846923043,978.1766555452826,66.00463917451273,0,0.2,2.044894237208793,0,none,0.012151938024591543,-0.14790611827642883,-10.484276425345254,2.405387729701339,-2.182334445471736,0.10236027614587007,0
11,BMS-SUP4-012,BMS-SUP4,Battery Management Systems,India,25.082953503873583,135.7818978600546,1.0202800198170887,932.3009652387836,19.07701748900371,0,0.2,2.044894237208793,0,none,-0.034040711063856456,-3.2876242027811693,3.581036126592162,-6.357311820651991,-6.769903476121636,0.09164630161792042,0
12,BMS-SUP4-013,BMS-SUP4,Battery Management Systems,India,23.057864199969906,144.78753040205706,1.5317181323865714,972.2661791206332,44.618057942917886,0,0.2,2.044894237208793,0,none,0.383931925248196,0.3246817698086962,-4.7816492451615495,-0.14653075720202885,-2.7733820879366817,0.0538286009743032,0
13,BMS-SUP4-014,BMS-SUP4,Battery Management Systems,India,24.310328465604144,146.8070719117767,0.6098044070580468,1084.7851626300123,24.576484568165526,0,0.2,2.044894237208793,0,none,0.1743906328629388,-0.5602467654300843,0.3904508556456049,1.2462564908804747,8.478516263001234,0.07475560890855992,0
14,BMS-SUP4-015,BMS-SUP4,Battery Management Systems,India,21.832827720887405,142.22219357185995,0.624680300514405,977.918121444967,111.93672255459106,0,0.2,2.044894237208793,0,none,-0.13186657310089456,2.1467652372684447,-9.84048523019186,-1.9157285711310712,-2.208187855503297,0.09070509336436305,0
15,BMS-SUP4-016,BMS-SUP4,Battery Management Systems,India,27.375287041330548,140.7551032330277,0.20785071654539328,856.3760581687146,115.70979299983723,0,0.2,2.044894237208793,0,none,-0.44128913861372604,-1.344142389676449,13.047316998215207,-2.927515011705027,-14.362394183128538,0.16251879101711364,0
16,BMS-SUP4-017,BMS-SUP4,Battery Management Systems,India,24.953558642082378,147.08714009222436,0.0,999.8830010993125,9.354603413959746,0,0.2,2.044894237208793,0,none,-0.20326813568601562,0.09335606014922367,3.046694991218276,1.4394069601547306,-0.0116998900687463,0.1334575427410325,0
17,BMS-SUP4-018,BMS-SUP4,Battery Management Systems,India,23.603705348198098,149.67931946799482,1.7307406751737744,905.2937172906048,16.35795863705966,0,0.2,2.044894237208793,0,none,0.3686867915531231,2.485708632044956,-2.527576905344249,3.2271168744791834,-9.470628270939516,0.08402897941579601,0
18,BMS-SUP4-019,BMS-SUP4,Battery Management Systems,India,22.090223173641032,151.98696634607174,1.0960027708672018,986.4472182206351,5.511637853019245,0,0.2,2.044894237208793,0,none,0.29605068477393615,3.743954371014676,-8.777560655285772,4.818597480049475,-1.3552781779364864,0.15075253356825624,0
19,BMS-SUP4-020,BMS-SUP4,Battery Management Systems,India,22.238453856306066,148.87161813618286,0.3848742002980827,973.9923460545001,51.68360571111652,0,0.4650212274181709,86.94671837422887,1,concentration_geopolitical,0.1282914000993609,0.5948260146528336,-8.16543626196721,2.670081473229559,-2.6007653945499896,0.2733203339386364,0
20,BMS-SUP4-021,BMS-SUP4,Battery Management Systems,India,23.760533390208714,143.97789792828436,0.5801127151168971,1079.5355413793077,17.384249064024054,0,0.2,2.044894237208793,0,none,-0.3835426533522924,-1.9004738465701507,-1.879949380832205,-0.7048979804935424,7.953554137930769,0.09077659899372637,0
21,BMS-SUP4-022,BMS-SUP4,Battery Management Systems,India,25.63357820198105,148.49441687276556,0.47489808130179734,929.2202136831283,40.183444589516114,0,0.2,2.044894237208793,0,none,-0.2070348965218015,-1.164183157768728,5.854862322460822,2.4099426708727965,-7.077978631687165,0.08141229717047549,0
22,BMS-SUP4-023,BMS-SUP4,Battery Management Systems,India,24.630450729258463,138.8115653779386,28.267472221567512,991.7102976518446,28.167504658444585,0,0.2,2.044894237208793,1,quality_drift,9.294199340423143,-3.353350919414756,1.7124082460057073,-4.267885946249247,-0.8289702348155401,0.6985064248565128,1
23,BMS-SUP4-024,BMS-SUP4,Battery Management Systems,India,27.803915738948074,147.08729981052466,1.2614125712966835,1026.342526165216,34.68397245969917,0,0.2,2.044894237208793,0,none,0.2270999520599288,1.0364672940800972,14.817355945421276,1.4395171107066587,2.6342526165215987,0.07828196045533298,0
24,BMS-SUP4-025,BMS-SUP4,Battery Management Systems,India,21.947733294533506,145.05189346940506,0.5813520751900797,863.2886115965766,53.63418245117633,0,0.2,2.044894237208793,0,none,0.035484664629427454,-1.1475078011201656,-9.365978176102493,0.03578859958969556,-13.671138840342337,0.08196997977324316,0
0,CHIP-SUP1-001,CHIP-SUP1,Semiconductor Chips (BMS),South Korea,35.56170990842455,2.905434213233145,1.5285740668995906,1199.4428494681072,35.28437125459703,0,0.4,16.636927137987517,0,none,0.0,0.0,14.200279177871055,-9.205180836464223,19.944284946810715,0.10805366361209856,0
1,CHIP-SUP1-002,CHIP-SUP1,Semiconductor Chips (BMS),South Korea,25.74231449054691,3.1366531256943047,2.2086730091885602,1037.6069596320772,44.12969436765731,0,0.4,16.636927137987517,0,none,0.0,0.0,-17.333010446480788,-1.979589822052985,3.7606959632077177,0.04980242960042336,0
2,CHIP-SUP1-003,CHIP-SUP1,Semiconductor Chips (BMS),South Korea,29.00594425365447,3.11044795661603,1.6620129307360398,1133.8196132938654,13.124832313677718,0,0.4,16.636927137987517,0,none,0.0,0.0,-6.852428071790243,-2.798501355749064,13.381961329386536,0.05611192930907194,0
3,CHIP-SUP1-004,CHIP-SUP1,Semiconductor Chips (BMS),South Korea,32.55978660437192,2.986936838390803,0.8174477317123212,1053.3252021213764,115.30461199271055,0,0.4,16.636927137987517,0,none,-0.23704211172908982,0.02716754171921935,4.560121821091289,-6.65822380028741,5.332520212137638,0.0696166164378601,0
4,CHIP-SUP1-005,CHIP-SUP1,Semiconductor Chips (BMS),South Korea,30.43736430580031,3.2486640713897885,0.9126169910276974,897.5737665641136,63.85957472404708,0,0.4,16.636927137987517,0,none,-0.43201867272028754,0.037336981898494624,-2.2556702106860453,1.5207522309308856,-10.242623343588638,0.025442942405179192,0
5,CHIP-SUP1-006,CHIP-SUP1,Semiconductor Chips (BMS),South Korea,32.70813059245569,3.3698430032662015,1.7849407060943179,1007.3656594992194,119.79943438975903,0,0.4,16.636927137987517,0,none,0.040975925119426014,0.0864650155500571,5.036502875240533,5.30759385206879,0.7365659499219419,0.05162798761707743,0
6,CHIP-SUP1-007,CHIP-SUP1,Semiconductor Chips (BMS),South Korea,28.39103036495542,3.080608839430872,0.9459604907867822,948.9122911670852,9.837640836102013,0,0.4,16.636927137987517,0,none,0.04283758635815368,0.031224000346689706,-8.827117644946735,-3.7309737677852506,-5.1087708832914815,0.07069108499206467,0
7,CHIP-SUP1-008,CHIP-SUP1,Semiconductor Chips (BMS),South Korea,32.18801357876666,2.8640156822839806,1.0885754745752902,1120.4507551606157,5.845035992390208,0,0.4,16.636927137987517,0,none,0.0586528278491976,-0.12821612970193597,3.3662370662734364,-10.49950992862561,12.04507551606157,0.1343281222000584,0
8,CHIP-SUP1-009,CHIP-SUP1,Semiconductor Chips (BMS),South Korea,26.72724106947452,3.5769313890557046,1.4669431225516596,1038.4333959313408,22.971507368464113,0,0.4,16.636927137987517,0,none,-0.10599919451421942,0.06902946192983439,-14.17008913102986,11.779105907990763,3.843339593134078,0.13173919141857426,0
9,CHIP-SUP1-010,CHIP-SUP1,Semiconductor Chips (BMS),South Korea,29.99509092438198,3.083588210908577,2.542251481242012,1100.320586961775,14.699662860405796,0,0.4,16.636927137987517,0,none,0.5320969968184098,0.000993123825901628,-3.675954661601857,-3.637868409106973,10.0320586961775,0.07575378462329896,0
10,CHIP-SUP1-011,CHIP-SUP1,Semiconductor Chips (BMS),South Korea,32.93432650525158,3.0394692175421305,2.1201790845791786,915.6867341988251,51.34071530360816,0,0.4,16.636927137987517,0,none,0.3438678700012961,0.05848451175271663,5.7628919171821025,-5.016586951808427,-8.43132658011749,0.029490289206252074,0
11,CHIP-SUP1-012,CHIP-SUP1,Semiconductor Chips (BMS),South Korea,26.034751664331054,2.873462583896397,1.6405595900355991,919.0900732805092,59.25535781874805,0,0.4,16.636927137987517,0,none,0.05787215582797985,-0.2344896017197692,-16.393899054645683,-10.204294253237599,-8.090992671949085,0.09420622752937624,0
12,CHIP-SUP1-013,CHIP-SUP1,Semiconductor Chips (BMS),South Korea,32.82322075745164,3.5392129233681264,2.1761941179990725,974.2682114734328,19.4468802384403,0,0.4,16.636927137987517,0,none,-0.12201912108097979,0.15187490415318314,5.406095029470745,10.600403855253946,-2.5731788526567243,0.10416682234661345,0
13,CHIP-SUP1-014,CHIP-SUP1,Semiconductor Chips (BMS),South Korea,33.90407223688421,3.379540483173585,1.3096461292961925,1003.4177715724575,64.8408463860288,0,0.4,16.636927137987517,0,none,-0.27017765176099534,0.11335708854381821,8.87706256783913,5.610640099174529,0.3417771572457468,0.03595999387437021,0
14,CHIP-SUP1-015,CHIP-SUP1,Semiconductor Chips (BMS),South Korea,32.864533328029964,3.1787077692781973,1.4213713661746696,1137.9832329754388,112.49707237026458,0,0.4,16.636927137987517,0,none,-0.0730627412869765,0.10174839512726679,5.538763202788328,-0.6653822100563395,13.798323297543881,0.038728539564864994,0
15,CHIP-SUP1-016,CHIP-SUP1,Semiconductor Chips (BMS),South Korea,32.62642071335611,3.4750574512036687,1.2881911075958334,1162.297344862938,68.34564147848066,0,0.4,16.636927137987517,0,none,-0.2960010034677463,-0.02138515738815257,4.774105734360892,8.59554535011464,16.229734486293797,0.07515976552536785,0
16,CHIP-SUP1-017,CHIP-SUP1,Semiconductor Chips (BMS),South Korea,41.32567665708202,3.0092028917148035,1.136741362600371,1041.8797828200547,11.76212164970223,0,0.4,16.636927137987517,0,none,-0.05763492223194048,-0.12344586381959388,32.7102612221459,-5.962409633912396,4.187978282005474,0.15550166139270227,0
17,CHIP-SUP1-018,CHIP-SUP1,Semiconductor Chips (BMS),South Korea,37.21246383808617,3.093060050672075,1.933873248055984,1116.2463004681995,113.06782852262201,0,0.4,16.636927137987517,0,none,0.17083396062710476,-0.028549239535374138,19.501389841750182,-3.341873416497665,11.624630046819949,0.09898548321149414,0
18,CHIP-SUP1-019,CHIP-SUP1,Semiconductor Chips (BMS),South Korea,28.147253952769894,3.4252414088406717,2.0960764543667487,1059.9584519790378,7.0965733937331175,0,0.4,16.636927137987517,0,none,0.2692951155903051,-0.016605347454332325,-9.609963419243195,7.0387940262709865,5.9958451979037815,0.11246314779016531,0
19,CHIP-SUP1-020,CHIP-SUP1,Semiconductor Chips (BMS),South Korea,31.843870186954994,3.1874022732416996,1.8018065558353626,1003.1134852944978,19.330179219147173,0,0.4,16.636927137987517,0,none,0.22168839774499718,0.05939979384229869,2.2610801004437104,-0.3936789611968944,0.31134852944977637,0.03179123791461924,0
20,CHIP-SUP1-021,CHIP-SUP1,Semiconductor Chips (BMS),South Korea,27.648449806656043,3.0642360039435776,0.9571181662952458,924.7963746347708,93.0938417590475,0,0.4,16.636927137987517,0,none,-0.32558502725357935,-0.009608015576165752,-11.211786641129013,-4.2426248767632035,-7.520362536522918,0.045701075644918765,0
21,CHIP-SUP1-022,CHIP-SUP1,Semiconductor Chips (BMS),South Korea,31.055835064659018,3.2344550069262,1.7318205554820973,937.2679074083121,12.86000739549715,0,0.4,16.636927137987517,0,none,-0.12141863296155046,-0.06359546730482386,-0.2695583643520676,1.0767189664437486,-6.273209259168789,0.04353048470998666,0
22,CHIP-SUP1-023,CHIP-SUP1,Semiconductor Chips (BMS),South Korea,30.306129442501664,3.1306516824349586,1.722607107375268,816.3489797624927,114.50308342202487,0,0.4,16.636927137987517,0,none,-0.02639981615336488,-0.01891686360224698,-2.677108270474742,-2.1671349239075486,-18.36510202375073,0.05789229446752309,0
23,CHIP-SUP1-024,CHIP-SUP1,Semiconductor Chips (BMS),South Korea,34.194813547009275,2.9220124913500625,2.0402010871756198,1151.1136566359135,67.3126143128417,0,0.4,16.636927137987517,0,none,0.36102764029345796,-0.047407837531171726,9.810727986918334,-8.687109645310553,15.111365663591346,0.08698537645271764,0
24,CHIP-SUP1-025,CHIP-SUP1,Semiconductor Chips (BMS),South Korea,32.048473322642664,3.3790539335761647,1.248019394687282,1086.7775520526181,72.70864004380078,0,0.4,16.636927137987517,0,none,-0.1612670535982718,0.04819964221665485,2.9181276742631117,5.5954354242551405,8.677755205261816,0.0315536564452058,0
0,CHIP-SUP2-001,CHIP-SUP2,Semiconductor Chips (BMS),South Korea,41.25227837908445,3.0721061657080044,1.8147797043495524,2841.8408534074283,264.3381053055372,0,0.4,45.69202671972886,1,stale_audit_volume_spike,0.0,0.0,-4.7760229333318005,-3.996682321624867,184.18408534074283,0.5622676288718915,1
1,CHIP-SUP2-002,CHIP-SUP2,Semiconductor Chips (BMS),South Korea,37.81409584529966,3.0267669084341096,1.8407558154374208,1184.411641339427,27.452786648412097,0,0.4,45.69202671972886,0,none,0.0,0.0,-12.71249159912403,-5.413534111434082,18.441164133942696,0.11402578264309626,0
2,CHIP-SUP2-003,CHIP-SUP2,Semiconductor Chips (BMS),South Korea,41.64522757769613,3.3225894346960456,1.5237067869587775,962.1714782635794,30.883800464077943,0,0.4,45.69202671972886,0,none,0.0,0.0,-3.868965506512534,3.8309198342514197,-3.7828521736420613,0.041707300271514036,0
3,CHIP-SUP2-004,CHIP-SUP2,Semiconductor Chips (BMS),South Korea,49.42289978782354,2.793726733200694,2.0423857048917853,953.6255062202463,22.738016540933195,0,0.4,45.69202671972886,0,none,0.07586866684741096,-0.09279314416910352,14.084488442463554,-12.696039587478323,-4.637449377975372,0.15605707603724783,0
4,CHIP-SUP2-005,CHIP-SUP2,Semiconductor Chips (BMS),South Korea,50.652645958955084,3.085739025247992,1.3034215277379457,986.960576108047,64.67700005284622,0,0.4,45.69202671972886,0,none,-0.17911142923315837,0.019657372271294122,16.92315156117812,-3.5706554610002574,-1.3039423891952993,0.08498711435259754,0
5,CHIP-SUP2-006,CHIP-SUP2,Semiconductor Chips (BMS),South Korea,41.40713696301899,2.9481825711142586,1.2106070143112682,1128.1333856464519,91.9993247792142,0,0.6433734973687482,84.27422612442577,1,concentration_geopolitical,-0.10436659088250311,-0.12480228786059566,-4.418557822928687,-7.869294652679423,12.813338564645186,0.3127746420986661,0
6,CHIP-SUP2-007,CHIP-SUP2,Semiconductor Chips (BMS),South Korea,45.27548368302409,3.158172606852314,1.313707256665516,1167.7569449875411,7.233620626755149,0,0.4,45.69202671972886,0,none,-0.24289281607542312,0.12148195788387343,4.510872837038224,-1.307106035865188,16.775694498754113,0.1107986228876977,0
7,CHIP-SUP2-008,CHIP-SUP2,Semiconductor Chips (BMS),South Korea,41.40057769480476,3.3753827786168547,1.2822759253184581,940.5272656226003,48.19468679480076,0,0.4,45.69202671972886,0,none,-0.007048534139829199,0.09654791778962091,-4.433698795271268,5.480711831776702,-5.947273437739967,0.0531289078604299,0
8,CHIP-SUP2-009,CHIP-SUP2,Semiconductor Chips (BMS),South Korea,43.322484410733885,3.2415378156645147,2.6892906494498945,3801.843721357021,268.0973818665144,0,0.4,45.69202671972886,1,stale_audit_volume_spike,0.4928945450462088,0.09778508151675203,0.002701040881791258,1.2980567395160791,280.1843721357021,0.680868042244186,1
9,CHIP-SUP2-010,CHIP-SUP2,Semiconductor Chips (BMS),South Korea,44.734884192228705,3.206060799118336,1.6651811169278796,1024.594730939617,5.257048545950671,0,0.4,45.69202671972886,0,none,0.1171579534207879,0.015962730755340566,3.26298943431561,0.18939997244799,2.4594730939616967,0.07816192956831347,0
10,CHIP-SUP2-011,CHIP-SUP2,Semiconductor Chips (BMS),South Korea,43.09339178248367,3.298087073563326,1.3724157061549003,905.2313664360825,31.270194247504115,0,0.4,45.69202671972886,0,none,0.03004659361214738,-0.02576523501784293,-0.526120930553894,3.0652210488539278,-9.476863356391753,0.04059102194861253,0
11,CHIP-SUP2-012,CHIP-SUP2,Semiconductor Chips (BMS),South Korea,40.22012575384254,3.2160228659936125,0.8956259793144671,1011.6468415051422,32.23896935963813,0,0.4,45.69202671972886,0,none,-0.5978882233784758,-0.008504983223634058,-7.158574437812332,0.5007145623003861,1.164684150514222,0.07517577301571021,0
12,CHIP-SUP2-013,CHIP-SUP2,Semiconductor Chips (BMS),South Korea,41.404463342373006,3.36721034652338,1.8794608889411877,1056.840952457482,47.78043202276078,0,0.4,45.69202671972886,0,none,0.07142659067110269,0.05371651580168132,-4.424729428500112,5.225323328855613,5.684095245748199,0.05477175882365559,0
13,CHIP-SUP2-014,CHIP-SUP2,Semiconductor Chips (BMS),South Korea,51.27898558027657,3.0092989902493,2.407736511899083,1102.1543865981487,39.08456121119642,0,0.4,45.69202671972886,0,none,0.3451069352480609,-0.09626269443800857,18.368951698290118,-5.959406554709377,10.215438659814867,0.1373096473944313,0
14,CHIP-SUP2-015,CHIP-SUP2,Semiconductor Chips (BMS),South Korea,39.6174078441199,3.2242543751711237,1.407995399429721,1002.9039571505292,109.87857947072031,0,0.4,45.69202671972886,0,none,0.17078980670508462,0.0027438363925037144,-8.549847809083811,0.7579492240976093,0.2903957150529209,0.07375017160652653,0
15,CHIP-SUP2-016,CHIP-SUP2,Semiconductor Chips (BMS),South Korea,34.4897856384696,3.3794854641575345,1.6029025264774701,951.5199600497763,68.79274526674789,0,0.4,45.69202671972886,0,none,-0.09218612082123918,0.004091705878051559,-20.38610506572409,5.608920754922947,-4.848003995022372,0.1229461604790194,0
16,CHIP-SUP2-017,CHIP-SUP2,Semiconductor Chips (BMS),South Korea,44.87420828092559,3.0569989858728848,0.5158683255151291,1040.7129803208277,80.95200742673745,0,0.6561877834893011,93.60363857489541,1,concentration_geopolitical,-0.6306227287946513,0.015899998541194876,3.5845957636676755,-4.468781691472357,4.071298032082768,0.35289039345050577,0
17,CHIP-SUP2-018,CHIP-SUP2,Semiconductor Chips (BMS),South Korea,42.45648298252325,3.0163355399695986,1.6879238751967933,853.5467631686411,10.168261403558812,0,0.4,45.69202671972886,0,none,0.09330949192235745,-0.06930627840050836,-1.9963182467763234,-5.7395143759500495,-14.645323683135894,0.10545013193433628,0
18,CHIP-SUP2-019,CHIP-SUP2,Semiconductor Chips (BMS),South Korea,40.06919216033547,3.335030251342649,1.4621506295336921,955.2133588223539,116.47569720033744,0,0.4,45.69202671972886,0,none,-0.04691729898125933,-0.014818404271628468,-7.506979365041613,4.2196953544577775,-4.478664117764606,0.08264900143917608,0
19,CHIP-SUP2-020,CHIP-SUP2,Semiconductor Chips (BMS),South Korea,44.84822814573955,3.2542391216759725,1.4586057321477632,940.3628332363222,119.06796165390381,0,0.4,45.69202671972886,0,none,0.31424580221087806,0.06574671193436259,3.5246249718871345,1.6949725523741355,-5.963716676367778,0.07945124916395652,0
20,CHIP-SUP2-021,CHIP-SUP2,Semiconductor Chips (BMS),South Korea,47.51802558866696,3.2717295529210206,1.553873108145444,986.2773298163744,9.657379472337288,0,0.625562774396909,88.63578683939296,1,concentration_geopolitical,-0.04468358901711644,0.08513133765047402,9.687405319235587,2.2415485287818893,-1.372267018362561,0.31227043947099564,0
21,CHIP-SUP2-022,CHIP-SUP2,Semiconductor Chips (BMS),South Korea,36.586105914634786,3.1056189869513915,1.0753046733058855,1177.1509282486745,100.27714905081028,0,0.4,45.69202671972886,0,none,-0.12894865207593553,-0.07647042146375253,-15.547100730798537,-2.9494066577690212,17.715092824867455,0.12546551428789265,0
22,CHIP-SUP2-023,CHIP-SUP2,Semiconductor Chips (BMS),South Korea,33.778960266485136,2.957798139737604,1.5772832680734077,952.7559787927576,32.771241971506306,0,0.4,45.69202671972886,0,none,0.039559178641881486,-0.0988136606461228,-22.026926411353642,-7.5688081331998776,-4.724402120724244,0.14434124639681878,0
23,CHIP-SUP2-024,CHIP-SUP2,Semiconductor Chips (BMS),South Korea,51.746279894878846,3.250006386237213,1.8808642661836965,930.7985050767786,38.16447089262952,0,0.4,45.69202671972886,0,none,0.1089970526794175,-0.007241055561269268,19.447622376504892,1.5626995699128954,-6.920149492322139,0.09691948628692859,0
24,CHIP-SUP2-025,CHIP-SUP2,Semiconductor Chips (BMS),South Korea,41.67322956406903,3.1546650922068005,1.9489570846647806,837.1002434939701,17.329247273916174,0,0.4,45.69202671972886,0,none,0.29121747045296503,0.01634870175180299,-3.8043276098201155,-1.4167158685374908,-16.28997565060299,0.09480746446764232,0
0,CHIP-SUP3-001,CHIP-SUP3,Semiconductor Chips (BMS),South Korea,31.34568468714564,3.404951073404868,0.49624144787437796,907.6834875971807,103.46243226206792,0,0.4,3.2075537293435574,0,none,0.0,0.0,1.823892147238755,6.40472104390212,-9.231651240281929,0.0967030694130373,0
1,CHIP-SUP3-002,CHIP-SUP3,Semiconductor Chips (BMS),South Korea,31.554735536147728,3.2105573283069195,0.8017454165681969,898.5930807114721,57.945492515697694,0,0.4,3.2075537293435574,0,none,0.0,0.0,2.5029767266483938,0.32991650959122987,-10.14069192885279,0.04727171183343115,0
2,CHIP-SUP3-003,CHIP-SUP3,Semiconductor Chips (BMS),South Korea,30.63495995260473,3.125506115265824,0.6911478300046561,1154.708948613161,91.97531816415965,0,0.4,3.2075537293435574,0,none,0.0,0.0,-0.4848390047065553,-2.327933897943002,15.470894861316104,0.06614407510430642,0
3,CHIP-SUP3-004,CHIP-SUP3,Semiconductor Chips (BMS),South Korea,34.69394115348074,3.1146796507707686,28.502788426572696,994.4523983743666,19.031717164226393,0,0.4,3.2075537293435574,1,quality_drift,9.335515659566106,-0.09675714087803315,12.700429339269254,-2.6662609134134874,-0.5547601625633434,0.7051027999844022,1
4,CHIP-SUP3-005,CHIP-SUP3,Semiconductor Chips (BMS),South Korea,35.18124101248973,3.178375422874814,1.4071604360002674,924.797127753844,92.76651447545304,0,0.4,3.2075537293435574,0,none,0.20180500647735686,-0.010727301810701917,14.283383062639139,-0.6757680351620748,-7.520287224615595,0.0728158534255039,0
5,CHIP-SUP3-006,CHIP-SUP3,Semiconductor Chips (BMS),South Korea,63.08867034924552,5.862119920422008,1.189655999909125,1036.7053526680888,102.81462351247525,0,0.4,3.2075537293435574,1,price_spike_late_delivery,0.1661693899681563,0.9122046017187279,104.93838400628803,83.19124751318775,3.6705352668088835,0.673659708105995,1
6,CHIP-SUP3-007,CHIP-SUP3,Semiconductor Chips (BMS),South Korea,34.34391960278857,3.3224548057818057,0.3230876526650558,930.4320880483316,31.952162736931996,0,0.4,3.2075537293435574,0,none,-9.393233591302547,0.06925838500367905,11.563412968990221,3.826712680681424,-6.956791195166841,0.35773233201375243,0
7,CHIP-SUP3-008,CHIP-SUP3,Semiconductor Chips (BMS),South Korea,33.023869107742,3.2273043106800086,0.3386951093684898,981.1255786988772,60.37024916466183,0,0.4,3.2075537293435574,0,none,-0.3561551088772592,0.016309629268398258,7.275336936257999,0.8532597087502619,-1.8874421301122766,0.06801226354958922,0
8,CHIP-SUP3-009,CHIP-SUP3,Semiconductor Chips (BMS),South Korea,30.62057575902639,2.9351403993620506,1.2983650728760936,1037.7962626034073,47.10215115489168,0,0.4,3.2075537293435574,0,none,0.036236357655656214,-0.9756598403533191,-0.5315648806976002,-8.276862519935923,3.7796262603407285,0.06458621951069743,0
9,CHIP-SUP3-010,CHIP-SUP3,Semiconductor Chips (BMS),South Korea,33.39432509287694,3.1323337190683995,1.4429863728210301,860.2336119054821,45.884687143053334,0,0.4,3.2075537293435574,0,none,0.3732995733853248,-0.06337369557113541,8.478732894973426,-2.1145712791125204,-13.976638809451789,0.07197729256279684,0
10,CHIP-SUP3-011,CHIP-SUP3,Semiconductor Chips (BMS),South Korea,31.809766922815818,2.854680053960332,1.0153709337168457,897.973670788158,37.632181017682385,0,0.4,3.2075537293435574,0,none,0.22555860811611864,-0.12420808557322556,3.3314253207510944,-10.791248313739633,-10.202632921184204,0.10153490070397075,0
11,CHIP-SUP3-012,CHIP-SUP3,Semiconductor Chips (BMS),South Korea,27.4664871788461,3.2678797019928303,1.043615038017482,1140.036591688133,33.79330888382966,0,0.4,3.2075537293435574,0,none,-0.08491667828620386,0.11091310087692656,-10.777363580472642,2.121240687275941,14.003659168813305,0.07834607783402325,0
12,CHIP-SUP3-013,CHIP-SUP3,Semiconductor Chips (BMS),South Korea,28.41800738196767,3.160498263067635,0.3618331276754214,1040.613725470544,85.92971125903337,0,0.4,3.2075537293435574,0,none,-0.36038441504853624,0.00938818133307843,-7.686428049614665,-1.2344292791364175,4.061372547054407,0.0779975064930758,0
13,CHIP-SUP3-014,CHIP-SUP3,Semiconductor Chips (BMS),South Korea,38.38543970635072,3.1005062415032953,0.9000540393461958,942.4241475561785,23.445632581449264,0,0.4,3.2075537293435574,0,none,-0.038438964790216655,0.08194206251432117,24.69196036692818,-3.109179953022026,-5.757585244382153,0.15059138115185644,0
14,CHIP-SUP3-015,CHIP-SUP3,Semiconductor Chips (BMS),South Korea,31.95921813151268,3.1914600248914384,1.5771142846203032,938.3020496245223,71.22588473162654,0,0.4,3.2075537293435574,0,none,0.1778330822009404,-0.025473225700463953,3.8169053447961403,-0.26687422214255463,-6.169795037547773,0.043323673199898494,0
15,CHIP-SUP3-016,CHIP-SUP3,Semiconductor Chips (BMS),South Korea,32.44193713580732,3.198075212816169,0.8764830058052144,1242.6667758731369,102.59689902194287,0,0.4,3.2075537293435574,0,none,0.17154995937659767,0.01252564991617803,5.384978536410824,-0.06014959949472709,24.266677587313687,0.1033216585899992,0
16,CHIP-SUP3-017,CHIP-SUP3,Semiconductor Chips (BMS),South Korea,31.701377691178877,3.079964948761259,1.9267617004944402,1088.6826328799204,13.663026181255892,0,0.4,3.2075537293435574,0,none,0.3422358870494148,-0.006847097580678844,2.979331769684145,-3.7510953512106675,8.868263287992045,0.10299533367082758,0
17,CHIP-SUP3-018,CHIP-SUP3,Semiconductor Chips (BMS),South Korea,32.362197217060235,3.241231315404249,0.7756389451964179,1075.8164217228173,82.28180806445249,0,0.4,3.2075537293435574,0,none,-0.26715844647462844,0.016590430170936827,5.125949934312282,1.288478606382773,7.581642172281727,0.06052265975447535,0
18,CHIP-SUP3-019,CHIP-SUP3,Semiconductor Chips (BMS),South Korea,31.448225361618327,3.1932928462012278,1.2494785724836128,1022.9387661492459,106.60841171890449,0,0.4,3.2075537293435574,0,none,0.12433185555946613,-0.0015941222049803787,2.156987138859528,-0.2095985562116376,2.293876614924591,0.04779783946217053,0
19,CHIP-SUP3-020,CHIP-SUP3,Semiconductor Chips (BMS),South Korea,28.810896726012036,3.471002598521999,0.5087413545095136,1042.7636218879745,29.304076225127503,0,0.4,3.2075537293435574,0,none,-0.4726734486616422,0.13034588325358007,-6.410159159875638,8.468831203812464,4.276362188797452,0.13452560805096414,0
20,CHIP-SUP3-021,CHIP-SUP3,Semiconductor Chips (BMS),South Korea,36.20084176695245,3.0554427940441857,0.6663196953036211,903.0181936738174,50.69825705058145,0,0.4,3.2075537293435574,0,none,-0.03643974996426558,-0.061929507120021064,17.595472694493004,-4.517412686119202,-9.698180632618255,0.10381702968788653,0
21,CHIP-SUP3-022,CHIP-SUP3,Semiconductor Chips (BMS),South Korea,26.557385318380163,3.1234354408387577,0.0,1024.042135412809,85.49107149173834,0,0.4,3.2075537293435574,0,none,-0.4164928574945376,-0.02328580178749003,-13.730506595686425,-2.3926424737888277,2.4042135412809102,0.11679089701608658,0
22,CHIP-SUP3-023,CHIP-SUP3,Semiconductor Chips (BMS),South Korea,26.20334812911817,3.3736975044758495,0.3801178769913175,1079.6943690028215,116.92443886122985,0,0.4,3.2075537293435574,0,none,-0.04287449250606538,-0.0324350313487165,-14.880567439318536,5.42804701487029,7.969436900282153,0.15716716652219787,0
23,CHIP-SUP3-024,CHIP-SUP3,Semiconductor Chips (BMS),South Korea,35.714525404417614,3.3199280862281837,0.5299273907467731,908.2917447789694,42.15974370672915,0,0.4,3.2075537293435574,0,none,-0.04546410151894934,0.08816176406133265,16.015713778954257,3.747752694630735,-9.170825522103064,0.09999535117449176,0
24,CHIP-SUP3-025,CHIP-SUP3,Semiconductor Chips (BMS),South Korea,29.97650338056637,3.1729051988765815,1.670070757069836,925.1311126630044,63.9014383344936,0,0.4,3.2075537293435574,0,none,0.5566902523566121,0.016489919345941278,-2.6237813071016705,-0.8467125351068333,-7.486888733699561,0.06491000899855792,0
0,CHIP-SUP4-001,CHIP-SUP4,Semiconductor Chips (BMS),South Korea,29.525310403839956,3.329458798141696,1.4615384711827393,971.1094119147342,17.566184093766875,0,0.4,34.46349241294007,0,none,0.0,0.0,9.546277936523062,4.045587441927998,-2.889058808526579,0.04875791394303619,0
1,CHIP-SUP4-002,CHIP-SUP4,Semiconductor Chips (BMS),South Korea,24.105533089903112,3.2509374762519574,1.4724037104719574,1007.4927078566226,56.427880966206544,0,0.4,34.46349241294007,0,none,0.0,0.0,-10.562449926651963,1.591796132873663,0.7492707856622587,0.023860559745988774,0
2,CHIP-SUP4-003,CHIP-SUP4,Semiconductor Chips (BMS),South Korea,23.75224659339458,3.162211151642776,1.6357002866486845,929.5840062425484,44.141834486068944,0,0.4,34.46349241294007,0,none,0.0,0.0,-11.873231090622745,-1.1809015111632486,-7.041599375745159,0.02238408352641985,0
3,CHIP-SUP4-004,CHIP-SUP4,Semiconductor Chips (BMS),South Korea,29.401219051138355,3.2464213323342013,2.438460694607369,850.1104720389858,5.106502274111565,0,0.4,34.46349241294007,0,none,0.32564074114154323,-0.02767915526916494,9.08586801613148,1.450666635443784,-14.98895279610142,0.1071294963592252,0
4,CHIP-SUP4-005,CHIP-SUP4,Semiconductor Chips (BMS),South Korea,27.939727622323456,3.0536711925129727,1.6917020758519397,889.3417506212122,110.61556430988448,0,0.4,34.46349241294007,0,none,0.07309945512666076,-0.0657554279129949,3.663369689340613,-4.572775233969608,-11.065824937878778,0.05493811432301976,0
5,CHIP-SUP4-006,CHIP-SUP4,Semiconductor Chips (BMS),South Korea,29.803477587121943,3.2435733441805326,0.6149458974106027,2707.070513810666,319.4464667420209,0,0.4,34.46349241294007,1,stale_audit_volume_spike,-0.34025146307936066,0.02712073084591878,10.578347681289069,1.361667005641637,170.70705138106658,0.6382417615677494,1
6,CHIP-SUP4-007,CHIP-SUP4,Semiconductor Chips (BMS),South Korea,27.009498281602095,2.768959581169202,2.162759996877196,1013.6656506253833,17.347072713950972,0,0.4,34.46349241294007,0,none,-0.09190023257672442,-0.15915391705499982,0.21198643512365917,-13.470013088462448,1.366565062538325,0.1138194476388048,0
7,CHIP-SUP4-008,CHIP-SUP4,Semiconductor Chips (BMS),South Korea,29.63400336455986,3.0915935979348963,1.1971187461409682,1035.8352651014036,57.298468634693265,0,0.4,34.46349241294007,0,none,-0.16486110990365713,0.012640801807307867,9.94955597566664,-3.387700064534496,3.5835265101403593,0.033078260065720455,0
8,CHIP-SUP4-009,CHIP-SUP4,Semiconductor Chips (BMS),South Korea,31.32831401488658,3.257553839824657,1.7725376343682355,1079.1498932084826,44.13961335153459,0,0.4,34.46349241294007,0,none,0.3858639123192109,0.004660165214708171,16.235871779728868,1.7985574945205278,7.9149893208482585,0.06338970173331071,0
9,CHIP-SUP4-010,CHIP-SUP4,Semiconductor Chips (BMS),South Korea,28.688494904503738,3.0825482450970356,1.7005838383413658,977.2532372392662,80.91352789643354,0,0.4,34.46349241294007,0,none,-0.1540587195119433,0.10452955464261127,6.441483371519829,-3.6703673407176423,-2.274676276073376,0.023360407267783323,0
10,CHIP-SUP4-011,CHIP-SUP4,Semiconductor Chips (BMS),South Korea,27.270679673442697,2.708315156668592,1.630790660795666,1064.2152952299264,105.58307236193805,0,0.4,34.46349241294007,0,none,0.14455730488489923,-0.1277594804221014,1.1810346500646054,-15.3651513541065,6.421529522992637,0.13095913848457585,0
11,CHIP-SUP4-012,CHIP-SUP4,Semiconductor Chips (BMS),South Korea,24.531267975948865,3.2713485357341527,1.4900518318387856,1164.2161691930405,119.64458383015464,0,0.4,34.46349241294007,0,none,-0.09416193417648329,0.00459823196983189,-8.982867137643368,2.2296417416922676,16.42161691930405,0.07238482192966667,0
12,CHIP-SUP4-013,CHIP-SUP4,Semiconductor Chips (BMS),South Korea,23.328678644145427,3.249819700659466,1.7601814550396286,1104.4491894050568,88.78826889185837,0,0.4,34.46349241294007,0,none,0.019865872232754267,0.05575715185414346,-13.444774002747941,1.5568656456083074,10.444918940505682,0.0478500525226514,0
13,CHIP-SUP4-014,CHIP-SUP4,Semiconductor Chips (BMS),South Korea,24.531992887645874,2.8098660137952605,1.302784353934035,1076.0945525881116,50.99439157276145,0,0.4,34.46349241294007,0,none,-0.10933543562054367,0.03385028570888945,-8.980177534142037,-12.191687068898116,7.609455258811158,0.08536826282148346,0
14,CHIP-SUP4-015,CHIP-SUP4,Semiconductor Chips (BMS),South Korea,29.111727954248998,3.223796508147244,2.185377840074168,970.4783292879339,94.20846861256196,0,0.4,34.46349241294007,0,none,0.23177533607846076,-0.015850675862302932,8.011783722817293,0.7436408796013677,-2.952167071206611,0.03401969939701521,0
15,CHIP-SUP4-016,CHIP-SUP4,Semiconductor Chips (BMS),South Korea,28.315842714182672,3.440256299620991,0.6880261517759366,954.1591725446842,39.147954849038115,0,0.4,34.46349241294007,0,none,-0.3573851010878973,0.0634788663205083,5.058850645353592,7.508009363155959,-4.584082745531577,0.06788317348570527,0
16,CHIP-SUP4-017,CHIP-SUP4,Semiconductor Chips (BMS),South Korea,31.118919225498562,3.2384114420227332,1.394992722732332,1075.7118368674444,75.36788145433793,0,0.4,34.46349241294007,0,none,0.030736122932765692,0.14284847607582427,15.45896479778648,1.200357563210408,7.571183686744439,0.045045083834509336,0
17,CHIP-SUP4-018,CHIP-SUP4,Semiconductor Chips (BMS),South Korea,25.982989718766458,3.2528491699484077,2.1316084361490604,1189.045899327445,72.8924588261676,0,0.4,34.46349241294007,0,none,-0.017923134641702514,0.009684220600387908,-3.5966167866730783,1.6515365608877342,18.90458993274451,0.038944074753326174,0
18,CHIP-SUP4-019,CHIP-SUP4,Semiconductor Chips (BMS),South Korea,27.071327684467263,3.191347971833935,1.820043083539887,988.432715752055,35.74326216262083,0,0.4,34.46349241294007,0,none,0.3773389772546502,-0.08296944259568528,0.44138896665592986,-0.2703758801895356,-1.1567284247945053,0.022940639628037607,0
19,CHIP-SUP4-020,CHIP-SUP4,Semiconductor Chips (BMS),South Korea,24.101136426767273,3.4075291514385855,0.9712524413687363,2944.2228693091774,243.61325576155645,0,0.4,34.46349241294007,1,stale_audit_volume_spike,-0.14124676045453188,0.05637256980528408,-10.57876264530874,6.485285982455791,194.42228693091772,0.5608374484136929,1
20,CHIP-SUP4-021,CHIP-SUP4,Semiconductor Chips (BMS),South Korea,32.31854302546296,3.132370722423628,1.2083368979628775,944.9183082666207,44.47509757924411,0,0.4,34.46349241294007,0,none,-0.3077571793953943,-0.040159482508259924,19.90986879888638,-2.113414924261633,-5.508169173337933,0.06918040227933608,0
21,CHIP-SUP4-022,CHIP-SUP4,Semiconductor Chips (BMS),South Korea,19.372423243334513,3.039561918056226,2.906989159522851,1059.0882073491637,10.69651833769072,0,0.4,34.46349241294007,0,none,0.362315358660988,-0.05059535125923631,-28.123469935060214,-5.013690060742939,5.908820734916366,0.22363424007893584,0
22,CHIP-SUP4-023,CHIP-SUP4,Semiconductor Chips (BMS),South Korea,26.83938406136948,3.210792730570858,1.9644074278958785,1183.9502002822564,94.60092926451523,0,0.4,34.46349241294007,0,none,0.3310516621757141,-0.06557880695590912,-0.41917982174771307,0.33727283033931077,18.395020028225645,0.05387922263339673,0
23,CHIP-SUP4-024,CHIP-SUP4,Semiconductor Chips (BMS),South Korea,25.49750590352602,3.325933510735713,1.192218456511645,896.666250401097,75.9697864337343,0,0.4,34.46349241294007,0,none,-0.005372813817077511,0.06452092943736165,-5.397883030129607,3.935422210491021,-10.333374959890296,0.028422602167909594,0
24,CHIP-SUP4-025,CHIP-SUP4,Semiconductor Chips (BMS),South Korea,22.733972076460674,3.0565687750201165,0.95244992109264,1031.3236527374718,46.87246165782713,0,0.4,34.46349241294007,0,none,-0.6515130794767371,0.00566895232129679,-15.651283945004014,-4.4822257806213655,3.1323652737471774,0.07545421237250804,0
0,COBALT-SUP1-001,COBALT-SUP1,Cobalt,DR Congo,27.942055024187212,33526.86646047171,1.1938669499902579,967.62082957134,115.30906637712623,0,0.75,33.817357258471354,0,none,0.0,0.0,-8.690472478647829,1.5965650317324616,-3.237917042866002,0.12082907890898786,0
1,COBALT-SUP1-002,COBALT-SUP1,Cobalt,DR Congo,30.54772227496556,30319.803408466236,0.41643706224251636,991.8412230314879,32.03616844127584,0,0.75,33.817357258471354,0,none,0.0,0.0,-0.1756282647744599,-8.12180785313262,-0.8158776968512143,0.1277163135494911,0
2,COBALT-SUP1-003,COBALT-SUP1,Cobalt,DR Congo,25.657315548971916,34431.73850151081,0.32624818348961737,743.5255658179433,72.9356513288331,0,0.75,33.817357258471354,0,none,0.0,0.0,-16.156583393206777,4.338601519729722,-25.647443418205672,0.24251126755227126,0
3,COBALT-SUP1-004,COBALT-SUP1,Cobalt,DR Congo,31.434958511153052,30879.791772611643,0.0,1083.5807896314336,22.875779869593583,0,0.75,33.817357258471354,0,none,-0.39795564999675265,-882.3582292866898,2.723697552742397,-6.424873416328355,8.358078963143361,0.22602318911474184,0
4,COBALT-SUP1-005,COBALT-SUP1,Cobalt,DR Congo,37.89257963737417,34247.960138213064,0.781459102205465,983.3072069891435,55.41441973718218,0,0.75,33.817357258471354,0,none,0.12167401332098288,1309.3855765822761,23.826022826840735,3.7816973885244365,-1.6692793010856461,0.23973471776273414,0
5,COBALT-SUP1-006,COBALT-SUP1,Cobalt,DR Congo,32.514319522738525,36717.62327543863,0.3269460722558152,956.4592527056037,26.29562466966027,0,0.75,33.817357258471354,0,none,0.00023262958873260242,761.9615913092736,6.250852012481532,11.265525077086755,-4.354074729439628,0.21567418897980162,0
6,COBALT-SUP1-007,COBALT-SUP1,Cobalt,DR Congo,33.02143638600796,37450.17208768129,0.35818728499980723,957.5226272206909,63.9641873945128,0,0.75,33.817357258471354,0,none,0.11939576166660242,2190.1267716898824,7.908017211789899,13.485369962670578,-4.247737277930912,0.3055687924003726,0
7,COBALT-SUP1-008,COBALT-SUP1,Cobalt,DR Congo,29.849400854905298,35827.599349825476,0.0,917.3294953083106,9.724095730057398,0,0.75,33.817357258471354,0,none,-0.2604863674018217,526.5464038708038,-2.457615000129018,8.568482878259017,-8.267050469168941,0.23741184967603923,0
8,COBALT-SUP1-009,COBALT-SUP1,Cobalt,DR Congo,23.50083728315158,30137.993820224652,0.13002947365149448,979.889534548117,40.945544138287154,0,0.75,33.817357258471354,0,none,-0.06563886620144023,-2193.209818404659,-23.20356012386145,-8.672745999319236,-2.011046545188299,0.3693059805136767,0
9,COBALT-SUP1-010,COBALT-SUP1,Cobalt,DR Congo,29.851545555122804,29938.483250794674,0.559130260967693,1104.917362144135,85.29181844514005,0,0.75,33.817357258471354,0,none,0.06698099198929526,-2503.8962789622055,-2.4506065119070186,-9.277323482440382,10.491736214413503,0.2951924913498041,0
10,COBALT-SUP1-011,COBALT-SUP1,Cobalt,DR Congo,27.814974365331715,34658.89040904444,0.47683947370905727,1064.7484690709475,5.190981382602061,0,0.75,33.817357258471354,0,none,0.15894649123635243,-389.5696469270115,-9.105748839214481,5.026940633468004,6.4748469070947525,0.2208442001901274,0
11,COBALT-SUP1-012,COBALT-SUP1,Cobalt,DR Congo,67.10876136335438,50271.476298073954,0.5815652061803238,978.9309985636843,61.29273074832893,0,0.75,33.817357258471354,1,price_spike_late_delivery,0.1505119108429431,6711.160825949767,119.29916347694635,52.337806963860466,-2.1069001436315715,0.7863502251613064,1
12,COBALT-SUP1-013,COBALT-SUP1,Cobalt,DR Congo,25.81699520220352,35036.674634765746,0.4121313404654685,897.7719718352671,34.94008249275376,0,0.75,33.817357258471354,0,none,-0.048999640167408175,1699.3971279903574,-15.634779478686887,6.171741317471959,-10.222802816473289,0.2549234311843196,0
13,COBALT-SUP1-014,COBALT-SUP1,Cobalt,DR Congo,34.05337029583641,26226.208599245387,0.0,907.7113558104733,31.249080678293364,0,0.75,33.817357258471354,0,none,-0.15894649123635243,-2810.893936599685,11.280188573493023,-20.526640608347314,-9.228864418952673,0.41959781960800324,1
14,COBALT-SUP1-015,COBALT-SUP1,Cobalt,DR Congo,31.466224726717037,35278.93220416985,0.017527072011342293,888.0464124729474,86.82917478362945,0,0.75,33.817357258471354,0,none,-0.1880127113896605,-4997.514697968036,2.825869829192964,6.905855164151052,-11.19535875270526,0.42010035675308655,1
15,COBALT-SUP1-016,COBALT-SUP1,Cobalt,DR Congo,30.779795102723153,34629.75429202645,0.49377203611023146,1027.8143726454628,6.064874909429193,0,0.75,33.817357258471354,0,none,0.027213565214920982,-135.64011424643104,0.5827433093544608,4.9386493697771305,2.7814372645462755,0.16326447712902437,0
16,COBALT-SUP1-017,COBALT-SUP1,Cobalt,DR Congo,32.98154941753244,35396.81459737508,0.0,775.2731444659145,32.788474504994866,0,0.75,33.817357258471354,0,none,0.0,3056.868666043231,7.7776738908492495,7.263074537500242,-22.472685553408553,0.3900118490047513,1
17,COBALT-SUP1-018,COBALT-SUP1,Cobalt,DR Congo,34.2360801372347,29968.749632045387,0.0,1009.9034821007201,103.13748782437217,0,0.75,33.817357258471354,0,none,-0.005842357337114097,-1770.0608573748202,11.877250932619365,-9.18560717562004,0.9903482100720111,0.28274226563177507,0
18,COBALT-SUP1-019,COBALT-SUP1,Cobalt,DR Congo,36.102370064484546,34533.40378914131,0.4017491832816101,910.6869378415138,34.24030063172809,0,0.75,33.817357258471354,0,none,-0.030674284276207126,-32.11683429504774,17.975945224343135,4.64667814891306,-8.93130621584862,0.1719530930237798,0
19,COBALT-SUP1-020,COBALT-SUP1,Cobalt,DR Congo,29.68567320159748,29985.248319985418,1.611985357006101,1178.5168402072131,46.57664904350793,0,0.75,33.817357258471354,0,none,0.537328452335367,-1803.855425796554,-2.9926470388525668,-9.13561115155934,17.851684020721315,0.29507352658221475,0
20,COBALT-SUP1-021,COBALT-SUP1,Cobalt,DR Congo,27.783529785314126,35539.40739316292,0.9074207363234085,1044.2545624204054,29.880904950921163,0,0.75,33.817357258471354,0,none,0.3024735787744695,1856.8859203725103,-9.208503978091274,7.695173918675507,4.425456242040537,0.255580636510202,0
21,COBALT-SUP1-022,COBALT-SUP1,Cobalt,DR Congo,32.54579601312583,35197.842281823876,0.9060606732605626,1034.0791408002106,44.845045371825805,0,0.75,33.817357258471354,0,none,0.16810382999298415,221.47949756085532,6.353711428612785,6.660128126739018,3.4079140800210554,0.13102693146551836,0
22,COBALT-SUP1-023,COBALT-SUP1,Cobalt,DR Congo,68.68613021505278,57191.94775989787,0.0,1168.1816619300823,89.93674444259901,0,0.75,33.817357258471354,1,price_spike_late_delivery,-0.537328452335367,9068.899813304151,124.45371651360759,73.30893260575112,16.818166193008235,0.964892360653077,1
23,COBALT-SUP1-024,COBALT-SUP1,Cobalt,DR Congo,34.76088154887439,33757.98384806195,1.262920092050786,1001.2053180601825,21.527646067386424,0,0.75,33.817357258471354,0,none,0.11849978524245915,-593.8078483669888,13.592206002956116,2.296920751702882,0.12053180601825489,0.15127796263435056,0
24,COBALT-SUP1-025,COBALT-SUP1,Cobalt,DR Congo,27.255284283762617,34179.064174361556,0.6178004957866661,869.7347883165536,5.460874544334042,0,0.75,33.817357258471354,0,none,-0.09608672582463218,-339.59270248743996,-10.93471370461983,3.572921740489564,-13.026521168344642,0.2145656544621971,0
0,COBALT-SUP2-001,COBALT-SUP2,Cobalt,DR Congo,21.989089199323903,38338.75666493458,2.313204570741614,1001.1445439091466,108.18975297172076,0,0.75,12.739882479393597,0,none,0.0,0.0,-0.7972956385680868,16.178050499801763,0.11445439091465914,0.2069104487299177,0
1,COBALT-SUP2-002,COBALT-SUP2,Cobalt,DR Congo,22.263816630885493,32397.345465157225,1.3248843077907657,984.894812239307,10.809765082780594,0,0.75,12.739882479393597,0,none,0.0,0.0,0.4421237810419778,-1.8262258631599253,-1.5105187760692957,0.1035262647786317,0
2,COBALT-SUP2-003,COBALT-SUP2,Cobalt,DR Congo,19.394389832315667,34518.32878920618,2.0617302364515266,821.3292488631922,7.088462550151867,0,0.75,12.739882479393597,0,none,0.0,0.0,-12.503155389231468,4.600996330927813,-17.867075113680777,0.21452731265727,0
3,COBALT-SUP2-004,COBALT-SUP2,Cobalt,DR Congo,24.372869685363575,36145.894504522075,2.3790163279275287,1003.891320690146,75.2385653220731,0,0.75,12.739882479393597,0,none,0.021937252395304974,-730.9540534708358,9.957013858999236,9.533013650066895,0.38913206901460173,0.17453801857596418,0
4,COBALT-SUP2-005,COBALT-SUP2,Cobalt,DR Congo,19.763709374185645,34023.47656710856,2.0557379236674906,1128.7331111605065,70.19784646172948,0,0.75,12.739882479393597,0,none,0.2436178719589083,542.0437006504459,-10.836988273580614,3.1014441427532193,12.87331111605065,0.15264750501883217,0
5,COBALT-SUP2-006,COBALT-SUP2,Cobalt,DR Congo,21.872720674984667,29304.70853978322,3.0000055722235364,1021.7231194810524,6.434035963239522,0,0.75,12.739882479393597,1,gradual_quality_decline,0.3127584452573366,-1737.8734164743194,-1.3222865653117155,-11.197852909747818,2.1723119481052438,0.31916203762930284,0
6,COBALT-SUP2-007,COBALT-SUP2,Cobalt,DR Congo,20.88486682259286,33751.0679004606,5.082822307364275,937.1933916274626,107.31048849267069,0,0.75,12.739882479393597,1,gradual_quality_decline,0.9012686598122487,-798.2755346871587,-5.778941080776561,2.275963334729088,-6.280660837253743,0.3040716406627416,0
7,COBALT-SUP2-008,COBALT-SUP2,Cobalt,DR Congo,21.274766917882964,33724.990035265706,6.245594306530235,886.0570998908426,25.520802609510554,0,0.75,12.739882479393597,1,gradual_quality_decline,1.3966187942875814,-99.4955106142855,-4.019925801292056,2.1969395008051698,-11.394290010915745,0.2830950554156214,0
8,COBALT-SUP2-009,COBALT-SUP2,Cobalt,DR Congo,25.35276623684201,29548.623847179166,6.985325152259277,813.8154846757488,106.01205938824219,0,0.75,12.739882479393597,1,gradual_quality_decline,1.3284398600119134,81.30510246531533,14.37776939916462,-10.458715614608588,-18.618451532425116,0.4190348119261551,1
9,COBALT-SUP2-010,COBALT-SUP2,Cobalt,DR Congo,22.234346956316845,32650.695759387392,8.382793651455462,732.7165566897063,95.04041495299977,0,0.95,89.43158488597702,1,gradual_quality_decline,1.0999904480303957,-366.79071369106896,0.309172780326989,-1.0584976988260844,-26.72834433102937,0.6749963240454715,1
10,COBALT-SUP2-011,COBALT-SUP2,Cobalt,DR Congo,25.626871518108295,29650.49112827161,10.410960660142262,924.7108082771379,96.7812051191083,0,0.75,12.739882479393597,1,gradual_quality_decline,1.388455451204009,-1358.1663023313656,15.614382018035727,-10.150026884025428,-7.528919172286214,0.5262499794321028,1
11,COBALT-SUP2-012,COBALT-SUP2,Cobalt,DR Congo,21.44262991938527,37239.63129254298,11.561219376942852,966.4060774959852,117.61083287633716,0,0.75,12.739882479393597,1,gradual_quality_decline,1.5252980748945248,2563.669148454605,-3.2626200502304,12.847367553160549,-3.3593922504014815,0.5779929954403438,1
12,COBALT-SUP2-013,COBALT-SUP2,Cobalt,DR Congo,22.244674451117593,38208.46234930221,1.8194485816581634,1013.1057826046144,41.7002361889616,0,0.75,12.739882479393597,0,none,-2.1877816899324327,1852.5888633049387,0.35576476984624306,15.783219240309721,1.3105782604614433,0.33362965119955723,0
13,COBALT-SUP2-014,COBALT-SUP2,Cobalt,DR Congo,29.21200495146137,35528.318157289024,1.5124656415091775,1096.8997870275857,112.56885750014689,0,0.75,12.739882479393597,0,none,-2.9661650062110283,1959.2756763391383,31.788536793675352,7.6615701736031045,9.689978702758571,0.43593751758502985,1
14,COBALT-SUP2-015,COBALT-SUP2,Cobalt,DR Congo,21.08024502781011,35698.54603887957,1.8816407003704856,1027.8575914511805,20.077499698015284,0,0.75,12.739882479393597,0,none,-3.226526225524122,-513.6950845544707,-4.897501829012088,8.177412239028998,2.7857591451180497,0.3092870095344761,0
15,COBALT-SUP2-016,COBALT-SUP2,Cobalt,DR Congo,22.911880260748216,34262.14871538537,0.8976144401322016,1066.6572668609533,33.01362571623986,0,0.75,12.739882479393597,0,none,-0.3072780471753206,-1315.4378779722804,3.365831266054354,3.824693076925354,6.665726686095331,0.1833040680681033,0
16,COBALT-SUP2-017,COBALT-SUP2,Cobalt,DR Congo,18.96884251902255,32826.518605739715,1.9080884081421363,930.649383542772,28.240131689229965,0,0.75,12.739882479393597,0,none,0.1318742555443196,-900.5998505164365,-14.422991355594121,-0.5257011947281364,-6.935061645722806,0.1723135540567764,0
17,COBALT-SUP2-018,COBALT-SUP2,Cobalt,DR Congo,19.19077546970654,31791.3770661455,1.5736608390184088,995.3412729660661,10.194908453784034,0,0.75,12.739882479393597,0,none,-0.10265995378402559,-1302.3896575780236,-13.421751663709069,-3.6624937389530356,-0.4658727033933928,0.2116879267990469,0
18,COBALT-SUP2-019,COBALT-SUP2,Cobalt,DR Congo,19.931739290110535,35151.119552045,1.897599090652259,810.805374668809,17.72958851340585,0,0.75,12.739882479393597,0,none,0.3333282168400192,296.32361221987713,-10.078929496235453,6.518544097106055,-18.9194625331191,0.22364016028279665,0
19,COBALT-SUP2-020,COBALT-SUP2,Cobalt,DR Congo,22.138509567439556,32343.727066174528,1.8143878496975925,997.2017543469782,108.68881316014043,0,0.75,12.739882479393597,0,none,-0.03123351948151461,-160.9305131883957,-0.12319292929310764,-1.9887058600771883,-0.27982456530218086,0.09939303594019577,0
20,COBALT-SUP2-021,COBALT-SUP2,Cobalt,DR Congo,24.266359001346792,29700.01844427485,1.2801121100345119,890.6676142112617,20.846256631697596,0,0.75,12.739882479393597,0,none,-0.09784957632796565,-697.1195406235493,9.476496098483004,-9.99994410825803,-10.933238578873828,0.1967053389638731,0
21,COBALT-SUP2-022,COBALT-SUP2,Cobalt,DR Congo,48.2254526354934,48596.99571153958,0.615247984405082,829.6007137389624,75.92696059389054,0,0.75,12.739882479393597,1,price_spike_late_delivery,-0.427450368749059,4481.958719831528,117.56677946634485,47.26362336830176,-17.039928626103755,0.7558811494462618,1
22,COBALT-SUP2-023,COBALT-SUP2,Cobalt,DR Congo,20.929564680072207,31787.085777053464,1.8853884679753679,968.8253669177553,102.97231314640185,0,0.75,12.739882479393597,0,none,0.023666872759258457,-185.54709637368796,-5.577288874952155,-3.675497645292533,-3.1174633082244667,0.10894572686055204,0
23,COBALT-SUP2-024,COBALT-SUP2,Cobalt,DR Congo,20.66736874544671,30438.915660357638,2.10553567574514,846.435793007388,51.55832090905139,0,0.75,12.739882479393597,0,none,0.27514118857020936,246.29907202759568,-6.760173056813697,-7.760861635279886,-15.356420699261196,0.15902989974534543,0
24,COBALT-SUP2-025,COBALT-SUP2,Cobalt,DR Congo,22.393133788824066,32562.09580494304,2.6602359600595404,937.7792554705283,18.875363806023934,0,0.75,12.739882479393597,0,none,0.6816626585514861,-5344.96663553218,1.0255318372626636,-1.326982409263512,-6.222074452947174,0.4109969875123306,1
0,COBALT-SUP3-001,COBALT-SUP3,Cobalt,DR Congo,37.24949100813182,29207.26115843842,2.4699792553658324,892.3754799681232,25.641588319800057,0,0.75,43.78087755447782,0,none,0.0,0.0,-2.2543144922809977,-11.493148004732056,-10.762452003187684,0.1884319151110586,0
1,COBALT-SUP3-002,COBALT-SUP3,Cobalt,DR Congo,39.621615666053124,34650.07880329087,2.1239356147412907,1098.74051450464,102.90348468125345,0,0.75,43.78087755447782,0,none,0.0,0.0,3.9703330001549024,5.0002387978511145,9.874051450464004,0.15933165679140127,0
2,COBALT-SUP3-003,COBALT-SUP3,Cobalt,DR Congo,43.582119991756095,34572.35781916339,3.116733820911269,811.9201572025943,23.544217227971274,0,0.75,43.78087755447782,0,none,0.0,0.0,14.363017565632907,4.764720664131495,-18.807984279740573,0.2423360833429764,0
3,COBALT-SUP3-004,COBALT-SUP3,Cobalt,DR Congo,34.80454444764522,33354.100807548355,2.149294855270051,983.3842158050268,61.41991028386526,0,0.75,43.78087755447782,0,none,-0.10689480003192713,1382.2798830366446,-8.670052563234256,1.0730327501465304,-1.661578419497323,0.17221742020057484,0
4,COBALT-SUP3-005,COBALT-SUP3,Cobalt,DR Congo,37.461800195952236,34228.96318205493,2.3188847999063023,1007.5713287956834,19.45134307988164,0,0.75,43.78087755447782,0,none,0.06498306172167052,-140.37187374531155,-1.6971979642037873,3.7241308547119183,0.7571328795683371,0.13889918321719785,0
5,COBALT-SUP3-006,COBALT-SUP3,Cobalt,DR Congo,39.81707748264548,36460.963380575115,3.2587164636700843,1030.9620081909168,68.75790348459236,0,0.75,43.78087755447782,0,none,0.0473275475862717,629.5351871372404,4.483240659731594,10.48776781992459,3.0962008190916777,0.22672104720370412,0
6,COBALT-SUP3-007,COBALT-SUP3,Cobalt,DR Congo,33.72279719382619,32739.006075025605,2.9051641973102145,1086.5968638417153,110.43756687735751,0,0.75,43.78087755447782,0,none,0.2519564473467211,-205.03157750758328,-11.508645091855676,-0.7908906817405902,8.659686384171527,0.2044700031015787,0
7,COBALT-SUP3-008,COBALT-SUP3,Cobalt,DR Congo,41.48649956277442,34457.57712571164,3.0351725939980807,1028.9359156957112,66.16690050479784,0,0.75,43.78087755447782,0,none,0.23876259803059283,76.20464788557001,8.863939595679533,4.416900380944373,2.893591569571117,0.17146664404103484,0
8,COBALT-SUP3-009,COBALT-SUP3,Cobalt,DR Congo,39.38842149009233,24296.134703717256,2.6264623330609447,635.1587174785216,58.90731915660454,0,0.75,43.78087755447782,0,none,-0.2107513768697132,-4054.942892285953,3.3584125693302305,-26.37534938267498,-36.48412825214784,0.5517015710010428,1
9,COBALT-SUP3-010,COBALT-SUP3,Cobalt,DR Congo,39.83020411566716,34418.26213168238,1.8538050747984545,928.7897958121061,44.3764228332223,0,0.75,43.78087755447782,0,none,-0.3504530408372533,559.7520188855912,4.517686009409849,4.297764035401148,-7.121020418789385,0.15186658830734012,0
10,COBALT-SUP3-011,COBALT-SUP3,Cobalt,DR Congo,36.26400819703134,39661.473327836866,2.4340595382802466,1040.8036176881267,29.3747802742624,0,0.75,43.78087755447782,0,none,-0.2003710185726114,1734.6320673750743,-4.840301315726768,20.186282811626867,4.080361768812668,0.3409347736857533,0
11,COBALT-SUP3-012,COBALT-SUP3,Cobalt,DR Congo,38.60790392001343,30023.03837734832,2.3801557390212746,996.4389263809909,119.23737731728548,0,0.75,43.78087755447782,0,none,-0.08210219801322334,1908.9678912103543,1.3102711619341938,-9.021095826217215,-0.35610736190091075,0.2566823617795181,0
12,COBALT-SUP3-013,COBALT-SUP3,Cobalt,DR Congo,37.133638559591766,30795.689480827612,2.897198343462137,1003.4611874185256,22.517571668121207,0,0.75,43.78087755447782,0,none,0.3477977562212275,-1207.5242169515889,-2.5583207134082375,-6.679728845976934,0.3461187418525583,0.22502000953296353,0
13,COBALT-SUP3-014,COBALT-SUP3,Cobalt,DR Congo,37.703933968754335,33662.67239466631,2.74342656471331,900.0287771330619,88.51071476414863,0,0.75,43.78087755447782,0,none,0.10312234214435441,-1999.6003110568515,-1.061819306225759,2.0080981656554893,-9.99712228669381,0.24877736338164735,0
14,COBALT-SUP3-015,COBALT-SUP3,Cobalt,DR Congo,42.31835363716993,31775.35948955195,1.7265984185699828,1044.3812709383105,114.25702588181026,0,0.75,43.78087755447782,0,none,-0.21785244015043062,584.10703740121,11.046792154025294,-3.7110318498425787,4.438127093831054,0.18441445255343036,0
15,COBALT-SUP3-016,COBALT-SUP3,Cobalt,DR Congo,32.27523999974516,33681.56069492691,2.8028110110826066,1037.4386451706264,9.629180093091232,0,0.75,43.78087755447782,0,none,-0.031462444126510114,961.9570713664338,-15.307152572567066,2.065335439172464,3.743864517062639,0.2411137067071336,0
16,COBALT-SUP3-017,COBALT-SUP3,Cobalt,DR Congo,32.757108334331974,33983.1892603387,2.2837095851331966,951.7209841275355,39.78523233086173,0,0.75,43.78087755447782,0,none,-0.1532389931933711,106.83895522413029,-14.0426909809075,2.9793613949657645,-4.827901587246447,0.15847440060453122,0
17,COBALT-SUP3-018,COBALT-SUP3,Cobalt,DR Congo,43.74588304784758,38329.27906216306,3.092423400621372,989.0265818369817,69.60917695724493,0,0.75,43.78087755447782,0,none,0.45527499401712984,2184.639857537038,14.792745106742304,16.14933049140322,-1.0973418163018323,0.40131699155267997,1
18,COBALT-SUP3-019,COBALT-SUP3,Cobalt,DR Congo,41.03083114773424,33359.8985094194,2.500401558824192,1082.3753131876183,79.41325678648239,0,0.75,43.78087755447782,0,none,-0.10080315075280488,-107.22072850250454,7.6682287178424415,1.09060154369515,8.23753131876183,0.1423476411730209,0
19,COBALT-SUP3-020,COBALT-SUP3,Cobalt,DR Congo,35.32936938431403,31769.0149944675,2.751974653735291,1000.2993291199956,15.54822309178577,0,0.75,43.78087755447782,0,none,0.15608835620069814,-738.0580886237343,-7.29286936373661,-3.7302575925227286,0.029932911999560476,0.19589300697973167,0
20,COBALT-SUP3-021,COBALT-SUP3,Cobalt,DR Congo,40.66215493031427,31886.7208551941,2.813143546683323,1037.8842603458395,42.55288690725469,0,0.75,43.78087755447782,0,none,-0.09309328464601647,-2147.5194023229874,6.700792422021901,-3.373573166078484,3.7884260345839493,0.2595918160235874,0
21,COBALT-SUP3-022,COBALT-SUP3,Cobalt,DR Congo,43.60499670319842,31512.78811104196,1.607471793275828,895.4956290413697,81.80265326751842,0,0.75,43.78087755447782,0,none,-0.29764325518278795,-615.7034661258136,14.42304791186244,-4.506702693812247,-10.450437095863027,0.18595251401973856,0
22,COBALT-SUP3-023,COBALT-SUP3,Cobalt,DR Congo,38.3074033089621,32186.663998527674,2.2666034810481235,1061.970196548248,82.59470294516696,0,0.75,43.78087755447782,0,none,-0.16179039089572247,139.21633468672493,0.5217331865753334,-2.4646545499161387,6.197019654824794,0.12959605091458615,0
23,COBALT-SUP3-024,COBALT-SUP3,Cobalt,DR Congo,39.312991709150786,34217.190518266216,2.743086798869539,789.2046658222557,114.58608387584006,0,0.75,43.78087755447782,0,none,-0.0233522492712613,776.8232210240385,3.1604787064428588,3.6884561159582296,-21.07953341777443,0.24755174829888293,0
24,COBALT-SUP3-025,COBALT-SUP3,Cobalt,DR Congo,88.890407037528,59885.57124269286,2.432702978756247,1104.553227478968,117.2547649295464,0,0.75,43.78087755447782,1,price_spike_late_delivery,0.27507706182680636,9457.594377216967,133.25563748096724,81.47142800816017,10.455322747896798,1.0,1
0,COBALT-SUP4-001,COBALT-SUP4,Cobalt,DR Congo,27.340666738923797,31513.927600131206,1.4834999683426067,947.2082362675686,105.63737553208884,0,0.75,9.66188270765723,0,none,0.0,0.0,2.02775048252367,-4.503249696572102,-5.279176373243137,0.10633545066328487,0
1,COBALT-SUP4-002,COBALT-SUP4,Cobalt,DR Congo,29.439862230605794,31343.41910241141,1.6437587316909883,1067.7401368692304,42.0548024896379,0,0.75,9.66188270765723,0,none,0.0,0.0,9.861363169607683,-5.019942113904813,6.774013686923036,0.11609236614095564,0
2,COBALT-SUP4-003,COBALT-SUP4,Cobalt,DR Congo,29.407056488932135,35074.74204575337,23.9345612701536,923.7676541972348,33.08357508807715,0,0.75,9.66188270765723,1,quality_drift,0.0,0.0,9.738941282174004,6.2870971083435565,-7.623234580276517,0.5320798509408399,1
3,COBALT-SUP4-004,COBALT-SUP4,Cobalt,DR Congo,25.35649495677701,34611.50555597712,0.7631068283690388,1043.7512248619869,90.67402546466418,0,0.75,9.66188270765723,0,none,-0.24013104665785598,1032.5259852819715,-5.376625769030223,4.883350169627639,4.375122486198689,0.16432252628939314,0
4,COBALT-SUP4-005,COBALT-SUP4,Cobalt,DR Congo,26.250436274794435,33325.653831084805,2.463484484599196,862.2684344479633,32.62602175713536,0,0.75,9.66188270765723,0,none,0.27324191763606925,660.7449095577977,-2.0406858443884888,0.9868297911660744,-13.773156555203673,0.17034587166321724,0
5,COBALT-SUP4-006,COBALT-SUP4,Cobalt,DR Congo,27.198821652051773,34221.18059650741,1.30009336876384,1044.4726818195234,52.14797464587996,0,0.75,9.66188270765723,0,none,-7.544822633796588,-284.5204830819882,1.4984241398728018,3.700547262143664,4.447268181952336,0.35824174849729007,0
6,COBALT-SUP4-007,COBALT-SUP4,Cobalt,DR Congo,30.693744333388928,31644.280701652573,1.8070366981593615,935.5632879786978,5.863308771999985,0,0.75,9.66188270765723,0,none,0.3479766232634409,-989.074951441516,14.540501814574588,-4.108240298022506,-6.443671202130225,0.2438072450467127,0
7,COBALT-SUP4-008,COBALT-SUP4,Cobalt,DR Congo,23.92471610282896,34351.42044943213,1.9634823905330046,992.2643820179146,94.04862863605088,0,0.95,90.58207477468734,1,concentration_geopolitical,-0.16666736468873053,341.9222061157755,-10.719625522902192,4.0952134831276705,-0.7735617982085387,0.46640160127092,1
8,COBALT-SUP4-009,COBALT-SUP4,Cobalt,DR Congo,23.810413864025975,32319.000818949644,0.44452228220897394,908.7122013281173,22.70581199642704,0,0.75,9.66188270765723,0,none,-0.28519036218495536,-634.0599258525884,-11.146169630679271,-2.0636338819707762,-9.128779867188268,0.17815064367847244,0
9,COBALT-SUP4-010,COBALT-SUP4,Cobalt,DR Congo,30.331881884030825,41343.35625785163,0.9476268695342874,1143.530015664544,13.008673208010382,0,0.75,9.66188270765723,0,none,-0.2864699428750247,3233.025185399685,13.190131977413966,25.282897751065544,14.353001566454395,0.4830635124785754,1
10,COBALT-SUP4-011,COBALT-SUP4,Cobalt,DR Congo,26.391982045181162,34284.80552162667,1.2718776539097174,1011.0395725612218,81.29712458134497,0,0.75,9.66188270765723,0,none,-0.23053491220776237,-22.204975935152714,-1.512476467463759,3.8933500655353726,1.1039572561221802,0.09812057263769824,0
11,COBALT-SUP4-012,COBALT-SUP4,Cobalt,DR Congo,23.050730414417174,28415.43314850942,1.5675418537103512,972.3299909914286,68.50126678432295,0,0.75,9.66188270765723,0,none,0.3743398571671257,-1301.189223480075,-13.9810965979885,-13.89262682269873,-2.7670009008571355,0.2634874776033347,0
12,COBALT-SUP4-013,COBALT-SUP4,Cobalt,DR Congo,26.820077439789586,35360.94879115941,1.3311013835829368,934.3945063359033,119.9335195607816,0,0.75,9.66188270765723,0,none,0.12782483801621647,-1994.135822230739,0.08505626723153904,7.154390276240641,-6.560549366409669,0.2695687861189199,0
13,COBALT-SUP4-014,COBALT-SUP4,Cobalt,DR Congo,26.6175326925417,37690.18094385545,1.4881977397311643,1097.3663511344091,41.60753457733734,0,0.75,9.66188270765723,0,none,0.07210669527381564,1135.1251407429252,-0.6707842955127776,14.212669526834691,9.736635113440913,0.23350105824978906,0
14,COBALT-SUP4-015,COBALT-SUP4,Cobalt,DR Congo,29.825643978406017,34823.87455602449,1.5400929356071793,1051.9660573346503,45.633834932873796,0,0.75,9.66188270765723,0,none,-0.00914963936772395,2136.1471358383583,11.300993164045133,5.526892594013616,5.1966057334650255,0.22053647328028292,0
15,COBALT-SUP4-016,COBALT-SUP4,Cobalt,DR Congo,28.67503246063393,28973.232505754135,0.8436196845072104,1130.3565067808088,41.97775345770344,0,0.75,9.66188270765723,0,none,-0.16249389969190883,-2129.2387618017588,7.007231568595855,-12.202325740138987,13.035650678080877,0.30682307512269724,0
16,COBALT-SUP4-017,COBALT-SUP4,Cobalt,DR Congo,30.78310820832828,32193.127080448743,0.664794991431354,975.9562802929657,21.5495000490342,0,0.75,9.66188270765723,0,none,-0.27446758276660344,-1832.351287802235,14.873982896858632,-2.445069453185627,-2.4043719707034255,0.23998925579816532,0
17,COBALT-SUP4-018,COBALT-SUP4,Cobalt,DR Congo,27.008952981476085,36367.0310219074,1.060284199568015,1035.2034471802924,12.764625221552727,0,0.75,9.66188270765723,0,none,-0.1599362453463881,514.3854886276362,0.7898871634001018,10.203124308810308,3.5203447180292415,0.18802256989940958,0
18,COBALT-SUP4-019,COBALT-SUP4,Cobalt,DR Congo,28.00401269887391,33009.23239405134,0.8660127429274791,976.4170637825147,9.006410282190302,0,0.75,9.66188270765723,0,none,0.007464352806756243,1345.3332960990676,4.503172780438136,0.027976951670720927,-2.3582936217485324,0.20075356374607722,0
19,COBALT-SUP4-020,COBALT-SUP4,Cobalt,DR Congo,26.07334227914671,38260.88348953502,1.191696410915798,975.6103889822663,103.99211196636165,0,0.75,9.66188270765723,0,none,0.17563380649481464,2022.5854696954266,-2.701551293370963,15.94207118040916,-2.4389611017733728,0.31355034079200306,0
20,COBALT-SUP4-021,COBALT-SUP4,Cobalt,DR Congo,24.401051773254142,32218.67192936463,0.8979930739814164,1138.1707593377796,50.36537456295676,0,0.75,9.66188270765723,0,none,-0.054097041862199546,-1382.7863641809236,-8.94207351979478,-2.3676608201071785,13.81707593377796,0.19594052256405847,0
21,COBALT-SUP4-022,COBALT-SUP4,Cobalt,DR Congo,30.249965402735896,33183.26276312959,1.259533330280526,991.1203552287499,91.2805886140468,0,0.75,9.66188270765723,0,none,0.13117352911768232,58.01012302608433,12.884442493182526,0.5553417064533057,-0.8879644771250128,0.11308941652473858,0
22,COBALT-SUP4-023,COBALT-SUP4,Cobalt,DR Congo,31.403188568293775,26110.75614154888,0.24014653985039836,945.6829168943887,91.42144321571054,0,0.75,9.66188270765723,0,none,-0.3171832903551332,-4050.0424493287137,17.187950030498595,-20.876496540760964,-5.431708310561135,0.46900931102570764,1
23,COBALT-SUP4-024,COBALT-SUP4,Cobalt,DR Congo,28.64657714195426,34405.0689781416,1.0487964556294527,1101.9043693241763,99.65737662279348,0,0.95,88.93412058152155,1,concentration_geopolitical,0.05026779388267877,728.7990162589898,6.901044247640119,4.257784782247274,10.19043693241763,0.4903993622870053,1
24,COBALT-SUP4-025,COBALT-SUP4,Cobalt,DR Congo,27.290509679757832,35859.09299028592,1.3772420437858022,943.8516973217116,56.60389332814382,0,0.75,9.66188270765723,0,none,0.03923623783509204,891.9434090521099,1.840578312715653,8.663918152381578,-5.614830267828837,0.14864455488484785,0
0,COPPER-SUP1-001,COPPER-SUP1,Copper Wire,Chile,24.263052988916588,9299.007803838253,2.4404474861427827,909.1002305486282,27.406333945360068,0,0.25,46.84398926374437,0,none,0.0,0.0,17.767198471176204,1.0761717808505715,-9.089976945137176,0.120332137378788,0
1,COPPER-SUP1-002,COPPER-SUP1,Copper Wire,Chile,20.32642564621247,8948.188752054364,1.9169675890135014,1267.1763379756685,64.60499172219401,0,0.25,46.84398926374437,0,none,0.0,0.0,-1.340272208093659,-2.737078782017781,26.71763379756685,0.11757403526320709,0
2,COPPER-SUP1-003,COPPER-SUP1,Copper Wire,Chile,17.600793609045834,8910.936315670715,2.2794208733495767,1054.6667032616485,37.75943940104736,0,0.25,46.84398926374437,0,none,0.0,0.0,-14.569854207812678,-3.1419965687965763,5.466670326164854,0.08819147640297187,0
3,COPPER-SUP1-004,COPPER-SUP1,Copper Wire,Chile,21.99655489600478,8933.027833052145,2.4754250148384562,912.3940535889421,110.70338837733085,0,0.25,46.84398926374437,0,none,0.011659176231891166,-121.99332359536918,6.76614551776526,-2.9018713798679885,-8.760594641105785,0.09520859384460945,0
4,COPPER-SUP1-005,COPPER-SUP1,Copper Wire,Chile,18.711840926265765,8708.007014196317,2.8373095375166875,1068.8611700978888,97.21928585143606,0,0.25,46.84398926374437,0,none,0.30678064950106204,-80.06057928601574,-9.177089745002588,-5.347749845692207,6.886117009788881,0.1221933978007036,0
5,COPPER-SUP1-006,COPPER-SUP1,Copper Wire,Chile,49.70506186976197,14893.734488501344,3.5319990073576184,1086.3087518045354,36.15584523942593,0,0.25,46.84398926374437,1,gradual_quality_decline,0.41752604466934723,1994.2660576102098,141.2567737832621,61.888418353275476,8.63087518045354,0.8465951020860348,1
6,COPPER-SUP1-007,COPPER-SUP1,Copper Wire,Chile,21.89456204229498,9357.329645806125,5.56415750732817,850.1960224608954,40.50607617784557,0,0.25,46.84398926374437,1,gradual_quality_decline,1.0295774974965715,141.43393758465996,6.2710960014916575,1.7101048457187498,-14.98039775391046,0.1873506500813189,0
7,COPPER-SUP1-008,COPPER-SUP1,Copper Wire,Chile,21.766429969189115,9485.697845882614,6.063417824008645,901.8900632531786,13.254365701988405,0,0.25,46.84398926374437,1,gradual_quality_decline,1.0753694288306523,259.2302772287658,5.649172812729117,3.1054113682892854,-9.810993674682141,0.23388775598391687,0
8,COPPER-SUP1-009,COPPER-SUP1,Copper Wire,Chile,19.866416227602343,8636.110956027002,8.741215492043665,917.8164703592446,92.79229877924664,0,0.25,46.84398926374437,1,gradual_quality_decline,1.736405494895349,-2085.874510824781,-3.573050602668161,-6.12922873883694,-8.21835296407554,0.4426217968329056,1
9,COPPER-SUP1-010,COPPER-SUP1,Copper Wire,Chile,18.170229880919297,9152.057346871688,10.72155579271126,869.822026258649,78.79094661677456,0,0.25,46.84398926374437,1,gradual_quality_decline,1.7191327617943635,-68.42409964481219,-11.805943397534913,-0.5211157948729519,-13.017797374135101,0.343314097259247,0
10,COPPER-SUP1-011,COPPER-SUP1,Copper Wire,Chile,22.71381677525256,9026.836886389383,11.636870099674498,1116.3495814306473,66.33623756419063,0,0.25,46.84398926374437,1,gradual_quality_decline,1.857817425221951,-152.95365316441044,10.247567337507734,-1.882207756637142,11.634958143064727,0.35708476455888627,0
11,COPPER-SUP1-012,COPPER-SUP1,Copper Wire,Chile,22.87809803658246,9377.59167192666,2.133782466632765,1047.9690530597532,36.69803087458735,0,0.25,46.84398926374437,0,none,-2.202477675136967,247.1602386332197,11.04495025205568,1.9303442600723983,4.796905305975315,0.1779517309961708,0
12,COPPER-SUP1-013,COPPER-SUP1,Copper Wire,Chile,22.70583552482743,8972.984947323883,2.3258078264784934,993.8484320395363,53.421314994506886,0,0.25,46.84398926374437,0,none,-2.798582655410922,-59.69079984926854,10.20882821002474,-2.4675549203925784,-0.6151567960463694,0.1732117067847162,0
13,COPPER-SUP1-014,COPPER-SUP1,Copper Wire,Chile,18.49042480402796,9621.028497970472,2.5383691791728915,868.3074926367053,71.58805994289095,0,0.25,46.84398926374437,0,none,-3.0328336401672025,198.0638705270297,-10.25179194444176,4.576396717070348,-13.169250736329468,0.2290631001105935,0
14,COPPER-SUP1-015,COPPER-SUP1,Copper Wire,Chile,25.205358753896533,9614.759263393455,3.018697176700918,1008.5371381602588,62.1526494529147,0,0.5328225027314322,90.68121815281414,1,concentration_geopolitical,0.2949715700227176,79.05586382226466,22.34093080797732,4.508252862972332,0.8537138160258791,0.39739492821133415,1
15,COPPER-SUP1-016,COPPER-SUP1,Copper Wire,Chile,16.803196495582483,9305.603966161252,2.0092153892226934,908.5423721672648,34.43299441628554,0,0.25,46.84398926374437,0,none,-0.1055308124186,110.87300627912312,-18.441204511675238,1.1478691974049149,-9.145762783273517,0.10858817616508798,0
16,COPPER-SUP1-017,COPPER-SUP1,Copper Wire,Chile,21.870819013392918,8598.55837564047,2.080765982947491,1150.9870683120316,13.229917507124458,0,0.25,46.84398926374437,0,none,-0.1525343987418002,-340.82337411000054,6.155852878612886,-6.53740896042967,15.098706831203163,0.1524527295371183,0
17,COPPER-SUP1-018,COPPER-SUP1,Copper Wire,Chile,22.39448633276282,8999.321464718716,2.5781016730126596,1109.7327507202867,38.567856175403726,0,0.25,46.84398926374437,0,none,-0.14686516789608609,-205.14593289157952,8.697611871649562,-2.181288426970478,10.973275072028674,0.09933121076969942,0
18,COPPER-SUP1-019,COPPER-SUP1,Copper Wire,Chile,22.475657137912375,8723.240277169107,2.8620346464583326,914.7306885365181,40.79065755848574,0,0.25,46.84398926374437,0,none,0.2842730857452131,-194.12122966404846,9.091596022138761,-5.182170900335796,-8.526931146348193,0.10749061942391946,0
19,COPPER-SUP1-020,COPPER-SUP1,Copper Wire,Chile,21.134609130519753,9400.840739372006,2.4736831311177787,915.6190021475277,74.49533993687595,0,0.25,46.84398926374437,0,none,0.13097238272342926,267.42745457717865,2.5824618699722657,2.1830515149131116,-8.438099785247232,0.06374809197089026,0
20,COPPER-SUP1-021,COPPER-SUP1,Copper Wire,Chile,22.39981722928176,9276.935515092831,2.879893213566592,995.5267065812131,30.64915471980396,0,0.25,46.84398926374437,0,none,0.10059718018464414,92.53801679137177,8.723486799617689,0.8362555988351232,-0.4473293418786852,0.075955059414747,0
21,COPPER-SUP1-022,COPPER-SUP1,Copper Wire,Chile,22.593030061647877,9046.666567600301,2.476206521798194,935.2540571520481,47.16906954460419,0,0.25,46.84398926374437,0,none,-0.1286093748867129,107.80876347706483,9.661296810041064,-1.6666677434749861,-6.474594284795193,0.06793742968614169,0
22,COPPER-SUP1-023,COPPER-SUP1,Copper Wire,Chile,18.79660839227381,9060.304081800045,2.3589291444363414,890.7817672913042,64.88861991530442,0,0.25,46.84398926374437,0,none,-0.03825132889381244,-113.51221919065392,-8.76564824183197,-1.518433893477777,-10.921823270869583,0.07328732908146873,0
23,COPPER-SUP1-024,COPPER-SUP1,Copper Wire,Chile,23.923503562522637,8996.948665472804,2.5027762026035463,725.0564613961444,62.8444541223242,0,0.25,46.84398926374437,0,none,-0.12570567032101523,-93.32894987334232,16.119104774674906,-2.2070797231216917,-27.49435386038556,0.17531209360962896,0
24,COPPER-SUP1-025,COPPER-SUP1,Copper Wire,Chile,19.957608856212385,8861.1419926021,2.8459300279019493,967.3756318376172,50.16165673450624,0,0.25,46.84398926374437,0,none,0.12324116870125179,-61.84152499940016,-3.1304228592620498,-3.6832392108467302,-3.262436816238278,0.0660213155817636,0
0,COPPER-SUP2-001,COPPER-SUP2,Copper Wire,Chile,29.162840614524974,8406.438229089259,0.3387335095519801,1096.1093486120217,61.98150424589847,0,0.25,21.197661177206246,0,none,0.0,0.0,-3.7719287478907084,-8.625671422942835,9.610934861202168,0.07450377667739005,0
1,COPPER-SUP2-002,COPPER-SUP2,Copper Wire,Chile,27.98356760559517,9034.515896696037,1.7765376632362433,1076.8603765496368,81.70064880979172,0,0.25,21.197661177206246,0,none,0.0,0.0,-7.663153496157056,-1.7987402533039447,7.686037654963684,0.006097549502290689,0
2,COPPER-SUP2-003,COPPER-SUP2,Copper Wire,Chile,34.259413795168314,8893.426450312536,1.4092766314574634,864.1122754076985,41.19049006827031,0,0.25,21.197661177206246,0,none,0.0,0.0,13.045136971155506,-3.3323211922550438,-13.588772459230153,0.04306224459836272,0
3,COPPER-SUP2-004,COPPER-SUP2,Copper Wire,Chile,29.075132831164442,8774.199244250314,0.7961549230523036,1027.7344179720214,55.71981616267024,0,0.25,21.197661177206246,0,none,0.15247380450010783,122.58700505368506,-4.061336454709851,-4.628269084235715,2.773441797202145,0.029082669319524412,0
4,COPPER-SUP2-005,COPPER-SUP2,Copper Wire,Chile,31.98476909529683,8958.640532163075,1.2149129265561396,1044.2222062036599,63.33359273309733,0,0.25,21.197661177206246,0,none,-0.18720824556003457,-25.29178817765387,5.539535059953233,-2.62347247648831,4.422220620365988,0.010709088078743267,0
5,COPPER-SUP2-006,COPPER-SUP2,Copper Wire,Chile,28.968308362882293,9262.73788944682,1.1798536011073102,1206.1799152731608,114.74085182747072,0,0.25,21.197661177206246,0,none,-0.07647434345005107,123.10381304476141,-4.413823123659494,0.6819335809436977,20.617991527316075,0.05441924090438632,0
6,COPPER-SUP2-007,COPPER-SUP2,Copper Wire,Chile,33.2637910464293,10478.644048672157,1.1627059679743827,1048.4643511311701,28.307945604787513,0,0.25,21.197661177206246,0,none,0.12218368164069304,568.1482681406142,9.759899498158415,13.898304876871268,4.846435113117013,0.1581746660538117,0
7,COPPER-SUP2-008,COPPER-SUP2,Copper Wire,Chile,27.24819158729815,9016.224722522635,0.6516420962442937,1064.7613977219562,35.87906947857953,0,0.25,21.197661177206246,0,none,-0.18775694343728197,19.194730119853073,-10.089659775882525,-1.9975573638844055,6.47613977219562,0.042788242477973304,0
8,COPPER-SUP2-009,COPPER-SUP2,Copper Wire,Chile,30.724859183444327,9650.206212741465,1.33630209894253,983.8278996958753,90.15121579948458,0,0.25,21.197661177206246,0,none,0.05214949927840662,129.1561077648815,1.3822342547430329,4.893545790668094,-1.6172100304124684,0.020424721991352923,0
9,COPPER-SUP2-010,COPPER-SUP2,Copper Wire,Chile,33.74651886634703,9520.390948896684,16.158990453804805,968.6846061091719,79.51578822801567,0,0.25,21.197661177206246,1,quality_drift,4.998761495276807,-319.41769992515765,11.352747316531877,3.4825103140943887,-3.131539389082809,0.4750128019917621,1
10,COPPER-SUP2-011,COPPER-SUP2,Copper Wire,Chile,32.66627803730564,9576.782018905065,1.0466797301781974,1058.5247531358857,105.968951314161,0,0.25,21.197661177206246,0,none,0.13167921131130123,186.85243212747687,7.788297171210323,4.095456727228971,5.85247531358857,0.04343197793898057,0
11,COPPER-SUP2-012,COPPER-SUP2,Copper Wire,Chile,28.26378760647245,9091.83654210892,0.9142223229105148,996.532074998141,16.593308447204706,0,0.25,21.197661177206246,0,none,-0.14069325867733842,-186.1232235441815,-6.73851688180561,-1.1756897596856501,-0.34679250018590435,0.05269962512788762,0
12,COPPER-SUP2-013,COPPER-SUP2,Copper Wire,Chile,29.10134842753949,9223.269140378909,0.7640417336376102,975.3176204488415,39.44393638158428,0,0.25,21.197661177206246,0,none,-5.131649573389065,-99.0406028392584,-3.974833349294313,0.25292543890118,-2.4682379551158533,0.20859743888834037,0
13,COPPER-SUP2-014,COPPER-SUP2,Copper Wire,Chile,27.036076509093654,8525.990523424198,0.7306418341721233,1076.411440550179,102.78262379286919,0,0.25,21.197661177206246,0,none,-0.10534596533535805,-350.2638318269558,-10.789571870486334,-7.326189962780459,7.6411440550178895,0.08991764155062953,0
14,COPPER-SUP2-015,COPPER-SUP2,Copper Wire,Chile,32.67627452474751,8592.138803414296,0.788543109902075,1025.6634381081528,22.731951451807625,0,0.25,21.197661177206246,0,none,-0.041893071002813254,-166.5659128982079,7.8212823909474025,-6.607186919409821,2.566343810815283,0.07270364897612691,0
15,COPPER-SUP2-016,COPPER-SUP2,Copper Wire,Chile,31.940374037027503,8820.341736165245,0.937198273365832,1042.0322829776128,99.48551075631141,0,0.25,21.197661177206246,0,none,0.05771884657607392,-134.309134737888,5.3930455294287425,-4.126720259073428,4.20322829776128,0.03042565141981013,0
16,COPPER-SUP2-017,COPPER-SUP2,Copper Wire,Chile,27.864153586702617,9057.10505696144,0.0,937.8538032422226,69.62320621413544,0,0.25,21.197661177206246,0,none,-0.24354727805737442,177.03817784574736,-8.05718166612792,-1.5532059025930445,-6.214619675777738,0.06042663504054835,0
17,COPPER-SUP2-018,COPPER-SUP2,Copper Wire,Chile,27.216011111184265,9268.563430196318,0.8767540135678266,774.0786122422389,35.36387576169562,0,0.25,21.197661177206246,0,none,0.029403634555250524,225.47487559400724,-10.195845081674431,0.7452546760469372,-22.592138775776107,0.09775950192272231,0
18,COPPER-SUP2-019,COPPER-SUP2,Copper Wire,Chile,27.49258444423336,9401.075229104874,0.2638011057261279,1003.000653853094,43.71714287369782,0,0.25,21.197661177206246,0,none,-0.22446572254656802,193.57783097987644,-9.283241307890268,2.1856003163573248,0.30006538530940363,0.05068200223500208,0
19,COPPER-SUP2-020,COPPER-SUP2,Copper Wire,Chile,31.22453918034153,9251.624672947657,0.7771446420797334,846.3727685955755,84.56616086169915,0,0.25,21.197661177206246,0,none,0.2590482140265778,64.8398719954057,3.0310188495033006,0.5611377494310545,-15.36272314044245,0.04048599188449409,0
20,COPPER-SUP2-021,COPPER-SUP2,Copper Wire,Chile,28.536434413630765,9196.57212805315,0.6006027559909022,1062.5211930579464,94.96265120290933,0,0.25,21.197661177206246,0,none,-0.09205041919230812,-23.997100714389187,-5.838869390922196,-0.03725947768314496,6.252119305794645,0.03287496385738009,0
21,COPPER-SUP2-022,COPPER-SUP2,Copper Wire,Chile,27.381396138680365,9084.868134703005,1.0176566477487368,1032.4884718824585,56.881760561282775,0,0.25,21.197661177206246,0,none,0.25128518067420297,-105.40236480062292,-9.650127247795096,-1.2514333184455964,3.2488471882458496,0.021675650826212367,0
22,COPPER-SUP2-023,COPPER-SUP2,Copper Wire,Chile,28.278765867002463,9169.579834101574,1.1177887030001739,997.6577040799185,96.19739068918282,0,0.25,21.197661177206246,0,none,0.11354802030681348,-27.348279615360905,-6.6890934000341975,-0.330653977156801,-0.2342295920081483,0.011104973424267528,0
23,COPPER-SUP2-024,COPPER-SUP2,Copper Wire,Chile,25.610787250940717,8988.51449255205,0.36787552323156014,827.3393318876222,55.50940061193352,0,0.25,21.197661177206246,0,none,-0.07757574425311402,-69.35254516703328,-15.492571763442434,-2.2987555157385784,-17.26606681123778,0.09356882010823309,0
24,COPPER-SUP2-025,COPPER-SUP2,Copper Wire,Chile,27.13264786319053,9441.68762975128,1.2052726482976075,909.6120710419125,54.718573618269154,0,0.25,21.197661177206246,0,none,0.06253866684962357,118.93983168275857,-10.470917207664547,2.62703945381827,-9.03879289580875,0.023293755109275782,0
0,COPPER-SUP3-001,COPPER-SUP3,Copper Wire,Chile,21.380929600532838,8995.343260624364,1.8579300882349647,1082.4937889614102,55.847084108416965,0,0.25,21.74385468900436,0,none,0.0,0.0,-18.582426621125354,-2.224529775822129,8.249378896141025,0.05141669493309187,0
1,COPPER-SUP3-002,COPPER-SUP3,Copper Wire,Chile,29.023086899020484,8572.503544493422,1.0346252383118957,1070.9661865637877,91.21887533294353,0,0.25,21.74385468900436,0,none,0.0,0.0,10.5185486052752,-6.820613646810631,7.0966186563787685,0.05266668364823479,0
2,COPPER-SUP3-003,COPPER-SUP3,Copper Wire,Chile,25.297879965028333,9891.844188625184,1.9051551319756397,995.9657613465988,103.43568851357342,0,0.25,21.74385468900436,0,none,0.0,0.0,-3.6668640295543025,7.520045528534608,-0.4034238653401189,0.044358462818976596,0
3,COPPER-SUP3-004,COPPER-SUP3,Copper Wire,Chile,20.949715251955038,9253.57554827489,1.4794078030982047,889.4164817847882,92.20444749831826,0,0.25,21.74385468900436,0,none,-0.12617409504558666,86.07742921684196,-20.22447056043479,0.5823429160314133,-11.058351821521182,0.07187109136706127,0
4,COPPER-SUP3-005,COPPER-SUP3,Copper Wire,Chile,26.563173365830327,9590.988169575672,1.7267402793901423,1122.8394368334384,5.073864925485479,0,0.25,21.74385468900436,0,none,0.23070501369274887,339.49487502741675,1.1513136750780955,4.249871408431219,12.283943683343841,0.11090018409326241,0
5,COPPER-SUP3-006,COPPER-SUP3,Copper Wire,Chile,25.95794959613866,9640.625245106334,1.1692186978630748,1281.4447453266162,98.14269447684646,0,0.25,21.74385468900436,0,none,-0.2453121447041883,-83.73964783961674,-1.1533499480733647,4.789404838112324,28.14447453266162,0.09770722074788052,0
6,COPPER-SUP3-007,COPPER-SUP3,Copper Wire,Chile,27.26091803513071,9417.389733224656,2.5970073755496133,1079.2507411672607,118.61297682492884,0,0.25,21.74385468900436,0,none,0.37253319081713615,54.604728316588684,3.8082925283767337,2.3629318828766968,7.925074116726068,0.07198160543854215,0
7,COPPER-SUP3-008,COPPER-SUP3,Copper Wire,Chile,29.94645840940011,9058.868816109763,1.7120166743034537,872.0746027824733,24.799626323536284,0,0.25,21.74385468900436,0,none,-0.004907868362229524,-177.37311782196957,14.034703847675036,-1.5340346075025715,-12.792539721752666,0.06793012711349433,0
8,COPPER-SUP3-009,COPPER-SUP3,Copper Wire,Chile,24.550265977057514,9241.470230129298,1.5163896352034005,1192.5012801735852,17.6104284070453,0,0.25,21.74385468900436,0,none,0.11572364578010859,-133.05167165901184,-6.513742900675526,0.4507633709706328,19.250128017358517,0.06570352645266253,0
9,COPPER-SUP3-010,COPPER-SUP3,Copper Wire,Chile,26.38297629230526,9226.486772506705,1.4717176547090345,1110.6006291502786,22.65575381513251,0,0.25,21.74385468900436,0,none,-0.3750965736135263,-63.63432023931697,0.46513170214740945,0.28789970115983876,11.060062915027856,0.04036075631338931,0
10,COPPER-SUP3-011,COPPER-SUP3,Copper Wire,Chile,25.154362246220888,9605.137445557295,1.3892895902254672,996.224496555147,59.44967122934756,0,0.25,21.74385468900436,0,none,-0.10757569469266219,182.0895431491772,-4.2133727464569874,4.403667886492337,-0.37755034448530295,0.024309705818319594,0
11,COPPER-SUP3-012,COPPER-SUP3,Copper Wire,Chile,28.11009106532341,10003.518912821293,2.0190518242836877,1146.1799167547306,73.10034866140478,0,0.25,21.74385468900436,0,none,0.16755406302676237,254.01622756399834,7.041903451231668,8.733901226318405,14.617991675473059,0.09466414800221867,0
12,COPPER-SUP3-013,COPPER-SUP3,Copper Wire,Chile,26.881436004460653,8809.531791311072,1.5445563650931204,1077.2211477352505,106.87719994158302,0,0.25,21.74385468900436,0,none,0.024279570128028654,-138.9849937318777,2.363242820282011,-4.24421965966226,7.72211477352505,0.03431357529547141,0
13,COPPER-SUP3-014,COPPER-SUP3,Copper Wire,Chile,22.55111643967357,8655.57795030737,0.967857172138405,1049.145258993959,119.72951622612555,0,0.25,21.74385468900436,0,none,-0.14047747269568736,-316.519831749975,-14.12641022601222,-5.917630974919891,4.914525899395903,0.09884080919646576,0
14,COPPER-SUP3-015,COPPER-SUP3,Copper Wire,Chile,29.838757128445437,8415.062127553529,2.368977106918684,1093.6400417014647,44.56427434980268,0,0.25,21.74385468900436,0,none,0.11664176087833204,-529.4855950892548,13.624582440002133,-8.531933396157298,9.364004170146472,0.11666577132315037,0
15,COPPER-SUP3-016,COPPER-SUP3,Copper Wire,Chile,25.46459627565716,9653.546278359265,1.9336558933511845,869.0904947612014,111.47185057090681,0,0.25,21.74385468900436,0,none,0.129699842752688,281.3381623493976,-3.0320161671049712,4.929850851731139,-13.09095052387986,0.0615864016637504,0
16,COPPER-SUP3-017,COPPER-SUP3,Copper Wire,Chile,20.647575119581134,9107.751619236515,2.227417522583816,1001.839421557132,109.01823029823642,0,0.25,21.74385468900436,0,none,0.41985345014847036,150.7245563097149,-21.375005960805883,-1.0026997909074493,0.18394215571320274,0.11232542619689789,0
17,COPPER-SUP3-018,COPPER-SUP3,Copper Wire,Chile,28.596325828121934,9603.547251445845,2.313458984317267,1087.4342428446387,60.53440072267318,0,0.25,21.74385468900436,0,none,-0.018506040867138918,396.1617079641055,8.893462537723492,4.386383167889622,8.743424284463869,0.06263678933101668,0
18,COPPER-SUP3-019,COPPER-SUP3,Copper Wire,Chile,28.185507471175903,9309.928860734219,1.7031936377656989,976.2740280902598,40.3109703356885,0,0.25,21.74385468900436,0,none,-0.07682075186182853,-114.53913920834869,7.329085574375339,1.1948789210241162,-2.372597190974022,0.015405466174944538,0
19,COPPER-SUP3-020,COPPER-SUP3,Copper Wire,Chile,23.75210164871487,9083.246004478824,1.7791652176850066,1144.0812598004263,34.517727596349275,0,0.25,21.74385468900436,0,none,-0.14941743496626989,-8.168538252563545,-9.553115088198087,-1.2690651687084344,14.408125980042632,0.03293254552759517,0
20,COPPER-SUP3-021,COPPER-SUP3,Copper Wire,Chile,28.896040765252213,9646.836681762898,1.5427157390393964,1059.4690211370184,51.19535918278543,0,0.25,21.74385468900436,0,none,-0.2569144150926235,14.429810105684131,10.034762908776635,4.8569204539445385,5.946902113701844,0.0416438779864815,0
21,COPPER-SUP3-022,COPPER-SUP3,Copper Wire,Chile,29.732867295424647,9463.239142042095,1.0631972605396143,1016.1524652153847,60.68455414220741,0,0.25,21.74385468900436,0,none,-0.2133321257420282,51.103427102625574,13.221358940784771,2.861295022196689,1.6152465215384724,0.03833864912606244,0
22,COPPER-SUP3-023,COPPER-SUP3,Copper Wire,Chile,25.78490113397621,9385.354022459358,1.9313785567533646,896.33771008354,97.68891697433688,0,0.25,21.74385468900436,0,none,0.050737779689452665,100.702672660178,-1.812310345467018,2.0147176354278047,-10.366228991646006,0.020665185998541502,0
23,COPPER-SUP3-024,COPPER-SUP3,Copper Wire,Chile,22.600502214509923,8940.991619949822,2.196300621630888,1035.6756290308358,55.4063755826661,0,0.25,21.74385468900436,0,none,0.2178616275304972,-235.28168727102516,-13.938351520346254,-2.815308478806282,3.567562903083581,0.04557936321958278,0
24,COPPER-SUP3-025,COPPER-SUP3,Copper Wire,Chile,27.43327249887154,9175.121809429376,1.6647283890597087,1065.6818526720137,112.58834852502177,0,0.25,21.74385468900436,0,none,0.20051037617336478,-96.03911087090637,4.464610212451878,-0.27041511489808373,6.5681852672013745,0.03359113406964187,0
0,COPPER-SUP4-001,COPPER-SUP4,Copper Wire,Chile,22.864722691749602,9070.720967432846,1.420426880884623,907.9544243750701,30.964520206666684,0,0.25,10.214494870045023,0,none,0.0,0.0,0.40336405554690913,-1.4052068757299347,-9.204557562492994,0.030035038755052756,0
1,COPPER-SUP4-002,COPPER-SUP4,Copper Wire,Chile,23.648990355260935,8652.034443219825,1.4430513802605454,988.7836099889416,74.29402803545574,0,0.25,10.214494870045023,0,none,0.0,0.0,3.8472331458523343,-5.956147356306246,-1.1216390011058366,0.03629228990575539,0
2,COPPER-SUP4-003,COPPER-SUP4,Copper Wire,Chile,22.347563357601473,9741.097815109262,2.3891939535940794,1047.1250457845895,115.89250460097243,0,0.25,10.214494870045023,0,none,0.0,0.0,-1.8675813480435328,5.881497990318068,4.712504578458947,0.0714408845565615,0
3,COPPER-SUP4-004,COPPER-SUP4,Copper Wire,Chile,24.907873445565784,9061.338136568727,2.6447747949902047,918.5830018013887,81.87101063116395,0,0.25,10.214494870045023,0,none,0.40811597136852723,-3.1276102880395533,9.375229217497578,-1.5071941677312244,-8.141699819861127,0.06522820074366653,0
4,COPPER-SUP4-005,COPPER-SUP4,Copper Wire,Chile,23.574476719227032,9136.230206937591,2.415501164727829,973.3602924807491,26.823335779238334,0,0.25,10.214494870045023,0,none,0.3241499281557612,161.3985879059219,3.52002953937632,-0.6931499245914022,-2.663970751925092,0.05000060713121157,0
5,COPPER-SUP4-006,COPPER-SUP4,Copper Wire,Chile,26.42901079534418,9634.266486673638,1.8327961956606624,1056.8444305594612,72.73739440467502,0,0.25,10.214494870045023,0,none,-0.18546591931113898,-35.61044281187484,16.05483382793965,4.720287898626497,5.684443055946121,0.0848434494047886,0
6,COPPER-SUP4-007,COPPER-SUP4,Copper Wire,Chile,20.074998777080054,9627.997108739177,1.361178755361048,1092.6855913576542,66.45352097531523,0,0.25,10.214494870045023,0,none,-0.42786534654305225,188.8863240568165,-11.846846436623249,4.652142486295401,9.268559135765418,0.08836645769149887,0
7,COPPER-SUP4-008,COPPER-SUP4,Copper Wire,Chile,22.29111291309501,9369.637004924041,2.5038279741818767,917.3656823171092,10.957588298585446,0,0.25,10.214494870045023,0,none,0.029442269818015898,77.80226599548344,-2.1154660308052904,1.843880488304797,-8.263431768289081,0.07387702366599136,0
8,COPPER-SUP4-009,COPPER-SUP4,Copper Wire,Chile,23.031042336681754,8679.993315752632,2.1282913263948813,1138.1279015558925,103.80552505014317,0,0.25,10.214494870045023,0,none,0.09849837691140628,-318.09105697366857,1.1337053802522266,-5.6522465679061735,13.812790155589255,0.08328389218295973,0
9,COPPER-SUP4-010,COPPER-SUP4,Copper Wire,Chile,24.406473107664233,8707.197795898295,2.458532019412695,1085.0860903859193,41.53035039259886,0,0.25,10.214494870045023,0,none,0.365784421350549,-306.9331042802939,7.1734845760867785,-5.356545696757661,8.508609038591931,0.08234769739906223,0
10,COPPER-SUP4-011,COPPER-SUP4,Copper Wire,Chile,24.560430955044417,9350.390914808479,2.177022398769479,939.1632504095982,29.457591277403523,0,0.25,10.214494870045023,0,none,-0.10893519180413265,-6.415363371854255,7.84954288687918,1.6346838566138973,-6.0836749590401835,0.045821760007430434,0
11,COPPER-SUP4-012,COPPER-SUP4,Copper Wire,Chile,23.54632675426494,9277.025877272006,2.492016489597159,866.2456306707106,53.27821452141536,0,0.25,10.214494870045023,0,none,0.12124172106742585,199.0108538397914,3.396417667133505,0.8372377964348506,-13.375436932928936,0.053205623878417097,0
12,COPPER-SUP4-013,COPPER-SUP4,Copper Wire,Chile,27.45165297561236,9232.478354142055,2.1823959085814804,1030.90023560857,46.3922576784526,0,0.25,10.214494870045023,0,none,-0.09204537027707153,175.0935194145865,20.54545094620778,0.353025588500595,3.090023560857003,0.10233384582554861,0
13,COPPER-SUP4-014,COPPER-SUP4,Copper Wire,Chile,20.441725896619396,9284.127670425076,1.8133998570359287,945.2995279155004,106.00619405279367,0,0.25,10.214494870045023,0,none,-0.12120751391118338,-22.087748127800904,-10.236477616998915,0.9144312002725635,-5.470047208449955,0.04374019446942001,0
14,COPPER-SUP4-015,COPPER-SUP4,Copper Wire,Chile,25.841106187398246,9945.610108685138,2.4372996404981038,962.3405276976515,89.85357585644692,0,0.25,10.214494870045023,0,none,-0.01823894969968502,222.8614104710438,13.47323241613559,8.104457703099323,-3.765947230234849,0.10638918361075678,0
15,COPPER-SUP4-016,COPPER-SUP4,Copper Wire,Chile,21.79920108505467,8963.549731455068,1.3257570458953873,1139.6091569244743,15.87386532629057,0,0.25,10.214494870045023,0,none,-0.285546287562031,-89.64287422899542,-4.275544813295199,-2.570111614618821,13.960915692447431,0.07285179239862316,0
16,COPPER-SUP4-017,COPPER-SUP4,Copper Wire,Chile,28.278901080076857,8624.737332181696,2.9423139719243054,1007.0135518366127,9.474744389034717,0,0.25,10.214494870045023,0,none,0.3763047049627923,-219.79677941446002,24.178055361164457,-6.252855084981567,0.7013551836612691,0.23177953506099203,0
17,COPPER-SUP4-018,COPPER-SUP4,Copper Wire,Chile,19.020404477950148,9807.785874583433,2.606486943850666,996.1089965213782,53.712315053900426,0,0.25,10.214494870045023,0,none,0.05639576778418739,-45.941411367234956,-16.47777141104471,6.606368201993835,-0.38910034786217695,0.10673392871649334,0
18,COPPER-SUP4-019,COPPER-SUP4,Copper Wire,Chile,21.02961301381442,8960.111804569176,1.9815062613720527,814.7272138309722,71.01638316490946,0,0.25,10.214494870045023,0,none,0.21858307182555511,-1.1459756286306704,-7.65495301042249,-2.6074803851176473,-18.527278616902773,0.0701065802847749,0
19,COPPER-SUP4-020,COPPER-SUP4,Copper Wire,Chile,25.48646520702938,8909.64352199777,2.38733007615716,973.4459525370763,82.0607150270856,0,0.25,10.214494870045023,0,none,-0.18499463192238177,94.96872993869147,11.915936141825657,-3.1560486739372804,-2.655404746292368,0.05203451766854594,0
20,COPPER-SUP4-021,COPPER-SUP4,Copper Wire,Chile,21.343691951496265,8834.261985379719,2.739266011196622,993.6129414875508,119.10842884102365,0,0.25,10.214494870045023,0,none,0.04425968911531871,-324.5079630679047,-6.27577241211029,-3.9754132023943622,-0.6387058512449244,0.0921095838820073,0
21,COPPER-SUP4-022,COPPER-SUP4,Copper Wire,Chile,22.878326197645798,8816.603691294897,2.82669900640272,1063.080016414602,97.20720891542742,0,0.25,10.214494870045023,0,none,0.2817309150102225,-47.836037758093276,0.46309964794140485,-4.16735118157721,6.308001641460192,0.06456276082752055,0
22,COPPER-SUP4-023,COPPER-SUP4,Copper Wire,Chile,25.484204008828122,8929.74233434784,2.149601913692107,982.8550168512206,102.86925352708839,0,0.25,10.214494870045023,0,none,-0.07924272082168438,6.6996041166900495,11.906006788679186,-2.9375833223060828,-1.7144983148779374,0.05009870127084026,0
23,COPPER-SUP4-024,COPPER-SUP4,Copper Wire,Chile,66.74098402208648,14525.926149110639,2.331897620081674,865.3938672155012,33.62588041460316,0,0.25,10.214494870045023,1,price_spike_late_delivery,-0.13578946370498265,1897.2213879103067,193.0724070671958,57.890501620767814,-13.460613278449875,0.8169013940355649,1
24,COPPER-SUP4-025,COPPER-SUP4,Copper Wire,Chile,26.564037206670093,9162.607929754377,1.889523465333942,972.6008235102997,70.95547409647156,0,0.25,10.214494870045023,0,none,-0.31239184702292605,115.33474615315997,16.647760587482708,-0.4064355461480812,-2.7399176489700268,0.07165972934358567,0
0,LFP-SUP1-001,LFP-SUP1,LFP Cells,China,20.01321747802949,73.7307627399357,1.2290339405928135,919.0546270902672,87.5771687129388,0,0.55,38.769461227256926,0,none,0.0,0.0,2.2429730718159404,2.403837138799582,-8.094537290973278,0.027577272029850497,0
1,LFP-SUP1-002,LFP-SUP1,LFP Cells,China,18.118127701823017,70.49796870301522,17.132790195225407,1130.1158348652032,60.473240532348164,0,0.55,38.769461227256926,1,quality_drift,0.0,0.0,-7.438609270956346,-2.0861545791455307,13.011583486520317,0.33103640326419004,0
2,LFP-SUP1-003,LFP-SUP1,LFP Cells,China,20.75839858759242,75.59196889289025,2.4690924081633545,829.0773896089845,113.96170018015027,0,0.55,38.769461227256926,0,none,0.0,0.0,6.04993375678874,4.988845684569792,-17.092261039101547,0.10696840498698257,0
3,LFP-SUP1-004,LFP-SUP1,LFP Cells,China,18.3680621928174,69.54963948753785,0.5239761602421368,970.0346935944634,26.855199835353616,0,0.55,38.769461227256926,0,none,-0.23501926011689223,-1.3937077507992843,-6.1617508417452465,-3.40327848953077,-2.996530640553658,0.06376558051492576,0
4,LFP-SUP1-005,LFP-SUP1,LFP Cells,China,20.22999178641758,72.14889116571442,1.3032821164258208,1050.7728451638252,9.456403125769388,0,0.55,38.769461227256926,0,none,-5.276502692933195,0.5503074875663998,3.350423675374124,0.2067932857144683,5.0772845163825195,0.3048255703228441,0
5,LFP-SUP1-006,LFP-SUP1,LFP Cells,China,18.84325687439411,78.10889299958497,1.1799833422850419,813.7515247375205,114.23290869032428,0,0.55,38.769461227256926,0,none,-0.42970302195943755,0.8389747022315722,-3.7340893682388168,8.484573610534675,-18.624847526247947,0.1448264645708891,0
6,LFP-SUP1-007,LFP-SUP1,LFP Cells,China,16.167283185673206,72.04992373195577,1.0018651720173262,953.1574302100543,47.35957888372957,0,0.55,38.769461227256926,0,none,0.15929633725839645,0.8334280814726421,-17.405029890278165,0.0693385166052391,-4.684256978994574,0.08195786236028513,0
7,LFP-SUP1-008,LFP-SUP1,LFP Cells,China,20.648762657030595,74.09116328096545,0.5972310400729415,900.0855108668987,34.273171182137446,0,0.55,38.769461227256926,0,none,-0.2353503587842931,0.6474240384170097,5.489828740769101,2.904393445785342,-9.991448913310125,0.05412661032865829,0
8,LFP-SUP1-009,LFP-SUP1,LFP Cells,China,19.912821211527262,66.65382268671037,0.9726142726192261,1001.4072082873505,49.63769097647749,0,0.55,38.769461227256926,0,none,-0.0691230232219386,-3.8183567709581987,1.730071396522265,-7.425246268457818,0.14072082873504996,0.04499466113164852,0
9,LFP-SUP1-010,LFP-SUP1,LFP Cells,China,17.982029477401554,70.44613867606712,0.974338187257595,1009.0800023610047,72.56474164392166,0,0.55,38.769461227256926,0,none,-0.009175661586577047,-0.5345950186295502,-8.133904123466774,-2.158140727684553,0.9080002361004744,0.032565827534145164,0
10,LFP-SUP1-011,LFP-SUP1,LFP Cells,China,21.689860770841094,71.15227855624153,0.8346896859863142,1043.7655673534307,11.752648389767216,0,0.55,38.769461227256926,0,none,0.07915288197112424,-0.9796282415746399,10.808562049508712,-1.177390894108991,4.37655673534307,0.08393021532736822,0
11,LFP-SUP1-012,LFP-SUP1,LFP Cells,China,18.72426254134454,74.27633321366258,1.5525604546219796,1129.1686465658672,15.670327224575036,0,0.55,38.769461227256926,0,none,0.19331539400091782,2.540836842317404,-4.342004332588861,3.1615739078646974,12.916864656586721,0.07342684724410886,0
12,LFP-SUP1-013,LFP-SUP1,LFP Cells,China,17.878235997933544,72.04002684287764,1.0684066323533232,990.1926431467492,88.19460736338795,0,0.55,38.769461227256926,0,none,0.03135614836524273,0.5312960556035051,-8.664161386594396,0.055592837330051575,-0.980735685325078,0.03797076849123038,0
13,LFP-SUP1-014,LFP-SUP1,LFP Cells,China,16.66630910789768,72.26691680456354,0.6785899542700369,1008.5993480747625,101.88232516705675,0,0.55,38.769461227256926,0,none,-0.052033243905425776,0.37154608277400314,-14.855620032310714,0.37071778411602213,0.8599348074762474,0.08369812216727168,0
14,LFP-SUP1-015,LFP-SUP1,LFP Cells,China,17.421683642578202,72.67477927788546,1.1382285474472411,1057.9281971320934,103.93977743990509,0,0.55,38.769461227256926,0,none,-0.1381106357249128,-0.5338513119257063,-10.996583458443405,0.9371934415075877,5.7928197132093375,0.06498343924799177,0
15,LFP-SUP1-016,LFP-SUP1,LFP Cells,China,20.11694537954473,73.3970354891447,0.5239871196103304,871.3092559463626,85.93443487212582,0,0.55,38.769461227256926,0,none,-0.18147317091433093,0.45233621542235386,2.772895312108464,1.9403270682565261,-12.869074405363744,0.060980836004719485,0
16,LFP-SUP1-017,LFP-SUP1,LFP Cells,China,17.766538633450615,68.9934410741703,1.0432183234357166,990.9807586622611,27.976417025685247,0,0.55,38.769461227256926,0,none,0.12154278972189325,-1.0911585767977432,-9.23479779933303,-4.175776285874575,-0.901924133773889,0.05708207804486709,0
17,LFP-SUP1-018,LFP-SUP1,LFP Cells,China,18.97721413998088,75.5406020668323,0.6597709796280943,860.6327515633828,40.37727582377499,0,0.55,38.769461227256926,0,none,-0.15948585593971562,0.9552742629822811,-3.0497321871309913,4.917502870600426,-13.936724843661716,0.07190086316614341,0
18,LFP-SUP1-019,LFP-SUP1,LFP Cells,China,20.53780456825908,70.21290637253186,0.27168427598053413,925.5376643561436,5.558593844387089,0,0.55,38.769461227256926,0,none,-0.08410094787659876,-1.061376372204279,4.92296911938037,-2.4820744825946366,-7.446233564385637,0.10168176578791921,0
19,LFP-SUP1-020,LFP-SUP1,LFP Cells,China,21.855880860022413,69.01464391237539,1.0205078432882564,1067.5144659894897,60.8952036995004,0,0.55,38.769461227256926,0,none,-0.007570160049153414,0.007067612735028206,11.656720898838193,-4.146327899478624,6.751446598948974,0.05637604911099692,0
20,LFP-SUP1-021,LFP-SUP1,LFP Cells,China,21.597725061254696,68.59454235204547,1.2287655307724603,1024.6683149610744,73.7893062046891,0,0.55,38.769461227256926,0,none,0.18966485038145534,-2.3153532382622806,10.337861679389004,-4.729802288825742,2.466831496107443,0.05186370618882519,0
21,LFP-SUP1-022,LFP-SUP1,LFP Cells,China,20.652562996260656,65.15340338381766,0.6703781604659974,1013.820512935328,25.78121251318309,0,0.55,38.769461227256926,0,none,0.13289796149515443,-1.6865009962380668,5.509243808935399,-9.509161966919915,1.3820512935327998,0.08888081847344942,0
22,LFP-SUP1-023,LFP-SUP1,LFP Cells,China,20.509057579680295,74.27337568032875,1.3669936522588326,978.5725057445535,62.073205425362126,0,0.55,38.769461227256926,0,none,0.11549526965685875,1.752910589317788,4.776107297567703,3.157466222678826,-2.1427494255446504,0.03144929239499816,0
23,LFP-SUP1-024,LFP-SUP1,LFP Cells,China,18.682607102556386,73.19914026664019,0.5175441577687543,1063.1274730121577,14.231891846464269,0,0.55,38.769461227256926,0,none,-0.23707379100123535,1.5348659715315733,-4.554812488548166,1.665472592555813,6.312747301215768,0.08069751697064809,0
24,LFP-SUP1-025,LFP-SUP1,LFP Cells,China,19.822505652816492,63.1763139850203,0.4237236026880914,1188.618915855608,70.96867691150655,0,0.55,38.769461227256926,0,none,-0.08221818592596868,-0.6590297995991202,1.2686697629584192,-12.255119465249583,18.861891585560805,0.12364077013812103,0
0,LFP-SUP2-001,LFP-SUP2,LFP Cells,China,20.782737083038764,75.55751247833358,1.8305108252256266,1110.4940488957725,20.936763415883227,0,0.55,13.902959443822564,0,none,0.0,0.0,-19.841432231289957,4.940989553241081,11.04940488957725,0.13083649460824742,0
1,LFP-SUP2-002,LFP-SUP2,LFP Cells,China,27.115939174771057,73.0454666334178,2.17257718541429,1227.74304485561,70.29074389578157,0,0.55,13.902959443822564,0,none,0.0,0.0,4.585591362121695,1.4520369908580595,22.774304485560993,0.05962362471577087,0
2,LFP-SUP2-003,LFP-SUP2,LFP Cells,China,21.829680738622184,73.28638516400324,2.394573413505399,1120.2700806536145,38.12689640304618,0,0.55,13.902959443822564,0,none,0.0,0.0,-15.80339317845535,1.7866460611156043,12.027008065361452,0.06418770407345797,0
3,LFP-SUP2-004,LFP-SUP2,LFP Cells,China,28.94738658762005,74.67189811070747,3.110091747938655,924.9998263751488,15.226805450782503,0,0.55,13.902959443822564,0,none,0.4265269742376762,-0.29520478920870136,11.649444451881283,3.7109695982048247,-7.500017362485119,0.12314175615332756,0
4,LFP-SUP2-005,LFP-SUP2,LFP Cells,China,25.133355639716978,70.58816020788832,1.3788226545719886,723.7324494326257,68.0514315536917,0,0.55,13.902959443822564,0,none,-0.2645848436141005,-0.8191021418431603,-3.0611904845995435,-1.9608886001551085,-27.62675505673743,0.08685059777463078,0
5,LFP-SUP2-006,LFP-SUP2,LFP Cells,China,26.884667263073794,70.57952108494298,2.791523621218345,1001.3375812715863,118.74557304248877,0,0.55,13.902959443822564,0,none,0.13231673590431528,-0.9022880263534176,3.6935805969990496,-1.972887382023636,0.13375812715862595,0.06522104687215169,0
6,LFP-SUP2-007,LFP-SUP2,LFP Cells,China,26.604816986206234,74.38005305249258,1.9634538064205713,1136.8784631903563,106.92850475229771,0,0.55,13.902959443822564,0,none,-0.3822126471726946,-0.09728168607162975,2.6142041272996805,3.3056292395730345,13.687846319035634,0.056913012564619,0
7,LFP-SUP2-008,LFP-SUP2,LFP Cells,China,27.21332518034314,73.05503884891212,1.6796903003901307,1040.4982318924676,47.15682230239081,0,0.55,13.902959443822564,0,none,0.10028921527271402,0.8222928803412657,4.96120708088786,1.4653317346001653,4.049823189246763,0.011784156764570453,0
8,LFP-SUP2-009,LFP-SUP2,LFP Cells,China,25.225972457268927,73.20805889141735,2.4527225048885115,1114.025328094428,33.84808254033905,0,0.55,13.902959443822564,0,none,-0.11293370544327781,0.8761792688247899,-2.7039694209544143,1.6778595714129887,11.4025328094428,0.030057860837627404,0
9,LFP-SUP2-010,LFP-SUP2,LFP Cells,China,19.74761207147344,73.48810411770758,0.7140959001422638,1146.9937230941232,20.385438943293376,0,0.55,13.902959443822564,0,none,-0.4164526354261025,-0.297316311595002,-23.833887029573614,2.066811274593859,14.69937230941232,0.1825639192421592,0
10,LFP-SUP2-011,LFP-SUP2,LFP Cells,China,28.518889435967086,69.40191992203857,1.0475792928037628,1026.0754384141167,5.990984570381486,0,0.55,13.902959443822564,0,none,-0.21070366919545594,-1.2177063089578486,9.996740198719888,-3.608444552724204,2.6075438414116663,0.0961242337063104,0
11,LFP-SUP2-012,LFP-SUP2,LFP Cells,China,24.65261201335006,72.24382448851036,3.2075509754699203,1083.4525547369058,91.02816029418766,0,0.55,13.902959443822564,0,none,0.2516094901938029,-0.32141146763566536,-4.915408261571661,0.33864512293104965,8.345255473690576,0.06730285882171438,0
12,LFP-SUP2-013,LFP-SUP2,LFP Cells,China,28.115109293431026,76.26085097429431,1.7287971930034176,794.5238692324706,6.25749292772633,0,0.55,13.902959443822564,0,none,0.33823376428705126,0.9242489521955785,8.439368915533558,5.91784857540877,-20.54761307675294,0.14095838333719424,0
13,LFP-SUP2-014,LFP-SUP2,LFP Cells,China,28.03162118870462,69.20697486206859,1.7356500542091249,930.8230256997687,19.251477666654218,0,0.55,13.902959443822564,0,none,0.22935692046845402,-0.06498168665666053,8.117357099965025,-3.8792015804602897,-6.917697430023134,0.0563653960720546,0
14,LFP-SUP2-015,LFP-SUP2,LFP Cells,China,27.870151021314378,73.8764369874546,2.1346336860142756,996.2750747447873,107.64227190143502,0,0.55,13.902959443822564,0,none,-0.3576390964852149,0.5442041663147469,7.494570154065638,2.606162482575828,-0.37249252552127243,0.044992712597397566,0
15,LFP-SUP2-016,LFP-SUP2,LFP Cells,China,22.85419966919913,65.70304710119836,1.8988735946263022,1032.3990256272145,42.92531864842278,0,0.55,13.902959443822564,0,none,0.05669213387429487,-3.51926795769865,-11.851845805323176,-8.74576791500227,3.239902562721454,0.05646249219842858,0
16,LFP-SUP2-017,LFP-SUP2,LFP Cells,China,30.001038773432622,76.52159563679697,1.3248212328068512,964.7734965050231,66.8053209357073,0,0.55,13.902959443822564,0,none,-0.13694294046742458,2.4382069249094607,15.713358160823676,6.279993939995797,-3.5226503494976895,0.06821580865675136,0
17,LFP-SUP2-018,LFP-SUP2,LFP Cells,China,32.491508682978875,76.26268570669608,2.3835316104529802,961.221204445071,12.748045090295719,0,0.55,13.902959443822564,0,none,0.08296597481290154,0.7954162397471597,25.319046777421764,5.9203968148556605,-3.8778795554929046,0.16364439923697394,0
18,LFP-SUP2-019,LFP-SUP2,LFP Cells,China,27.972435410828755,68.83009555900504,1.7046148539636388,988.5222050998077,16.147472305771075,0,0.55,13.902959443822564,0,none,-0.06475291355422115,1.04234948593556,7.889078833832399,-4.402645056937438,-1.1477794900192293,0.047443349056665696,0
19,LFP-SUP2-020,LFP-SUP2,LFP Cells,China,25.007406646449812,64.97496104091087,2.076055353285024,930.0978146896074,77.63728234970155,0,0.55,13.902959443822564,0,none,0.2504113734927243,-3.8488781986287015,-3.5469730295967743,-9.756998554290458,-6.990218531039262,0.05801411126799716,0
20,LFP-SUP2-021,LFP-SUP2,LFP Cells,China,25.702231909056692,71.21173249204483,2.219003320346142,846.7135121647293,42.08328163690443,0,0.55,13.902959443822564,0,none,-0.05484276336894611,-1.6836510715504147,-0.8670470084212382,-1.0948159832710678,-15.328648783527068,0.040464373334701986,0
21,LFP-SUP2-022,LFP-SUP2,LFP Cells,China,27.70053870900268,70.23143584700821,1.019429674818804,1066.8555343256735,55.269724852977085,0,0.55,13.902959443822564,0,none,-0.2283950597149449,0.4671134293343897,6.840379131173816,-2.4563391013774805,6.685553432567349,0.02809214557450357,0
22,LFP-SUP2-023,LFP-SUP2,LFP Cells,China,25.81037224329086,66.35276467640774,2.176817902803198,834.0112118580312,67.03534224640478,0,0.55,13.902959443822564,0,none,0.033587516506058034,0.4592678784989583,-0.4499520764300638,-7.843382393878134,-16.598878814196883,0.07082300998559365,0
23,LFP-SUP2-024,LFP-SUP2,LFP Cells,China,23.62610120935685,68.65966285699113,1.602878020913945,981.670244357274,72.04250013753949,0,0.55,13.902959443822564,0,none,-0.2053750998107323,-0.8506898783512327,-8.874638247421602,-4.639357143067871,-1.8329755642726013,0.032416091536748404,0
24,LFP-SUP2-025,LFP-SUP2,LFP Cells,China,27.45336430117176,70.71532019003855,2.313928465289701,1028.117316564348,95.87796286978502,0,0.55,13.902959443822564,0,none,0.43149959682363237,0.1612947810101133,5.887032782151511,-1.7842775138353417,2.81173165643479,0.04847491514172042,0
0,LFP-SUP3-001,LFP-SUP3,LFP Cells,China,30.178814157635415,67.25521065874338,2.213163007146238,964.5412452748642,105.39352977119631,0,0.55,43.621271953614034,0,none,0.0,0.0,-8.659398838322858,-6.58998519618975,-3.5458754725135804,0.08478503438586571,0
1,LFP-SUP3-002,LFP-SUP3,LFP Cells,China,31.269873238955668,69.40502199574574,2.8556352142981574,829.7221388106691,89.41190437570313,0,0.55,43.621271953614034,0,none,0.0,0.0,-5.357148727694006,-3.6041361170198036,-17.02778611893309,0.10576520770942599,0
2,LFP-SUP3-003,LFP-SUP3,LFP Cells,China,36.70719317500293,75.9074778934962,1.6953049488500063,936.791417719109,56.31875243355058,0,0.55,43.621271953614034,0,none,0.0,0.0,11.099696431056996,5.427052629855843,-6.320858228089105,0.06885383655354482,0
3,LFP-SUP3-004,LFP-SUP3,LFP Cells,China,25.351161075478384,66.639762188624,1.927429717787471,1154.9890566129127,10.793669903183751,0,0.55,43.621271953614034,0,none,-0.09524442978625565,-0.20514949003979174,-23.270997969453102,-7.4447747380222165,15.498905661291268,0.21600626152429958,0
4,LFP-SUP3-005,LFP-SUP3,LFP Cells,China,33.37336194188457,75.26531310498436,3.1212387848519,942.3151526851688,63.0926404087561,0,0.55,43.621271953614034,0,none,0.08853452351791417,1.9534303697462054,1.009367917351545,4.535157090256053,-5.768484731483124,0.07846925514481917,0
5,LFP-SUP3-006,LFP-SUP3,LFP Cells,China,39.05991453403065,67.61606608744869,2.581586953489738,898.1684467638742,49.084421242208414,0,0.55,43.621271953614034,0,none,0.2954273348799106,-2.7638039353491735,18.220552213428412,-6.088797100765714,-10.183155323612583,0.1301553457255471,0
6,LFP-SUP3-007,LFP-SUP3,LFP Cells,China,32.238257980428635,69.24092658998046,28.565365501374618,1027.6414364253756,10.85857023534756,0,0.55,43.621271953614034,1,quality_drift,8.879311927862382,0.8670548004521521,-2.426190474002748,-3.8320464028049153,2.764143642537556,0.6815026096982977,1
7,LFP-SUP3-008,LFP-SUP3,LFP Cells,China,32.611221408928785,72.20192589715167,2.3533834513583507,902.838122698704,29.350226819254363,0,0.55,43.621271953614034,0,none,-0.25595177783118306,-1.0211290692775634,-1.2973620318850254,0.28045263493287187,-9.716187730129604,0.06298984246698391,0
8,LFP-SUP3-009,LFP-SUP3,LFP Cells,China,35.746966899847195,79.49844374040119,1.879744322933036,954.1918198331872,114.3070710273112,0,0.55,43.621271953614034,0,none,-0.23394754351890068,3.9607925509841664,8.193430970597475,10.414505195001645,-4.58081801668128,0.14694382245352033,0
9,LFP-SUP3-010,LFP-SUP3,LFP Cells,China,35.74617748439864,70.45894899827508,1.8662150797478025,1054.1130838218041,112.76221336116566,0,0.55,43.621271953614034,0,none,-8.899716807208938,0.4060074694315385,8.19104168912139,-2.1403486135068386,5.4113083821804135,0.3702420982789626,0
10,LFP-SUP3-011,LFP-SUP3,LFP Cells,China,31.68346923121371,72.2580271700211,2.565765760623956,939.5401383820459,18.73657013180054,0,0.55,43.621271953614034,0,none,0.07079410308853513,0.018700424289808854,-4.1053398801501455,0.3583710694737421,-6.0459861617954065,0.07011736289619841,0
11,LFP-SUP3-012,LFP-SUP3,LFP Cells,China,26.707455357922253,68.37289036788634,1.4112125591128584,984.5389241380091,31.070344970191734,0,0.55,43.621271953614034,0,none,-0.15617725460672585,-3.708517790838281,-19.165974675182113,-5.037652266824526,-1.5461075861990934,0.11315861165172991,0
12,LFP-SUP3-013,LFP-SUP3,LFP Cells,China,30.717974994374522,69.7706326512517,1.8475424877888302,1132.2504331523123,47.33072616461078,0,0.55,43.621271953614034,0,none,-0.006224197319657436,-0.22943878234112466,-7.02754959821204,-3.096343539928191,13.225043315231233,0.05846916687573045,0
13,LFP-SUP3-014,LFP-SUP3,LFP Cells,China,33.09315948856076,70.67224431192719,1.8511800899013164,1032.7746469951949,108.78634625363564,0,0.55,43.621271953614034,0,none,-0.23819522357421322,-0.5285942860313023,0.16129415276003087,-1.844105122323351,3.277464699519487,0.06799362234773876,0
14,LFP-SUP3-015,LFP-SUP3,LFP Cells,China,30.041111843333667,72.10506457616899,1.0519866338813135,1021.1713784170597,84.40698839004851,0,0.55,43.621271953614034,0,none,-0.11974197507718161,1.2440580694275478,-9.076175061006003,0.14592302245692362,2.117137841705971,0.05357468933445331,0
15,LFP-SUP3-016,LFP-SUP3,LFP Cells,China,32.114525063735194,77.2315977488835,1.6271771944948017,1021.7440415303262,48.38741149205676,0,0.55,43.621271953614034,0,none,-0.07345509776467618,2.4869883658772665,-2.800686268808762,7.266107984560419,2.1744041530326172,0.05815759334515025,0
16,LFP-SUP3-017,LFP-SUP3,LFP Cells,China,32.70848594277519,71.67075215614632,2.121348933217563,1084.79587434637,44.06746122863883,0,0.55,43.621271953614034,0,none,0.09005628110541553,0.33283594807304456,-1.002976674434084,-0.4572886720189986,8.479587434637006,0.04368177725613065,0
17,LFP-SUP3-018,LFP-SUP3,LFP Cells,China,33.032433335050534,74.3481102878543,1.7169129450794358,1076.5955452726232,38.805454156325666,0,0.55,43.621271953614034,0,none,0.22164210373270743,0.747681903895104,-0.022502445041568977,3.2612642886865237,7.659554527262321,0.04666367561925644,0
18,LFP-SUP3-019,LFP-SUP3,LFP Cells,China,36.6433941576864,78.36664572689253,2.0067544742271313,780.7456509192591,37.80042483179475,0,0.55,43.621271953614034,0,none,0.12652575991077653,0.3783493260030089,10.906599360881318,8.842563509572956,-21.92543490807409,0.1700625419222368,0
19,LFP-SUP3-020,LFP-SUP3,LFP Cells,China,37.10996731010122,73.5928611466327,2.1922532175503417,1100.866835595484,8.564400675330463,0,0.55,43.621271953614034,0,none,0.023634761444259578,0.640702996828793,12.318751342893037,2.212307148100972,10.086683559548398,0.11561275840022822,0
20,LFP-SUP3-021,LFP-SUP3,LFP Cells,China,37.06321607236701,74.64794018874332,2.8286466445813065,1035.8796083906254,74.45363647254206,0,0.55,43.621271953614034,0,none,0.3705778998339569,0.09994330029634095,12.177251874511358,3.6776947065879444,3.5879608390625437,0.0945260845111876,0
21,LFP-SUP3-022,LFP-SUP3,LFP Cells,China,32.02512431433932,70.26779286271007,20.456009693391245,1021.6204676322689,119.48885945236427,0,0.55,43.621271953614034,1,quality_drift,6.1497517397213715,-2.699617621394154,-3.071270730857854,-2.405843246236018,2.1620467632268854,0.5490506538411927,1
22,LFP-SUP3-023,LFP-SUP3,LFP Cells,China,33.44870348886248,70.3108349253505,2.0732878645040276,1143.5994017767714,67.69856364060361,0,0.55,43.621271953614034,0,none,-0.039655117682104724,-1.0940087404273982,1.237400144113905,-2.3460626036798535,14.35994017767714,0.0620889949390131,0
23,LFP-SUP3-024,LFP-SUP3,LFP Cells,China,27.385183365534427,71.38009596506068,2.958943314565183,978.6203138150044,101.16297136014416,0,0.55,43.621271953614034,0,none,0.043432223327958784,-1.0892814078942148,-17.11473159730459,-0.8609778263046172,-2.1379686184995648,0.12080851965801587,0
24,LFP-SUP3-025,LFP-SUP3,LFP Cells,China,39.29447666383737,73.96529042826084,2.0327899888064267,962.8582263917931,43.45131107250011,0,0.55,43.621271953614034,0,none,-6.141073234861605,1.2324991885169254,18.930488854225427,2.729570039251171,-3.7141773608206905,0.3381253218266723,0
0,LFP-SUP4-001,LFP-SUP4,LFP Cells,China,33.98876880764439,75.30697850260604,1.5838713657422692,1024.468192548735,107.70998519805373,0,0.55,3.706307375306489,0,none,0.0,0.0,-5.419834002261924,4.593025698063949,2.4468192548735033,0.06541540379757249,0
1,LFP-SUP4-002,LFP-SUP4,LFP Cells,China,35.30769230578688,75.01144354620268,0.880102306829224,837.8074873169791,51.78842152994505,0,0.55,3.706307375306489,0,none,0.0,0.0,-1.7496803671417869,4.182560480837062,-16.219251268302095,0.0665494909440899,0
2,LFP-SUP4-003,LFP-SUP4,LFP Cells,China,38.20491303433363,73.3830945192339,1.5166379076891605,967.9459621662452,57.52574381070988,0,0.55,3.706307375306489,0,none,0.0,0.0,6.312383280671476,1.9209646100470736,-3.205403783375482,0.026582218222432674,0
3,LFP-SUP4-004,LFP-SUP4,LFP Cells,China,35.77274578339881,70.59711294485228,1.156828066752441,1202.063969877583,31.743510180952313,0,0.55,3.706307375306489,0,none,-0.1423477663299427,-1.5699551859179195,-0.45558126754541517,-1.948454243260716,20.206396987758307,0.0738155892756529,0
4,LFP-SUP4-005,LFP-SUP4,LFP Cells,China,37.732527390013196,67.1641619684437,1.2586570537186543,956.6372514845813,61.67634700790995,0,0.55,3.706307375306489,0,none,0.12618491562981013,-2.6157605259196637,4.997881042957987,-6.716441710494871,-4.336274851541874,0.058289635216130176,0
5,LFP-SUP4-006,LFP-SUP4,LFP Cells,China,37.334529186978266,70.90549038088648,0.2631705515995191,1083.9568090774253,104.0019093799143,0,0.55,3.706307375306489,0,none,-0.4178224520298805,-0.8258680461158056,3.8903759043376382,-1.5201522487687826,8.395680907742532,0.09524904666591671,0
6,LFP-SUP4-007,LFP-SUP4,LFP Cells,China,41.29144580384275,73.03379454907623,1.3358027921686988,1132.8156620895797,31.258666637671485,0,0.55,3.706307375306489,0,none,0.05965824180541923,0.8122272014079831,14.90124342296572,1.4358257626058801,13.281566208957974,0.0790190923397901,0
7,LFP-SUP4-008,LFP-SUP4,LFP Cells,China,40.010110857186994,69.28837170557817,1.413446149487602,1043.9516144291429,44.39927101478195,0,0.55,3.706307375306489,0,none,0.05159636525631591,0.7080699123781594,11.335687028756242,-3.766150408919206,4.3951614429142865,0.05338974641295802,0
8,LFP-SUP4-009,LFP-SUP4,LFP Cells,China,37.623181908161165,78.54621645882064,1.6327418057805367,1147.3413081441756,107.09259270709705,0,0.55,3.706307375306489,0,none,0.45652375139367257,2.5469086926447204,4.693606596207748,9.091967303917553,14.734130814417563,0.13684093085876758,0
9,LFP-SUP4-010,LFP-SUP4,LFP Cells,China,35.673344810807755,73.09806160343321,0.9048603988879247,903.6224812765612,29.066894970774356,0,0.55,3.706307375306489,0,none,-0.1436474644269247,0.021422351452325,-0.7321832398382221,1.5250855603239009,-9.63775187234388,0.056035288699295305,0
10,LFP-SUP4-011,LFP-SUP4,LFP Cells,China,40.86817892689246,69.14561381110843,1.7967731251570733,991.3040024393979,71.10993983318944,0,0.55,3.706307375306489,0,none,0.12777565855649042,-0.04758596482324625,13.723423428665173,-3.964425262349399,-0.8695997560602109,0.058246783771354615,0
11,LFP-SUP4-012,LFP-SUP4,LFP Cells,China,37.59032871877954,74.86372934819804,1.3541328238117354,1141.0161995301937,96.85623019260248,0,0.55,3.706307375306489,0,none,-0.09286966065626712,-1.2274957035408676,4.6021863943506425,3.977401872497271,14.101619953019371,0.06903453279379912,0
12,LFP-SUP4-013,LFP-SUP4,LFP Cells,China,38.179563251709084,69.60020373637273,2.392103228232558,1046.9824923204967,98.60030362660059,0,0.55,3.706307375306489,0,none,0.49574760978154436,-1.1659526223534915,6.241842724695326,-3.3330503661489805,4.698249232049671,0.08131770033596508,0
13,LFP-SUP4-014,LFP-SUP4,LFP Cells,China,30.157214182333124,69.63061817353218,1.9317155668395063,1028.6891118292606,70.02858037176732,0,0.55,3.706307375306489,0,none,0.04498081389414432,0.16166812080791715,-16.081858112115412,-3.2908080923164107,2.868911182926058,0.07093781004320232,0
14,LFP-SUP4-015,LFP-SUP4,LFP Cells,China,39.66771261925603,70.43390552346416,2.018432215818497,991.21643213963,50.31967028275469,0,0.7719116674084635,91.58076511503364,1,concentration_geopolitical,0.22143313066892056,-1.4766079415779576,10.382899289838198,-2.175131217410886,-0.8783567860369998,0.370323341068184,0
15,LFP-SUP4-016,LFP-SUP4,LFP Cells,China,40.17321165327582,69.41522024393858,0.8163503189631712,980.3501579601892,13.063159685081146,0,0.55,3.706307375306489,0,none,-0.5252509697564621,-0.06166116414471882,11.78954578591649,-3.5899718834186425,-1.9649842039810779,0.11439862729832595,0
16,LFP-SUP4-017,LFP-SUP4,LFP Cells,China,31.153763129688077,67.1960603523194,1.7246341864020371,939.7021687432996,50.84415439814274,0,0.55,3.706307375306489,0,none,-0.06902712681248972,-0.8115192737375926,-13.308772526134906,-6.672138399556379,-6.029783125670042,0.07753182790479496,0
17,LFP-SUP4-018,LFP-SUP4,LFP Cells,China,29.263745277407274,70.04453957466629,1.3089900745645657,1093.0377857622893,99.05106064517929,0,0.55,3.706307375306489,0,none,-0.23648071375131044,-0.12978864959929126,-18.568104019401655,-2.715917257407933,9.303778576228932,0.1106974710391383,0
18,LFP-SUP4-019,LFP-SUP4,LFP Cells,China,41.8924895800894,70.02847865036217,0.9712278220875536,1153.7357551897803,22.651603618031906,0,0.55,3.706307375306489,0,none,0.05162583437479414,0.20441946880786568,16.57376120232496,-2.738224096719202,15.373575518978033,0.11982946290924124,0
19,LFP-SUP4-020,LFP-SUP4,LFP Cells,China,33.95268382100817,71.5532165821999,1.9893105116511707,1146.6202819625682,82.21140527989866,0,0.55,3.706307375306489,0,none,0.08822544174971118,1.4523854099601625,-5.520247290115767,-0.6205325247223689,14.662028196256824,0.053083583806579515,0
20,LFP-SUP4-021,LFP-SUP4,LFP Cells,China,35.78397347326835,72.2596516636826,0.8196536676218422,994.4314947350006,105.70992588576888,0,0.55,3.706307375306489,0,none,-0.1631121356475745,0.7383706963387718,-0.4243381007910794,0.3606273106702831,-0.556850526499943,0.05743833141457022,0
21,LFP-SUP4-022,LFP-SUP4,LFP Cells,China,40.03397545922733,75.47738408153626,1.148169023700637,978.6046856139188,105.13433793155434,0,0.55,3.706307375306489,0,none,0.058980400537694454,1.816301810391361,11.40209478936736,4.829700113244802,-2.139531438608117,0.08514804638401596,0
22,LFP-SUP4-023,LFP-SUP4,LFP Cells,China,33.83350513305428,73.69528363700373,1.2688204791955338,903.0601422261379,86.5992164540454,0,0.55,3.706307375306489,0,none,-0.24016334415187898,0.7140223516012772,-5.851884489270109,2.3545606069496197,-9.693985777386207,0.04548693724189057,0
23,LFP-SUP4-024,LFP-SUP4,LFP Cells,China,41.13668309233473,71.5495061400673,2.1329507698292964,948.636373928509,78.92243289836188,0,0.55,3.706307375306489,0,none,0.43776570073581805,-0.23671517453843668,14.470586960311017,-0.625685916573203,-5.136362607149102,0.0815553204129148,0
24,LFP-SUP4-025,LFP-SUP4,LFP Cells,China,44.53490006103569,68.95472617536976,0.36386647293025276,1128.6590131287232,31.03571714730342,0,0.55,3.706307375306489,0,none,-0.2614341835901281,-2.1742193020555,23.926767230182424,-4.229546978653115,12.865901312872323,0.16270779905712962,0
0,LITH-SUP1-001,LITH-SUP1,Lithium Carbonate,Australia,25.9800762801154,15489.928812704615,1.9428366380850106,1083.8489203736344,41.47097267461226,0,0.2,24.707676784243876,0,none,0.0,0.0,-7.252260645357528,10.64234866217582,8.384892037363443,0.0906941875144669,0
1,LITH-SUP1-002,LITH-SUP1,Lithium Carbonate,Australia,30.62102674547917,14269.465676274103,2.2752110288681586,995.9237473864566,112.64501055563078,0,0.2,24.707676784243876,0,none,0.0,0.0,9.315730128742446,1.9247548305293094,-0.40762526135433746,0.04823757274775076,0
2,LITH-SUP1-003,LITH-SUP1,Lithium Carbonate,Australia,29.261063882578945,13681.511563761454,1.7407270958135794,872.2062425680381,107.5428856193151,0,0.2,24.707676784243876,0,none,0.0,0.0,4.460722014820803,-2.2749174017038967,-12.779375743196193,0.04506130455804547,0
3,LITH-SUP1-004,LITH-SUP1,Lithium Carbonate,Australia,32.434825494310296,14111.994129501407,2.294210814642262,1028.5826139602543,41.33184096054119,0,0.2,24.707676784243876,0,none,0.11712472551908386,-459.31156106773597,15.790912564104355,0.7999580678671918,2.858261396025432,0.09143501794008813,0
4,LITH-SUP1-005,LITH-SUP1,Lithium Carbonate,Australia,28.626070971488314,13712.350938416384,2.906674332727148,1042.8756438461614,90.88080530513798,0,0.2,24.707676784243876,0,none,0.2104877679529964,-185.70491261923962,2.193825013638561,-2.0546361541686826,4.287564384616144,0.05484974755097749,0
5,LITH-SUP1-006,LITH-SUP1,Lithium Carbonate,Australia,28.524814652970903,13142.87167779565,1.6694503780743712,1165.092793223125,100.57795729436421,0,0.2,24.707676784243876,0,none,-0.023758905913069395,-179.54662865526794,1.832344372219067,-6.122345158602496,16.5092793223125,0.06964359606368609,0
6,LITH-SUP1-007,LITH-SUP1,Lithium Carbonate,Australia,27.508685572459175,13731.768875204809,3.0842521238183047,889.2954317956512,40.6872223835109,0,0.2,24.707676784243876,0,none,0.26334710305868086,-126.74175143219934,-1.795192132826008,-1.9159366056799367,-11.07045682043488,0.06466399305358705,0
7,LITH-SUP1-008,LITH-SUP1,Lithium Carbonate,Australia,29.81360450661773,13723.776413998286,2.350969044337168,983.6557101475487,6.602673086443177,0,0.2,24.707676784243876,0,none,-0.18523509612999334,3.8084918606339975,6.433267946890444,-1.9730256142979539,-1.634428985245131,0.0753115846795338,0
8,LITH-SUP1-009,LITH-SUP1,Lithium Carbonate,Australia,31.95412103660385,14063.409434831221,2.6754993743356326,794.9827898968978,63.227942136372796,0,0.2,24.707676784243876,0,none,0.33534966542042044,306.8459190118568,14.07481861313717,0.45292453450872144,-20.501721010310224,0.12887438501002157,0
9,LITH-SUP1-010,LITH-SUP1,Lithium Carbonate,Australia,25.64952824861873,13146.83085770346,1.9144537942328284,966.5876559299188,87.2718199058172,0,0.2,24.707676784243876,0,none,-0.3899327765284921,-194.97933916711614,-8.432302702928705,-6.094065302118139,-3.341234407008119,0.06184638494089467,0
10,LITH-SUP1-011,LITH-SUP1,Lithium Carbonate,Australia,24.29611550479383,14021.442044816093,2.1114452610304144,967.2326905638039,61.18716521542633,0,0.2,24.707676784243876,0,none,-0.07984126110225113,99.22187693926874,-13.263927177395638,0.15315746297209054,-3.2767309436196115,0.03966931983364741,0
11,LITH-SUP1-012,LITH-SUP1,Lithium Carbonate,Australia,29.51889122118205,14936.178675209921,2.2762771380722535,930.4057388329297,7.858841509419476,0,0.2,24.707676784243876,0,none,-0.13307407875445967,290.9230801262335,5.381154370039261,6.686990537213725,-6.959426116707027,0.1146868268650354,0
12,LITH-SUP1-013,LITH-SUP1,Lithium Carbonate,Australia,28.690817672500387,14123.601350917597,1.8113359415805204,1009.0489781627874,53.19814672137494,0,0.2,24.707676784243876,0,none,-0.034372617550769334,325.5901644047123,2.4249679127122206,0.8828667922685521,0.9048978162787421,0.019393913329372348,0
13,LITH-SUP1-014,LITH-SUP1,Lithium Carbonate,Australia,35.06338079961162,15313.791227897169,1.9269083024177935,971.2616638450824,58.748884178858525,0,0.2,24.707676784243876,0,none,-0.06151231953754029,430.78306102702544,25.174740375339216,9.38422305640835,-2.8738336154917645,0.18952542785039483,0
14,LITH-SUP1-015,LITH-SUP1,Lithium Carbonate,Australia,26.356884946214848,14220.923502513238,2.9564567881413204,927.0916162256392,96.6339651573936,0,0.2,24.707676784243876,0,none,0.2267265500230223,-238.41839089889436,-5.907070139634859,1.578025017951703,-7.29083837743608,0.074249566945218,0
15,LITH-SUP1-016,LITH-SUP1,Lithium Carbonate,Australia,21.99665797060496,13886.133855618564,1.8223227717674222,947.0560572633926,48.03116499182601,0,0.2,24.707676784243876,0,none,0.0036622767289672766,-79.15583176634452,-21.47289029738655,-0.8133296027245446,-5.294394273660737,0.07913802306008177,0
16,LITH-SUP1-017,LITH-SUP1,Lithium Carbonate,Australia,31.159654383630794,13934.01621202321,1.474665782018888,853.2954754609009,33.50154973940619,0,0.2,24.707676784243876,0,none,-0.1507475067996352,-459.9250052913194,11.238607307926445,-0.4713127712627803,-14.670452453909911,0.08726968894597398,0
17,LITH-SUP1-018,LITH-SUP1,Lithium Carbonate,Australia,24.40527688436662,13232.250095081752,3.2719867418578605,1290.5067169240406,12.654268549845488,0,0.2,24.707676784243876,0,none,0.10517665123884672,-329.5578024771621,-12.874225812740306,-5.4839278922732,29.05067169240406,0.20682600137773555,0
18,LITH-SUP1-019,LITH-SUP1,Lithium Carbonate,Australia,26.980024370933915,14239.088885658357,3.2178787999,901.3142921571763,21.545272291681403,0,0.2,24.707676784243876,0,none,0.4651853427108592,117.65167667993107,-3.6824895678803116,1.7077777547025497,-9.868570784282372,0.09329869605565677,0
19,LITH-SUP1-020,LITH-SUP1,Lithium Carbonate,Australia,30.188989432077513,14304.336252126634,2.165451942082154,986.6177035483959,18.28135732151582,0,0.2,24.707676784243876,0,none,0.23026205335442204,123.4400133678076,7.773375760617435,2.173830372333097,-1.3382296451604134,0.04322520337371183,0
20,LITH-SUP1-021,LITH-SUP1,Lithium Carbonate,Australia,27.34438516016261,13813.528756993732,2.4696149225103317,944.4672781180984,72.98153885276169,0,0.2,24.707676784243876,0,none,-0.26745727311584294,193.7595539706599,-2.3817374397466575,-1.331937450044773,-5.553272188190158,0.041743226609888384,0
21,LITH-SUP1-022,LITH-SUP1,Lithium Carbonate,Australia,30.848320292118405,14108.800529367927,2.5294081818968053,1005.3155347577867,105.62556835697998,0,0.2,24.707676784243876,0,none,-0.22949020600106484,-43.42945209680996,10.127158178198288,0.7771466383423363,0.5315534757786736,0.06552948955890647,0
22,LITH-SUP1-023,LITH-SUP1,Lithium Carbonate,Australia,25.99035100224411,14221.545983171316,2.3048866784904587,1209.3168308930594,70.69175495041887,0,0.2,24.707676784243876,0,none,0.046478245469434874,-27.596756318439173,-7.215580335428481,1.5824713083665432,20.931683089305945,0.0587792331099829,0
23,LITH-SUP1-024,LITH-SUP1,Lithium Carbonate,Australia,29.09236252511263,13465.859953213663,1.7973242417054947,1119.1142953088865,10.975614643486988,0,0.2,24.707676784243876,0,none,-0.22409689360161233,-115.88960126002287,3.8584655255650047,-3.8152860484738347,11.911429530888654,0.07170447319048145,0
24,LITH-SUP1-025,LITH-SUP1,Lithium Carbonate,Australia,29.356502588764563,12778.789809118065,2.817249218476294,1045.4420338214363,117.65062826745816,0,0.2,24.707676784243876,0,none,0.09594701219316286,-443.33690674995404,4.801434033916102,-8.722929934870963,4.544203382143633,0.12950222562432034,0
0,LITH-SUP2-001,LITH-SUP2,Lithium Carbonate,Australia,33.71589797148964,14184.602043049563,2.1717566257197816,970.7828814196445,20.473503967511913,0,0.2,36.314214995547076,0,none,0.0,0.0,-4.715248074499498,1.3185860217825913,-2.921711858035553,0.03991797935671426,0
1,LITH-SUP2-002,LITH-SUP2,Lithium Carbonate,Australia,34.49275246023822,14106.793758471727,2.8812692130382382,743.3341559068703,49.28529205154065,0,0.2,36.314214995547076,0,none,0.0,0.0,-2.519773782068847,0.7628125605123387,-25.666584409312975,0.10009413388449329,0
2,LITH-SUP2-003,LITH-SUP2,Lithium Carbonate,Australia,36.00893611738163,14207.195792780969,1.959565935881015,824.3278217521417,52.942277388411775,0,0.2,36.314214995547076,0,none,0.0,0.0,1.765124213724465,1.4799699484354927,-17.567217824785825,0.04521880532910183,0
3,LITH-SUP2-004,LITH-SUP2,Lithium Carbonate,Australia,41.49647612094677,12926.297016558703,2.577437233390754,967.1474776877106,48.63836916859683,0,0.2,36.314214995547076,0,none,0.13522686922365748,-419.43500883028656,17.273502141641842,-7.669307024580693,-3.2852522312289354,0.14245090957569373,0
4,LITH-SUP2-005,LITH-SUP2,Lithium Carbonate,Australia,31.658744432637523,13765.880679350887,2.795545523891139,1058.2655241987707,60.30469925450904,0,0.2,36.314214995547076,0,none,-0.028574563049033053,-113.63769304028028,-10.528985107039492,-1.6722808617793816,5.826552419877066,0.06176655910236584,0
5,LITH-SUP2-006,LITH-SUP2,Lithium Carbonate,Australia,39.550554649996556,14307.360675250704,3.017490489625556,1043.89931587383,97.50506021391391,0,0.2,36.314214995547076,0,none,0.35264151791484705,33.38829415657832,11.774118889776943,2.1954333946478855,4.389931587382989,0.10400751683661602,0
6,LITH-SUP2-007,LITH-SUP2,Lithium Carbonate,Australia,34.334960955768295,14046.582071101444,1.7968113148915215,1098.9583934594853,28.27652820945761,0,0.2,36.314214995547076,0,none,-0.2602086394997442,373.42835151424697,-2.9657095353470853,0.3327290792960282,9.895839345948525,0.06521642487033075,0
7,LITH-SUP2-008,LITH-SUP2,Lithium Carbonate,Australia,38.15265472087765,13866.544259746388,2.7311467732753196,1075.086898873126,88.45729725121409,0,0.2,36.314214995547076,0,none,-0.021466250205273152,33.55452679850047,7.823503424176613,-0.9532552875258001,7.508689887312608,0.05079431910762966,0
8,LITH-SUP2-009,LITH-SUP2,Lithium Carbonate,Australia,37.970157588734615,12899.571821042731,2.1120466400925597,882.7992807405184,97.10168024978611,0,0.2,36.314214995547076,0,none,-0.3018146165109988,-469.26295140265756,7.307746911386455,-7.860201278266206,-11.720071925948162,0.11796408143040493,0
9,LITH-SUP2-010,LITH-SUP2,Lithium Carbonate,Australia,40.73174306906082,14446.273667628388,1.7960580122522867,898.6282633559601,34.13908569150652,0,0.2,36.314214995547076,0,none,-0.00025110087974492917,133.23053217564788,15.112284332767214,3.1876690544884827,-10.137173664403985,0.06994273094938941,0
10,LITH-SUP2-011,LITH-SUP2,Lithium Carbonate,Australia,31.079638227292005,13530.201805822393,2.301527962317282,1115.5312036106695,70.82950911389271,0,0.2,36.314214995547076,0,none,-0.14320627031934588,-112.11415130799833,-12.165601493811279,-3.3557013869829073,11.553120361066954,0.06710584424172117,0
11,LITH-SUP2-012,LITH-SUP2,Lithium Carbonate,Australia,27.276777361300034,14213.056710321182,2.181540013157949,1041.3890285372693,61.59761979117435,0,0.2,36.314214995547076,0,none,0.02316445768846309,437.8282964261501,-22.912895085981006,1.5218336451512966,4.138902853726927,0.143623685355322,0
12,LITH-SUP2-013,LITH-SUP2,Lithium Carbonate,Australia,28.08372200963465,13586.227602366225,2.4409763879383375,841.8405600546057,15.086536369738367,0,0.2,36.314214995547076,0,none,0.21497279189535026,-286.6820217540541,-20.632382768047428,-2.955517125955534,-15.81594399453943,0.1809273350448587,0
13,LITH-SUP2-014,LITH-SUP2,Lithium Carbonate,Australia,36.68776447664547,14592.608790090382,1.8600513957807627,1081.376368996621,43.36834220774739,0,0.2,36.314214995547076,0,none,-0.1471588555121731,354.1356614226631,3.6835661270065887,4.232919929217015,8.137636899662107,0.06236546657463249,0
14,LITH-SUP2-015,LITH-SUP2,Lithium Carbonate,Australia,36.20838217130421,14164.080624889088,2.2806948461825227,913.6654735260619,41.160597723490234,0,0.2,36.314214995547076,0,none,0.03305161100819124,-16.325361810697967,2.3287802013716847,1.172004463493483,-8.633452647393813,0.029799196546272055,0
15,LITH-SUP2-016,LITH-SUP2,Lithium Carbonate,Australia,34.84466704934809,14268.375705047447,2.645435349996807,894.1463918021591,49.081779619402134,0,0.2,36.314214995547076,0,none,0.0681529873528232,227.38270089374055,-1.5252253245235934,1.916969321767478,-10.585360819784091,0.044683072198475116,0
16,LITH-SUP2-017,LITH-SUP2,Lithium Carbonate,Australia,40.62639362400064,13479.488239831206,1.7343982178964998,1020.2306191831194,60.12749987432214,0,0.2,36.314214995547076,0,none,-0.04188439262808763,-371.0401834197255,14.814555476589732,-3.717941144062817,2.0230619183119414,0.0872380324926394,0
17,LITH-SUP2-018,LITH-SUP2,Lithium Carbonate,Australia,35.42478860650328,14930.272413305893,2.573920217824923,1084.1820066890061,18.625036379959756,0,0.2,36.314214995547076,0,none,0.09774179054746683,255.3972628056017,0.11426055560658942,6.644802952184949,8.418200668900612,0.09550382855048034,0
18,LITH-SUP2-019,LITH-SUP2,Lithium Carbonate,Australia,43.62060935879414,13856.38681779377,1.143762080508403,1160.4254361517142,83.90108198712662,0,0.2,36.314214995547076,0,none,-0.5005577564961347,-137.3296290845592,23.276531003460846,-1.0258084443302193,16.042543615171418,0.17214858928411148,0
19,LITH-SUP2-020,LITH-SUP2,Lithium Carbonate,Australia,35.76608627117386,14916.68547940237,1.3443934560121973,874.835278589386,57.733029406833374,0,0.2,36.314214995547076,0,none,-0.13000158729476752,479.0657465237212,1.078804443430333,6.547753424302638,-12.516472141061401,0.091945768859786,0
20,LITH-SUP2-021,LITH-SUP2,Lithium Carbonate,Australia,32.57435794424057,14307.745624211895,2.4076171479480455,1027.6274179328555,17.71766726455271,0,0.2,36.314214995547076,0,none,-0.0554343566256259,-207.5089296979992,-7.941362900254236,2.198183030084965,2.762741793285545,0.06992742048306444,0
21,LITH-SUP2-022,LITH-SUP2,Lithium Carbonate,Australia,27.21020548434835,14038.047509773267,1.909635209722492,1045.938577171661,17.238246165209027,0,0.2,36.314214995547076,0,none,0.255291043071363,60.55356399316588,-23.10103436632644,0.2717679269519067,4.593857717166111,0.1384922588771358,0
22,LITH-SUP2-023,LITH-SUP2,Lithium Carbonate,Australia,35.87351667776555,14532.093159763097,24.669080097515003,1053.0064705601467,32.69522667473191,0,0.2,36.314214995547076,1,quality_drift,7.774895547167602,-128.19743987975744,1.3824143205868238,3.8006654268792643,5.300647056014668,0.6434902022529483,1
23,LITH-SUP2-024,LITH-SUP2,Lithium Carbonate,Australia,34.7488147810383,14137.74326765987,2.5557874642503693,960.6258827775428,80.47093952266137,0,0.2,36.314214995547076,0,none,0.049390105434107934,-56.66745218400865,-1.796114138314586,0.9838804832847797,-3.9374117222457246,0.03589407510967979,0
24,LITH-SUP2-025,LITH-SUP2,Lithium Carbonate,Australia,34.44370473739778,13917.720482870309,2.5602827475536962,800.6939628945844,97.17040824883276,0,0.2,36.314214995547076,0,none,0.2168825126104014,-40.1090089676527,-2.6583879191537947,-0.5877108366406512,-19.93060371054156,0.09523654267372172,0
0,LITH-SUP3-001,LITH-SUP3,Lithium Carbonate,Australia,25.529750116535034,12366.468716106187,0.6153452234919654,1074.943389972774,111.69647446981224,0,0.2,20.893958219020856,0,none,0.0,0.0,-14.821853974428207,-11.668080599241524,7.494338997277396,0.11614865293721632,0
1,LITH-SUP3-002,LITH-SUP3,Lithium Carbonate,Australia,30.565003428777917,14762.452247697554,1.6183205097033997,993.086206527386,19.366223120148952,0,0.2,20.893958219020856,0,none,0.0,0.0,1.977900819418516,5.44608748355396,-0.6913793472613975,0.03870637898120921,0
2,LITH-SUP3-003,LITH-SUP3,Lithium Carbonate,Australia,29.67820279368736,14947.510122698579,1.0005407727866085,916.2601776172538,22.84949413072545,0,0.2,20.893958219020856,0,none,0.0,0.0,-0.9808447087012627,6.767929447846992,-8.37398223827462,0.05815317550034593,0
3,LITH-SUP3-004,LITH-SUP3,Lithium Carbonate,Australia,25.534692184526115,13378.306302386443,0.7754690995323392,1080.3585019378602,117.7235502633484,0,0.2,20.893958219020856,0,none,0.05337462534679127,337.27919542675227,-14.80536512565017,-4.440669268668262,8.035850193786018,0.0942290788350475,0
4,LITH-SUP3-005,LITH-SUP3,Lithium Carbonate,Australia,25.829483585617155,14274.979227781943,0.4342054739907866,1047.4697088463201,106.67675680718398,0,0.2,20.893958219020856,0,none,-0.3947050119042044,-162.49100663853702,-13.821815153770403,1.9641373412995953,4.746970884632015,0.08316290363445267,0
5,LITH-SUP3-006,LITH-SUP3,Lithium Carbonate,Australia,24.4845588540919,14649.80789409794,0.6519770871651882,946.6099761626446,117.70312564873214,0,0.2,20.893958219020856,0,none,-0.11618789520714008,-99.23407620021317,-18.309058258475307,4.641484957842424,-5.339002383735544,0.10848224223395597,0
6,LITH-SUP3-007,LITH-SUP3,Lithium Carbonate,Australia,28.0111535339663,14299.523308486441,0.859855273101351,1032.866200228248,21.689979286480714,0,0.2,20.893958219020856,0,none,0.02812872452300393,307.072335366666,-6.542832766875555,2.13945220347458,3.286620022824809,0.04300443343906013,0
7,LITH-SUP3-008,LITH-SUP3,Lithium Carbonate,Australia,33.93049469904024,13760.049694394935,0.21604853514668787,1106.7222416571983,79.66181285321052,0,0.2,20.893958219020856,0,none,-0.07271897961469957,-171.64317779566954,13.20661655528167,-1.713930754321895,10.672224165719832,0.07916858516246983,0
8,LITH-SUP3-009,LITH-SUP3,Lithium Carbonate,Australia,33.31286028132166,14268.36397922773,0.8889086784678814,1034.8775894046296,59.52940389050109,0,0.2,20.893958219020856,0,none,0.07897719710089772,-127.14797162340317,11.145924445773778,1.9168855659123567,3.487758940462959,0.03910691382313092,0
9,LITH-SUP3-010,LITH-SUP3,Lithium Carbonate,Australia,36.19734749526461,14048.566794592945,1.0345727402280915,1107.6240157466386,54.20886957335525,0,0.2,20.893958219020856,0,none,0.058239155708913505,-83.65217129783196,20.769805290537544,0.3469056756638955,10.762401574663864,0.0871879509629796,0
10,LITH-SUP3-011,LITH-SUP3,Lithium Carbonate,Australia,30.97046799660544,13981.8960064323,1.1114315492983307,916.6631194050594,30.027280570150626,0,0.2,20.893958219020856,0,none,0.29846100471721426,73.94877067912178,3.3307037261825503,-0.12931423976928533,-8.333688059494056,0.02579714966421809,0
11,LITH-SUP3-012,LITH-SUP3,Lithium Carbonate,Australia,23.758999402032117,13217.831120907274,0.7251398010998873,970.6808413351238,59.525257635369584,0,0.2,20.893958219020856,0,none,-0.05458962578933135,-350.17761944015183,-20.729834359912918,-5.58692056494804,-2.9319158664876226,0.11914929001345254,0
12,LITH-SUP3-013,LITH-SUP3,Lithium Carbonate,Australia,33.287086977040694,13326.536218560861,1.1283316697950323,959.2921763649675,79.51407545313916,0,0.2,20.893958219020856,0,none,0.03125297652231359,-240.67685867736145,11.059933699072975,-4.810455581708136,-4.0707823635032465,0.048368874972061104,0
13,LITH-SUP3-014,LITH-SUP3,Lithium Carbonate,Australia,30.527644803051356,14433.419781882776,0.7848482016275461,1106.385153273436,54.613092445687364,0,0.2,20.893958219020856,0,none,-0.10886111589026153,150.50792515015868,1.8532564941538225,3.095855584876972,10.63851532734359,0.024399935714007115,0
14,LITH-SUP3-015,LITH-SUP3,Lithium Carbonate,Australia,29.991182922288466,15818.371608617083,1.0660173148821914,1143.3214506606173,106.93633197322639,0,0.2,20.893958219020856,0,none,0.1136258379274347,866.8468292366027,0.06339062362268948,12.98836863297916,14.33214506606173,0.18592878503304588,0
15,LITH-SUP3-016,LITH-SUP3,Lithium Carbonate,Australia,31.712899128073477,13960.251763925116,0.8692736529874515,922.051760327458,41.16182955058314,0,0.2,20.893958219020856,0,none,-0.08635267226919359,211.23851512141846,5.807770953297972,-0.28391597196345436,-7.794823967254195,0.027329374744976653,0
16,LITH-SUP3-017,LITH-SUP3,Lithium Carbonate,Australia,27.41994049041445,14465.9096654194,1.4971209457925088,1036.653140723723,37.27031515537043,0,0.2,20.893958219020856,0,none,0.23742424805498755,10.829961178874631,-8.515371891857676,3.327926181567143,3.665314072372303,0.0219336444850462,0
17,LITH-SUP3-018,LITH-SUP3,Lithium Carbonate,Australia,31.33281732693334,13783.92886111751,1.4222510063021283,816.8593915784877,6.688527009408139,0,0.2,20.893958219020856,0,none,0.11874456380664562,-678.1475824998573,4.539655793086962,-1.5433652777320666,-18.31406084215123,0.14273512792440257,0
18,LITH-SUP3-019,LITH-SUP3,Lithium Carbonate,Australia,24.005285151363623,12953.457418840957,1.6364085584765085,1089.5184981971686,74.0966469136843,0,0.2,20.893958219020856,0,none,0.255711635163019,-335.59811502805314,-19.908119951239986,-7.475304151136021,8.951849819716859,0.12175921936862877,0
19,LITH-SUP3-020,LITH-SUP3,Lithium Carbonate,Australia,25.468852458736016,11924.829813510845,0.6827296896032364,1242.0415012247402,93.79206250577734,0,0.2,20.893958219020856,0,none,-0.27146375206309076,-847.0266173028516,-15.025034560408969,-14.822644189208248,24.204150122474015,0.28652386874046853,0
20,LITH-SUP3-021,LITH-SUP3,Lithium Carbonate,Australia,28.295023051806407,14325.556146650215,0.17399826707233235,970.2676637302364,78.70219297740833,0,0.2,20.893958219020856,0,none,-0.41608424640993197,180.54242851090143,-5.595722860494892,2.3254010475015354,-2.973233626976355,0.04998678147277058,0
21,LITH-SUP3-022,LITH-SUP3,Lithium Carbonate,Australia,29.714120915886554,14553.564285183056,1.12680005668758,1066.8326018107996,24.07928980580137,0,0.2,20.893958219020856,0,none,-0.16986950059630948,533.3689554473664,-0.8610065182104806,3.9540306084504016,6.683260181079959,0.07044827348124649,0
22,LITH-SUP3-023,LITH-SUP3,Lithium Carbonate,Australia,32.66313217351796,15140.255863336793,0.46940268374384747,911.2304344285441,118.88699139752134,0,0.2,20.893958219020856,0,none,-0.07110900195312965,1071.808683275316,8.978154084105483,8.144684738119954,-8.876956557145594,0.1752989043843758,0
23,LITH-SUP3-024,LITH-SUP3,Lithium Carbonate,Australia,29.398683662772626,14982.67497444659,0.7332095876234619,1145.504557627071,91.8629698713956,0,0.2,20.893958219020856,0,none,0.18640377351704318,219.03960926545855,-1.9134398669505974,7.01910696033279,14.550455762707111,0.07485052262456904,0
24,LITH-SUP3-025,LITH-SUP3,Lithium Carbonate,Australia,30.746151532699738,15095.302615168934,0.7735922048474682,905.8877904075042,109.31691654796472,0,0.2,20.893958219020856,0,none,-0.11773595061337061,180.57944332862584,2.5822882332269548,7.823590108349526,-9.411220959249578,0.06981004324937667,0
0,LITH-SUP4-001,LITH-SUP4,Lithium Carbonate,Australia,34.46530568531432,12903.96864947364,0.9463699635339113,946.1228682382257,72.44119489670153,0,0.2,18.084150001188195,0,none,0.0,0.0,4.523339506431382,-7.828795360902574,-5.387713176177431,0.03994808180382725,0
1,LITH-SUP4-002,LITH-SUP4,Lithium Carbonate,Australia,25.079005779221713,13449.403957427083,0.0,917.3770533636048,78.32270055502279,0,0.2,18.084150001188195,0,none,0.0,0.0,-23.942603049004713,-3.9328288755208374,-8.262294663639523,0.16134923270057122,0
2,LITH-SUP4-003,LITH-SUP4,Lithium Carbonate,Australia,32.38281115188091,13822.63570173639,0.5480420765183203,1020.3388240619944,47.15996426725042,0,0.2,18.084150001188195,0,none,0.0,0.0,-1.7922662544975534,-1.2668878447400727,2.0338824061994387,0.01601193367491216,0
3,LITH-SUP4-004,LITH-SUP4,Lithium Carbonate,Australia,35.304540358431424,14463.866179269839,0.8201534810364012,1055.6533442751263,93.3921727878286,0,0.2,18.084150001188195,0,none,-0.04207216083250339,519.9658432653996,7.06849640899051,3.3133298519274184,5.56533442751263,0.05981711532443379,0
4,LITH-SUP4-005,LITH-SUP4,Lithium Carbonate,Australia,39.684197068566604,13939.034080263244,0.4740929030410623,924.6472419642622,102.781544365878,0,0.2,18.084150001188195,0,none,0.1580309676803541,163.21004094538694,20.350733027310664,-0.43547085526254575,-7.535275803573779,0.11382890886490882,0
5,LITH-SUP4-006,LITH-SUP4,Lithium Carbonate,Australia,28.870294204305917,13377.841880738357,0.592294321382315,1033.4295128497715,77.54570764194537,0,0.2,18.084150001188195,0,none,0.014750748287998236,-148.26460699934432,-12.444717876010758,-4.443986566154594,3.3429512849771528,0.04263160136719335,0
6,LITH-SUP4-007,LITH-SUP4,Lithium Carbonate,Australia,30.4495293593306,14630.129194813975,0.9973408483588244,984.0351692577983,111.65795272796306,0,0.2,18.084150001188195,0,none,0.05906245577414108,55.42100518137886,-7.6553527742971275,4.500922820099822,-1.5964830742201683,0.044835946620605305,0
7,LITH-SUP4-008,LITH-SUP4,Lithium Carbonate,Australia,34.7821639174219,14131.581511240272,0.0,993.2019744015595,36.972542259093586,0,0.2,18.084150001188195,0,none,-0.1580309676803541,64.18247699234296,5.4842792082980045,0.9398679374305174,-0.6798025598440518,0.054930776569116824,0
8,LITH-SUP4-009,LITH-SUP4,Lithium Carbonate,Australia,30.00715462158195,14132.89037498621,0.0,1133.6186100012171,59.91317546718927,0,0.2,18.084150001188195,0,none,-0.19743144046077166,251.6828314159508,-8.996947864877537,0.9492169641872091,13.361861000121714,0.08439292692776335,0
9,LITH-SUP4-010,LITH-SUP4,Lithium Carbonate,Australia,32.14114391311422,14254.418036487352,0.0,884.3652339734667,94.93059463489038,0,0.2,18.084150001188195,0,none,-0.33244694945294145,-125.23705277554109,-2.525173343029647,1.8172716891953704,-11.563476602653328,0.07034988922435692,0
10,LITH-SUP4-011,LITH-SUP4,Lithium Carbonate,Australia,29.438560419839416,14500.077537841462,1.6262827775823476,882.3385280570698,68.60693727729665,0,0.2,18.084150001188195,0,none,0.5420942591941159,122.83200886706315,-10.721330214268594,3.5719824131532993,-11.766147194293024,0.06152755842702151,0
11,LITH-SUP4-012,LITH-SUP4,Lithium Carbonate,Australia,33.75015173700486,15127.781303949734,0.016447355938399078,1024.9036122306943,89.38165220536037,0,0.2,18.084150001188195,0,none,0.005482451979466359,331.63030965450827,2.3544836830993017,8.055580742498101,2.4903612230694305,0.0995979594660874,0
12,LITH-SUP4-013,LITH-SUP4,Lithium Carbonate,Australia,27.52731344513983,13103.251555207917,0.4158312089779315,947.9411587144589,118.33711949191651,0,0.2,18.084150001188195,0,none,0.13861040299264385,-383.7221604264784,-16.51759148179267,-6.405346034229167,-5.205884128554112,0.1327994061856269,0
13,LITH-SUP4-014,LITH-SUP4,Lithium Carbonate,Australia,33.77063291657234,12757.52655825051,0.8853397136587561,942.246111264435,14.754216315860686,0,0.2,18.084150001188195,0,none,-0.24698102130786384,-580.850326530317,2.416597198208371,-8.874810298210638,-5.775388873556505,0.13578543272665,0
14,LITH-SUP4-015,LITH-SUP4,Lithium Carbonate,Australia,30.904395333223697,13554.369301828436,0.8982003176106164,1076.2926482336936,9.251633628135036,0,0.2,18.084150001188195,0,none,0.2939176538907391,-524.4706673737661,-6.275875364369202,-3.1830764155111737,7.629264823369363,0.10670678520880572,0
15,LITH-SUP4-016,LITH-SUP4,Lithium Carbonate,Australia,27.415736179142833,14376.624107949776,0.11048048637115115,1023.5276111588264,87.0246925758453,0,0.2,18.084150001188195,0,none,-0.10178357420226013,424.4575175806197,-16.855973173848074,2.690172199641256,2.3527611158826405,0.10672873494450874,0
16,LITH-SUP4-017,LITH-SUP4,Lithium Carbonate,Australia,34.44548249247123,13435.38076698484,0.0,1071.38201364824,10.630826629677113,0,0.2,18.084150001188195,0,none,-0.29511323788625204,225.95140291144284,4.463221475430636,-4.032994521536862,7.138201364823999,0.11247402959033437,0
17,LITH-SUP4-018,LITH-SUP4,Lithium Carbonate,Australia,30.949275084110837,15015.825194314744,0.4073083014234794,1003.2107673970935,64.18237434338022,0,0.2,18.084150001188195,0,none,-0.163630672062379,487.15196416210284,-6.139768013928973,7.255894245105316,0.32107673970934913,0.10044020882853477,0
18,LITH-SUP4-019,LITH-SUP4,Lithium Carbonate,Australia,30.930515857726885,14329.795405379951,0.3609083386259884,958.836167778379,82.23547301842375,0,0.2,18.084150001188195,0,none,0.08347595075161242,-15.609567523274867,-6.196659341286135,2.355681466999652,-4.116383222162096,0.03275462043030719,0
19,LITH-SUP4-020,LITH-SUP4,Lithium Carbonate,Australia,29.54258273028367,12311.053768349357,1.4331030097142978,1254.9327952607002,39.37851987867413,0,0.2,18.084150001188195,0,none,0.4777010032380993,-374.7756662118275,-10.40586052512433,-12.06390165464745,25.493279526070022,0.18143260667478855,0
20,LITH-SUP4-021,LITH-SUP4,Lithium Carbonate,Australia,26.587300313259124,13782.66121666284,0.48452303728801605,981.0076158977743,26.573273423041503,0,0.2,18.084150001188195,0,none,0.02573824528817888,-411.0546592173014,-19.368380406201847,-1.5524198809797132,-1.8992384102225741,0.12804895215652268,0
21,LITH-SUP4-022,LITH-SUP4,Lithium Carbonate,Australia,34.88482194634522,14367.155162700261,0.0,1069.9196731694888,119.85548755767796,0,0.2,18.084150001188195,0,none,-0.12030277954199614,12.453252440103219,5.795611424764769,2.622536876430435,6.991967316948876,0.07954365579566136,0
22,LITH-SUP4-023,LITH-SUP4,Lithium Carbonate,Australia,33.54080762553165,13763.872386552046,0.55663290500459,1061.5256766968562,119.72170428523548,0,0.2,18.084150001188195,0,none,-0.29215670156990264,484.2728727342298,1.7196033243705917,-1.6866258103425285,6.152567669685618,0.0930957171295298,0
23,LITH-SUP4-024,LITH-SUP4,Lithium Carbonate,Australia,28.783539174872974,12788.529876144947,0.7098298636970017,960.953605053719,62.14540855499018,0,0.2,18.084150001188195,0,none,0.0751022754696619,-331.3771135059645,-12.707820878145855,-8.653358027536095,-3.9046394946281,0.09926277006264572,0
24,LITH-SUP4-025,LITH-SUP4,Lithium Carbonate,Australia,32.39947574767941,15167.521327783663,0.07576416331734703,1058.7259166802792,7.031909814989904,0,0.2,18.084150001188195,0,none,0.025254721105782345,266.7887216944673,-1.7417273380495693,8.339438055597592,5.872591668027917,0.1483162935701282,0
0,NICK-SUP1-001,NICK-SUP1,Nickel Sulfate,Indonesia,37.31539935052878,21001.688206910654,1.8612100688588693,754.9127871459914,27.1145780890403,0,0.45,35.389849213466235,0,none,0.0,0.0,1.1061312257867788,0.008039080526924366,-24.50872128540086,0.07588672240860406,0
1,NICK-SUP1-002,NICK-SUP1,Nickel Sulfate,Indonesia,32.52601820492283,20542.291584063303,0.9974291978810671,849.2674352226952,70.13837484310913,0,0.45,35.389849213466235,0,none,0.0,0.0,-11.870704263743695,-2.179563885412842,-15.07325647773048,0.04964943291216495,0
2,NICK-SUP1-003,NICK-SUP1,Nickel Sulfate,Indonesia,33.73003579100674,24096.354356015625,2.0256042566376555,958.8250582315351,10.687800771791803,0,0.45,35.389849213466235,0,none,0.0,0.0,-8.608416785235706,14.744544552455357,-4.117494176846493,0.16117539850967288,0
3,NICK-SUP1-004,NICK-SUP1,Nickel Sulfate,Indonesia,32.66577243247817,18595.755679336165,1.0662931895598202,900.2148016755974,92.15968665427896,0,0.45,35.389849213466235,0,none,-0.264972293099683,-801.9775091914962,-11.492039971882948,-11.448782479351593,-9.97851983244026,0.15228723781415288,0
4,NICK-SUP1-005,NICK-SUP1,Nickel Sulfate,Indonesia,31.001252783098895,20039.912182529075,1.1990468304154975,1036.6209597783936,65.02062413846414,0,0.45,35.389849213466235,0,none,0.06720587751147682,-167.4598005114094,-16.002058490434777,-4.571846749861548,3.6620959778393627,0.07303058520408556,0
5,NICK-SUP1-006,NICK-SUP1,Nickel Sulfate,Indonesia,32.03360822898241,22076.904019970807,0.7246274344631569,1063.2857914607307,5.122758477615933,0,0.45,35.389849213466235,0,none,-0.43365894072483285,-673.1501120149393,-13.204889841570374,5.128114380813367,6.3285791460730705,0.1801705742912144,0
6,NICK-SUP1-007,NICK-SUP1,Nickel Sulfate,Indonesia,31.827302698142034,20601.590892227705,1.307415153795966,1061.29653804746,107.38035560971616,0,0.45,35.389849213466235,0,none,0.08037398807871525,668.6117376305132,-13.763874990779476,-1.8971862274871196,6.129653804745999,0.0939223210525959,0
7,NICK-SUP1-008,NICK-SUP1,Nickel Sulfate,Indonesia,42.56051827003604,22269.463571443062,0.9964062245642057,1075.0121812136945,29.74550158230263,0,0.45,35.389849213466235,0,none,-0.06754686861709729,743.1837963046625,15.31778890601052,6.045064625919345,7.5012181213694475,0.11530733467664045,0
8,NICK-SUP1-009,NICK-SUP1,Nickel Sulfate,Indonesia,44.14274919761132,19452.720150163652,0.6614667271855068,1148.4918786733851,16.40305161886365,0,0.45,35.389849213466235,0,none,-0.021053569092550035,-874.727956602385,19.604846007830275,-7.367999284934991,14.849187867338514,0.20676361277658406,0
9,NICK-SUP1-010,NICK-SUP1,Nickel Sulfate,Indonesia,32.0260343297977,20387.3953953192,1.334846637501375,989.7603293388904,103.9324169151782,0,0.45,35.389849213466235,0,none,0.009143827901803014,-71.39849896950182,-13.225411332916785,-2.9171647841942883,-1.0239670661109586,0.05685912819069705,0
10,NICK-SUP1-011,NICK-SUP1,Nickel Sulfate,Indonesia,34.41883118559872,20102.45529883999,0.6849784684346109,1228.163287727606,35.45282539198166,0,0.45,35.389849213466235,0,none,-0.10380925204319828,-722.3360908676914,-6.742124617245087,-4.274022386476246,22.816328772760606,0.14100163667208698,0
11,NICK-SUP1-012,NICK-SUP1,Nickel Sulfate,Indonesia,40.179933385136465,20383.762390170155,1.0317549441710576,928.6446018629645,16.48057157533087,0,0.45,35.389849213466235,0,none,0.12342940566185027,310.3474133355012,8.867590544047381,-2.9344648087135456,-7.135539813703554,0.06741547757738464,0
12,NICK-SUP1-013,NICK-SUP1,Nickel Sulfate,Indonesia,31.821317177342394,18718.620463224703,0.0,880.4641025701898,103.02396656198063,0,0.45,35.389849213466235,0,none,-0.444948879167125,-556.2583106981656,-13.78009276847866,-10.863712079882369,-11.953589742981023,0.20998377508769717,0
13,NICK-SUP1-014,NICK-SUP1,Nickel Sulfate,Indonesia,36.74315648891567,22626.11034052468,1.3302245712145198,1078.255882571516,10.080136838578547,0,0.45,35.389849213466235,0,none,0.21508203425996963,841.2183472282304,-0.44436167704355123,7.743382573927046,7.825588257151594,0.1389839938034566,0
14,NICK-SUP1-015,NICK-SUP1,Nickel Sulfate,Indonesia,38.84091180623868,21918.179934933676,0.8364096366472357,1055.9540370616166,97.7119610261434,0,0.45,35.389849213466235,0,none,-0.06511510250794066,511.47251492117357,5.2395095419267035,4.372285404446076,5.595403706161664,0.0717289932129127,0
15,NICK-SUP1-016,NICK-SUP1,Nickel Sulfate,Indonesia,34.878915225840174,19585.311775338545,0.532669116814946,1008.6505541921462,50.71537782382419,0,0.45,35.389849213466235,0,none,0.17755637227164867,288.89710403794743,-5.495526211300826,-6.736610593625977,0.865055419214616,0.057787390836271824,0
16,NICK-SUP1-017,NICK-SUP1,Nickel Sulfate,Indonesia,33.9821701691729,21033.497530070883,1.4100018008333248,1061.81907146653,16.877600097310705,0,0.45,35.389849213466235,0,none,0.026592409872935024,-530.8709368179321,-7.925258304579144,0.15951204795658538,6.181907146652998,0.07879153412353634,0
17,NICK-SUP1-018,NICK-SUP1,Nickel Sulfate,Indonesia,41.62013105634522,19738.372794726754,1.9665263875330934,946.9023495444285,54.62468542404578,0,0.45,35.389849213466235,0,none,0.3767055836286192,-726.602380068974,12.76980832198044,-6.0077485965392645,-5.3097650455571515,0.10625903145813731,0
18,NICK-SUP1-019,NICK-SUP1,Nickel Sulfate,Indonesia,37.15807706734412,20480.691783144222,0.22088485287661574,982.8435489783652,42.8651828537435,0,0.45,35.389849213466235,0,none,-0.10392808797944342,298.4600026018925,0.6798662605108964,-2.472896270741798,-1.715645102163478,0.05488313396667077,0
19,NICK-SUP1-020,NICK-SUP1,Nickel Sulfate,Indonesia,40.47718430332389,22911.158747995454,0.726277788115737,1030.197074251927,68.75588768867283,0,0.45,35.389849213466235,0,none,-0.22790800423919597,625.8870726415238,9.67299235842773,9.100755942835496,3.0197074251927005,0.1130617440292434,0
20,NICK-SUP1-021,NICK-SUP1,Nickel Sulfate,Indonesia,34.587599245943046,21975.863326870367,1.1054641518423758,1173.9648041931011,24.09720272760691,0,0.45,35.389849213466235,0,none,-0.2870207452302392,745.8301773812042,-6.284847301367902,4.646968223192224,17.396480419310116,0.10711407665357231,0
21,NICK-SUP1-022,NICK-SUP1,Nickel Sulfate,Indonesia,40.59542412126077,21122.740900326804,1.5226222876361988,955.2842342670053,91.88704738444413,0,0.45,35.389849213466235,0,none,0.4339124782531944,214.01637239419384,9.993363324744887,0.5844804777466855,-4.471576573299467,0.05334378576672649,0
22,NICK-SUP1-023,NICK-SUP1,Nickel Sulfate,Indonesia,36.480884218190425,19946.56803529431,1.4557740500549585,1065.0249005578364,81.92898078403165,0,0.45,35.389849213466235,0,none,0.2431654206464072,-988.196904233715,-1.1549887929893496,-5.016342689074719,6.502490055783642,0.10166291136487893,0
23,NICK-SUP1-024,NICK-SUP1,Nickel Sulfate,Indonesia,42.57966113923189,22826.174449557744,0.9372609378395145,1037.305231843418,71.5824153462779,0,0.45,35.389849213466235,0,none,-0.05606773800095377,283.43704089579234,15.369656539176447,8.696068807417829,3.7305231843417914,0.09318979574995867,0
24,NICK-SUP1-025,NICK-SUP1,Nickel Sulfate,Indonesia,36.99335558768431,20244.31569411023,1.9347684373321077,1036.3698150342964,8.051230278698549,0,0.45,35.389849213466235,0,none,0.1373820498986363,-292.8084020721908,0.23355316114555721,-3.598496694713183,3.636981503429638,0.07695384830825869,0
0,NICK-SUP2-001,NICK-SUP2,Nickel Sulfate,Indonesia,45.301710107009896,18265.02458365778,1.102477417560959,1079.5838655219775,5.629407515982161,0,0.45,17.801031878218268,0,none,0.0,0.0,11.936185718563763,-13.02369245877247,7.958386552197749,0.16786011988368488,0
1,NICK-SUP2-002,NICK-SUP2,Nickel Sulfate,Indonesia,41.48459622605079,19328.74090981863,2.0979118595684207,1200.350941040134,69.98395972253114,0,0.45,17.801031878218268,0,none,0.0,0.0,2.504463002607599,-7.95837661991129,20.03509410401341,0.05666862518033977,0
2,NICK-SUP2-003,NICK-SUP2,Nickel Sulfate,Indonesia,41.15783424492875,20446.792073267778,1.912242289058907,787.0802110799982,66.69611123150884,0,0.45,17.801031878218268,0,none,0.0,0.0,1.6970654514281187,-2.6343234606296306,-21.29197889200018,0.04188713552385881,0
3,NICK-SUP2-004,NICK-SUP2,Nickel Sulfate,Indonesia,43.89277056359765,19014.719647765025,1.778820268840196,884.2535367766578,73.34135984468169,0,0.45,17.801031878218268,0,none,0.22544761709307895,249.8983547024145,8.454831084818542,-9.45371596302369,-11.574646322334218,0.07174374463206956,0
4,NICK-SUP2-005,NICK-SUP2,Nickel Sulfate,Indonesia,40.68746020786598,18373.65328471452,2.416663934172136,1075.3855069933682,69.90515824130553,0,0.45,17.801031878218268,0,none,0.10625069153457171,-318.36254170136937,0.5348162682189975,-12.506412929930852,7.538550699336815,0.09266877312330812,0
5,NICK-SUP2-006,NICK-SUP2,Nickel Sulfate,Indonesia,30.43133559573263,19744.51253123699,2.7259796820449522,722.2005719271427,53.026218655215246,0,0.45,17.801031878218268,0,none,0.27124579766201506,-234.09318067692948,-24.807085099845416,-5.9785117560143375,-27.779942807285725,0.2423128388889536,0
6,NICK-SUP2-007,NICK-SUP2,Nickel Sulfate,Indonesia,35.69543175988933,22013.758579996895,1.7719717389218732,1040.3954020735612,39.93661111714357,0,0.45,17.801031878218268,0,none,-0.0022828433061075812,999.6796440772899,-11.800007784672598,4.827421809509023,4.039540207356117,0.09246314359318142,0
7,NICK-SUP2-008,NICK-SUP2,Nickel Sulfate,Indonesia,47.90240692144866,20744.293150969035,2.2975508998049095,851.4944520872564,84.36457850152287,0,0.45,17.801031878218268,0,none,-0.039704344789075474,790.2132887515048,18.362258397300195,-1.2176516620522133,-14.850554791274362,0.12624804241354803,0
8,NICK-SUP2-009,NICK-SUP2,Nickel Sulfate,Indonesia,37.39315816543302,20293.44975324944,2.0984048175689987,843.711565466015,9.610926135369231,0,0.45,17.801031878218268,0,none,-0.20919162149198453,182.97907400414988,-7.605088480713646,-3.364524984526482,-15.628843453398497,0.09059995957804878,0
9,NICK-SUP2-010,NICK-SUP2,Nickel Sulfate,Indonesia,44.386448806970485,21369.09661760659,1.3150799329042413,987.619070567034,26.67454484641466,0,0.45,17.801031878218268,0,none,-0.15229726867254398,-214.8873207967687,9.674662729250107,1.757602940983755,-1.2380929432966012,0.04855790148551142,0
10,NICK-SUP2-011,NICK-SUP2,Nickel Sulfate,Indonesia,32.87060355399174,19645.79482258968,2.547800517034364,1027.0095434197287,98.03150428827614,0,0.45,17.801031878218268,0,none,0.08341653907648479,-366.1661094597851,-18.779887659659074,-6.448596082906286,2.7009543419728743,0.11435293632234356,0
11,NICK-SUP2-012,NICK-SUP2,Nickel Sulfate,Indonesia,47.99657879546995,21590.376500917817,2.4384727202101937,1271.0745527218326,77.93695990617375,0,0.45,17.801031878218268,0,none,0.113355967547065,432.30891588945934,18.59494807623312,2.8113166710372233,27.107455272183255,0.1392181537595062,0
12,NICK-SUP2-013,NICK-SUP2,Nickel Sulfate,Indonesia,37.241902137115524,21539.02346179139,2.3290242296880512,947.3284608053792,119.25744463048746,0,0.45,17.801031878218268,0,none,0.33798143226127,56.642281394933285,-7.978827636184951,2.566778389482802,-5.2671539194620784,0.05282266927196688,0
13,NICK-SUP2-014,NICK-SUP2,Nickel Sulfate,Indonesia,49.81918937938532,21411.82277268891,1.743386024292566,1091.5930302279598,108.84375264170572,0,0.45,17.801031878218268,0,none,-0.26813816424726594,588.6759833664097,23.098444220900777,1.9610608223281383,9.159303022795985,0.1305840867132324,0
14,NICK-SUP2-015,NICK-SUP2,Nickel Sulfate,Indonesia,39.44757776611801,21708.46381861226,1.463587580877759,1035.2627203917173,100.99138139759762,0,0.45,17.801031878218268,0,none,-0.32496171311081157,39.3624392314814,-2.528814463178308,3.3736372314869576,3.526272039171727,0.022676015584348952,0
15,NICK-SUP2-016,NICK-SUP2,Nickel Sulfate,Indonesia,42.357682936724665,20525.972749232835,1.855976074779483,958.9660026654891,50.68182966937477,0,0.45,17.801031878218268,0,none,-0.1576827183028561,-337.68357085285123,4.661776621973111,-2.257272622700787,-4.10339973345109,0.026574111595223937,0
16,NICK-SUP2-017,NICK-SUP2,Nickel Sulfate,Indonesia,38.94199326592368,22154.552415753955,1.2429241633891124,1086.2000050412134,26.77680154237819,0,0.45,17.801031878218268,0,none,-0.16682062030115122,247.5765476883486,-3.7780653275827127,5.4978686464474045,8.620000504121345,0.04769657055986398,0
17,NICK-SUP2-018,NICK-SUP2,Nickel Sulfate,Indonesia,41.996560572921915,19579.99523314691,2.773844248418322,1124.5634960171874,86.40204785616649,0,0.45,17.801031878218268,0,none,0.43675222251352097,-709.4895284884502,3.7694778569537215,-6.761927461205189,12.456349601718738,0.12257165024908034,0
18,NICK-SUP2-019,NICK-SUP2,Nickel Sulfate,Indonesia,34.340648367308276,22044.692549543226,2.3119562588114584,839.4728752867433,19.597554530955776,0,0.45,17.801031878218268,0,none,0.15199339467732517,506.2399334367971,-15.147547757935394,4.974726426396314,-16.052712471325673,0.13453172291139714,0
19,NICK-SUP2-020,NICK-SUP2,Nickel Sulfate,Indonesia,125.68178906756117,35723.88598115183,2.198159398468032,1029.123141684738,116.7574391443718,0,0.45,17.801031878218268,1,price_spike_late_delivery,0.3184117450263065,4523.111188465958,210.54766032620424,70.11374276738965,2.9123141684737903,0.8894391536911729,1
20,NICK-SUP2-021,NICK-SUP2,Nickel Sulfate,Indonesia,45.432898269097976,17387.510758233744,1.9508094375747629,983.5348972456048,46.5838884008562,0,0.45,17.801031878218268,0,none,-0.274344936947853,-730.8281583043887,12.260339099106808,-17.202329722696454,-1.6465102754395162,0.1784752609518243,0
21,NICK-SUP2-022,NICK-SUP2,Nickel Sulfate,Indonesia,40.85218303050448,22573.434793237237,1.5662447851983088,1033.6400938689872,56.298382685826006,0,0.45,17.801031878218268,0,none,-0.2485704912043832,176.24741456467018,0.941830582323125,7.4925466344630305,3.364009386898715,0.031488728983271375,0
22,NICK-SUP2-023,NICK-SUP2,Nickel Sulfate,Indonesia,37.751718503113736,22861.515979054246,1.8382498049376914,1046.2212489010624,28.669276196495872,0,0.45,17.801031878218268,0,none,-0.11996986451011349,-4287.45666736586,-6.719120236796759,8.864361805020218,4.622124890106238,0.2969027211480436,0
23,NICK-SUP2-024,NICK-SUP2,Nickel Sulfate,Indonesia,48.00800276639072,21759.34208234619,2.018278793668473,1057.5546509999895,117.37716394015109,0,0.45,17.801031878218268,0,none,0.022489785364570098,1457.2771080374816,18.6231756139488,3.6159146778389966,5.755465099998946,0.14972467301188297,0
24,NICK-SUP2-025,NICK-SUP2,Nickel Sulfate,Indonesia,45.25683653356713,20591.7791828745,2.0074939574693866,950.8344385034516,27.439287725618684,0,0.45,17.801031878218268,0,none,0.14708305742369263,-660.5518701209124,11.825307417526565,-1.9439086529785743,-4.916556149654843,0.082596168515783,0
0,NICK-SUP3-001,NICK-SUP3,Nickel Sulfate,Indonesia,30.439081909640773,21322.442631131322,1.4025302785620082,999.1205310514429,28.21473393509723,0,0.45,7.492592507105023,0,none,0.0,0.0,6.946706116284091,1.5354411006253421,-0.08794689485571325,0.039214707145706074,0
1,NICK-SUP3-002,NICK-SUP3,Nickel Sulfate,Indonesia,27.269792447391417,23809.46212017603,0.2926909996452389,1126.0937323562985,45.00858921200811,0,0.45,7.492592507105023,0,none,0.0,0.0,-4.188487439250383,13.37839104845729,12.609373235629846,0.1451531790381808,0
2,NICK-SUP3-003,NICK-SUP3,Nickel Sulfate,Indonesia,26.036508978484683,23808.884749300527,1.5744013493331472,1097.1139006822912,48.50562957294275,0,0.45,7.492592507105023,0,none,0.0,0.0,-8.521588059655937,13.375641663335843,9.711390068229116,0.11620313328299359,0
3,NICK-SUP3-004,NICK-SUP3,Nickel Sulfate,Indonesia,27.843648961913377,20736.144877930095,1.271921506020247,1140.1186275033897,80.11706677762415,0,0.45,7.492592507105023,0,none,-0.04353625751392043,-195.4325844004088,-2.1722615821867635,-1.256452962237641,14.011862750338969,0.052537307193438965,0
4,NICK-SUP3-005,NICK-SUP3,Nickel Sulfate,Indonesia,25.8677730284569,22038.778098605075,1.5372315810578843,1065.4659528447787,24.420399785462198,0,0.45,7.492592507105023,0,none,0.41484686047088176,-590.2280071903187,-9.114436231372899,4.94656237430988,6.546595284477871,0.12836258340159945,0
5,NICK-SUP3-006,NICK-SUP3,Nickel Sulfate,Indonesia,27.690802859221154,19829.47364941547,0.6425594925400984,836.4536751542142,64.74820378261481,0,0.45,7.492592507105023,0,none,-0.3106139522643496,-1326.470366628352,-2.7092813015780783,-5.57393500278347,-16.354632484578577,0.1760186868872341,0
6,NICK-SUP3-007,NICK-SUP3,Nickel Sulfate,Indonesia,28.224405006013804,20445.615492292567,0.0,875.2682530305831,59.963856785080566,0,0.45,7.492592507105023,0,none,-0.4239738353400823,-96.84312854584277,-0.8344878322659411,-2.639926227178252,-12.473174696941692,0.0852932048417363,0
7,NICK-SUP3-008,NICK-SUP3,Nickel Sulfate,Indonesia,26.570263279753494,21454.34551384762,0.3813134928728601,1143.870548235923,78.32503272634074,0,0.45,7.492592507105023,0,none,-0.3853060293950081,-194.8108615858182,-6.646260000631315,2.1635500659410485,14.387054823592301,0.08593774581037639,0
8,NICK-SUP3-009,NICK-SUP3,Nickel Sulfate,Indonesia,29.287426780728392,23930.482537770924,1.83487625815519,969.3434378712942,59.6895349217875,0,0.45,7.492592507105023,0,none,0.3974389218716972,1367.0029627851509,2.9004039648353572,13.954678751290114,-3.0656562128705787,0.19469021472276815,0
9,NICK-SUP3-010,NICK-SUP3,Nickel Sulfate,Indonesia,27.535352748994196,21642.471793080436,1.0240441407350527,960.4755854996529,54.23953430352043,0,0.45,7.492592507105023,0,none,0.34134804691168424,398.9521002626231,-3.255450115195318,3.0593894908592207,-3.952441450034712,0.05348394496772735,0
10,NICK-SUP3-011,NICK-SUP3,Nickel Sulfate,Indonesia,28.136852996529328,23897.48225722702,1.1220274897365747,1178.5318394224728,81.19090335211298,0,0.45,7.492592507105023,0,none,0.24690466562123822,814.3789144598001,-1.1420989177783711,13.797534558223907,17.853183942247277,0.17686830566975953,0
11,NICK-SUP3-012,NICK-SUP3,Nickel Sulfate,Indonesia,31.20268655104391,20086.990075087666,0.6497765965667823,1045.9705955014988,98.3941405365118,0,0.45,7.492592507105023,0,none,-0.39503322052946926,-1281.1641542277528,9.62960573249448,-4.347666309106353,4.597059550149879,0.1760639784080028,0
12,NICK-SUP3-013,NICK-SUP3,Nickel Sulfate,Indonesia,28.57649395259507,19379.144397794542,0.3965270247158247,857.286359781376,90.69844191981625,0,0.45,7.492592507105023,0,none,-0.20917237200640934,-754.4424650952982,0.4025650200046282,-7.718360010502181,-14.271364021862405,0.1490785587803536,0
13,NICK-SUP3-014,NICK-SUP3,Nickel Sulfate,Indonesia,28.773532546755924,22417.555341352112,1.069948314398084,773.9585242662148,107.88910698979872,0,0.45,7.492592507105023,0,none,-0.017359725112830276,-493.30897195830283,1.0948535944708808,6.750263530248152,-22.60414757337852,0.1589805186158575,0
14,NICK-SUP3-015,NICK-SUP3,Nickel Sulfate,Indonesia,27.998559093304078,23640.958425284054,0.34808725140071006,960.9322397400804,27.731702959283545,0,0.45,7.492592507105023,0,none,-0.10056311505535742,1184.6561167321295,-1.6279899663260704,12.575992501352639,-3.906776025991962,0.2102107007144991,0
15,NICK-SUP3-016,NICK-SUP3,Nickel Sulfate,Indonesia,29.742640819658344,21709.774472630696,1.1339484263724273,1032.9943538657265,86.43811869190304,0,0.45,7.492592507105023,0,none,0.2458071338855342,776.8766916120512,4.499783413465477,3.3798784410985503,3.2994353865726453,0.08402485232088885,0
16,NICK-SUP3-017,NICK-SUP3,Nickel Sulfate,Indonesia,26.157963053740218,22106.35380942433,0.39015469941771863,1032.8367972831538,36.44441574456734,0,0.45,7.492592507105023,0,none,-0.22659787166012177,-103.7338439759272,-8.094863188927663,5.268351473449193,3.283679728315383,0.08465022765478813,0
17,NICK-SUP3-018,NICK-SUP3,Nickel Sulfate,Indonesia,26.707828008654435,20971.416553089686,0.7653861315277117,892.8298673138256,13.042137619839039,0,0.45,7.492592507105023,0,none,0.13909962670900056,-889.8472907314559,-6.162930881921084,-0.13611165195387523,-10.717013268617439,0.16053347806676954,0
18,NICK-SUP3-019,NICK-SUP3,Nickel Sulfate,Indonesia,25.31975302751155,21406.724804757494,0.5016134607843065,1071.1977022991052,56.54767281461981,0,0.45,7.492592507105023,0,none,-0.21077832186270695,-101.01655595773384,-11.03988635371661,1.9367847845594952,7.119770229910523,0.07323258427434742,0
19,NICK-SUP3-020,NICK-SUP3,Nickel Sulfate,Indonesia,26.850132388724536,20212.999705648876,1.7392295722979076,1033.0289945616591,58.76072203428576,0,0.45,7.492592507105023,0,none,0.4496916242933963,-631.1180345918183,-5.662949155810058,-3.7476204492910687,3.302899456165915,0.08698187162349813,0
20,NICK-SUP3-021,NICK-SUP3,Nickel Sulfate,Indonesia,29.88136732940485,18344.93764236459,1.0550894130400346,1199.7514177804762,36.37249796677111,0,0.45,7.492592507105023,0,none,0.0965677605041076,-875.4929702416981,4.987194410697238,-12.643154083978136,19.97514177804762,0.19840373236726372,0
21,NICK-SUP3-022,NICK-SUP3,Nickel Sulfate,Indonesia,28.655210127021764,21690.641758349168,1.5244588295176609,800.2533307110141,32.139685201363555,0,0.45,7.492592507105023,0,none,0.3409484562444514,94.63898453055783,0.679131691693357,3.2887702778531787,-19.97466692889859,0.08457153916709559,0
22,NICK-SUP3-023,NICK-SUP3,Nickel Sulfate,Indonesia,29.060445544974176,20099.255532009138,1.7326688389704454,968.4825610114776,104.7248118097712,0,0.45,7.492592507105023,0,none,-0.0021869111091540696,-37.91472454657924,2.102912910861461,-4.289259371385058,-3.1517438988522373,0.039001919433449106,0
23,NICK-SUP3-024,NICK-SUP3,Nickel Sulfate,Indonesia,24.8529056453622,17535.408215265474,0.959593439219032,981.1615872735616,96.01692109787656,0,0.45,7.492592507105023,0,none,-0.03183199127366754,-269.84314236637266,-12.680139168439968,-16.49805611778346,-1.8838412726438378,0.17044040823749462,0
24,NICK-SUP3-025,NICK-SUP3,Nickel Sulfate,Indonesia,31.532612717343007,22510.134994011034,0.9914619961824326,786.5306332523144,61.84617135648104,0,0.45,7.492592507105023,0,none,-0.17766561111174276,273.16441188728885,10.78879039029739,7.191119019100163,-21.346936674768564,0.13769470213282142,0
0,NICK-SUP4-001,NICK-SUP4,Nickel Sulfate,Indonesia,38.450410338057544,21389.83337839775,1.2702448418726775,883.517190353896,17.49556687516018,0,0.45,39.316526401210474,0,none,0.0,0.0,5.553602285085748,1.856349420941669,-11.6482809646104,0.05385732103804286,0
1,NICK-SUP4-002,NICK-SUP4,Nickel Sulfate,Indonesia,32.932434806317005,21944.020888273077,0.0,906.9735312729949,105.38488188451468,0,0.45,39.316526401210474,0,none,0.0,0.0,-9.59427753141869,4.495337563205127,-9.302646872700507,0.09811820806840388,0
2,NICK-SUP4-003,NICK-SUP4,Nickel Sulfate,Indonesia,35.47698894422076,22058.302482467327,0.8979826615782427,989.5041843999827,74.7244307921623,0,0.45,39.316526401210474,0,none,0.0,0.0,-2.6089982300084964,5.039535630796793,-1.0495815600017295,0.04003815318017123,0
3,NICK-SUP4-004,NICK-SUP4,Nickel Sulfate,Indonesia,35.565292546688426,18756.269984470026,0.37788492124276707,1055.1191728701695,24.526996983861363,0,0.45,39.316526401210474,0,none,-0.2974533068766368,-877.854464642575,-2.3665882465190076,-10.68442864538083,5.511917287016945,0.17742355236383245,0
4,NICK-SUP4-005,NICK-SUP4,Nickel Sulfate,Indonesia,30.71899618921859,20087.328425545667,0.4886442926174963,963.4530405885776,100.92390258024244,0,0.45,39.316526401210474,0,none,0.16288143087249876,-618.8974875758031,-15.670582502354383,-4.346055116449203,-3.654695941142245,0.13468668873787992,0
5,NICK-SUP4-006,NICK-SUP4,Nickel Sulfate,Indonesia,34.13838738118712,20081.950788572994,1.1652715970995793,1080.9121310990245,35.4418467212468,0,0.45,39.316526401210474,0,none,0.08909631184044553,-658.7838979647773,-6.283711081194791,-4.371662911557169,8.091213109902446,0.08547718997387421,0
6,NICK-SUP4-007,NICK-SUP4,Nickel Sulfate,Indonesia,34.999280399992216,21176.304633169282,0.37121741349083215,885.3167917832559,32.05448466779917,0,0.45,39.316526401210474,0,none,-0.0022225025839783066,806.6782162330855,-3.92039795870731,0.839545872234677,-11.468320821674409,0.09655993177418332,0
7,NICK-SUP4-008,NICK-SUP4,Nickel Sulfate,Indonesia,34.11492066043417,19534.02301226174,0.860534746750057,1072.9715673783708,54.7392932228721,0,0.45,39.316526401210474,0,none,0.12396348471085357,-184.4351377613093,-6.348131639714561,-6.980842798753622,7.297156737837076,0.06662519180308024,0
8,NICK-SUP4-009,NICK-SUP4,Nickel Sulfate,Indonesia,36.5189159150624,20722.880897964416,0.9502593099870211,998.7061231896412,101.03946597428438,0,0.45,39.316526401210474,0,none,-0.07167076237085272,213.64336979714062,0.2512871121603375,-1.3196147715980173,-0.12938768103588244,0.04077118292725179,0
9,NICK-SUP4-010,NICK-SUP4,Nickel Sulfate,Indonesia,31.828825313393875,21037.073705237064,1.2938954270913743,778.5812628956998,9.44409563009173,0,0.45,39.316526401210474,0,none,0.30755933786684736,-46.41030931073934,-12.623892988571653,0.1765414535098292,-22.141873710430023,0.1294213708784664,0
10,NICK-SUP4-011,NICK-SUP4,Nickel Sulfate,Indonesia,40.760859725946084,20807.18739598017,1.05460621523184,929.6930919102198,50.45198518227285,0,0.45,39.316526401210474,0,none,0.06469048949392768,424.38812790614367,11.896220052876439,-0.9181552572372831,-7.030690808978023,0.05873463297963655,0
11,NICK-SUP4-012,NICK-SUP4,Nickel Sulfate,Indonesia,30.522815565210223,18046.12743139222,1.2508878678312572,901.5005072275558,52.15561049522434,0,0.45,39.316526401210474,0,none,0.10020951928141202,-892.2511555240659,-16.209135183081518,-14.066059850513245,-9.849949277244423,0.2018551345047268,0
12,NICK-SUP4-013,NICK-SUP4,Nickel Sulfate,Indonesia,31.376932919617822,19223.438174114315,0.6925861171713115,927.0422805864354,118.0435247266293,0,0.45,39.316526401210474,0,none,-0.20043643664002095,-604.5451770409163,-13.864422532701935,-8.45981821850326,-7.295771941356462,0.17174850681783072,0
13,NICK-SUP4-014,NICK-SUP4,Nickel Sulfate,Indonesia,38.0758574395773,21404.270554369006,0.8988053626828415,1157.7768204931886,88.92875332482967,0,0.45,39.316526401210474,0,none,-0.05193361751633285,199.02771946294524,4.525384189795916,1.9250978779476489,15.777682049318855,0.062048587116447784,0
14,NICK-SUP4-015,NICK-SUP4,Nickel Sulfate,Indonesia,36.2272652903327,22427.189173854684,1.411774871887638,857.8236350655427,26.318156372285852,0,0.45,39.316526401210474,0,none,0.05362900135212693,1460.353914154155,-0.5493486620291801,6.7961389231175415,-14.217636493445731,0.16271896597764324,0
15,NICK-SUP4-016,NICK-SUP4,Nickel Sulfate,Indonesia,41.37465774269944,21640.17967255082,0.877136482958506,978.2315306565343,97.31286960816205,0,0.45,39.316526401210474,0,none,0.06151678859573151,805.5804994788353,13.581210958672616,3.048474631194386,-2.1768469343465653,0.10268605567803857,0
16,NICK-SUP4-017,NICK-SUP4,Nickel Sulfate,Indonesia,37.47728510062829,20682.008602519552,0.7582156566963976,1007.8598706115038,113.53681233192678,0,0.45,39.316526401210474,0,none,-0.046863235328814645,-240.75398394981798,2.8821906309032324,-1.5142447499068934,0.7859870611503765,0.06762780745457742,0
17,NICK-SUP4-018,NICK-SUP4,Nickel Sulfate,Indonesia,38.3657864243701,24671.94825700343,0.0,1032.401252418998,9.038433277611656,0,0.45,39.316526401210474,0,none,-0.470591623962546,748.253027716249,5.321293738814374,17.485467890492526,3.2401252418997957,0.255928799836843,0
18,NICK-SUP4-019,NICK-SUP4,Nickel Sulfate,Indonesia,38.530704837338206,21058.662416393105,1.1604323542398514,1117.5506576508778,110.50049276560635,0,0.45,39.316526401210474,0,none,0.09443195709378178,-193.8390853859055,5.7740257751924915,0.27934483996716497,11.755065765087783,0.0745030283431285,0
19,NICK-SUP4-020,NICK-SUP4,Nickel Sulfate,Indonesia,40.551148338659466,18046.184653826265,1.5747311161766313,1037.506215189234,104.75370704049712,0,0.45,39.316526401210474,0,none,0.2721718198267446,-878.6079828977623,11.320522884141791,-14.06578736273207,3.75062151892339,0.20661661535218812,0
20,NICK-SUP4-021,NICK-SUP4,Nickel Sulfate,Indonesia,31.983691046200953,19953.229949177276,0.8524741142910067,998.2962110662537,94.79641076969051,0,0.45,39.316526401210474,0,none,0.28415803809700224,-1572.9061026087184,-12.198757448415218,-4.984619289632021,-0.17037889337462958,0.18142823973427613,0
21,NICK-SUP4-022,NICK-SUP4,Nickel Sulfate,Indonesia,40.37798304458226,18775.82240271841,1.2664145030772742,1000.8281909957927,65.65762745834428,0,0.45,39.316526401210474,0,none,0.03532738294580762,-760.9466712248977,10.845151609299657,-10.591321891817088,0.08281909957927383,0.12976065924590352,0
22,NICK-SUP4-023,NICK-SUP4,Nickel Sulfate,Indonesia,31.068491445530235,21633.84132215485,0.0,1064.8394011238713,32.408930876636916,0,0.45,39.316526401210474,0,none,-0.5249103720588771,1195.8855561095286,-14.711152343848902,3.0182920102611943,6.483940112387131,0.1873602778382807,0
23,NICK-SUP4-024,NICK-SUP4,Nickel Sulfate,Indonesia,36.62211176957174,20849.847264966822,1.3642740408655616,3526.808432140851,213.97185978173326,0,0.45,39.316526401210474,1,stale_audit_volume_spike,0.17059997552485162,298.87243859651545,0.5345791261747309,-0.7150130239675144,252.6808432140851,0.5671750700314326,1
24,NICK-SUP4-025,NICK-SUP4,Nickel Sulfate,Indonesia,34.58195778636092,22603.832288630874,1.0476534518090665,961.4370018476839,65.15540741712121,0,0.45,39.316526401210474,0,none,-0.07292035042273588,1276.0032953041543,-5.066026959712036,7.637296612527972,-3.856299815231614,0.12655310988152313,0
0,NMC-SUP1-001,NMC-SUP1,NMC Cells,China,18.362066223837587,96.47620196323585,0.0,1075.1796465835455,110.55389961195941,0,0.55,47.62671917061416,0,none,0.0,0.0,-15.67177090585447,1.5538968034061595,7.517964658354549,0.1603524994644151,0
1,NMC-SUP1-002,NMC-SUP1,NMC Cells,China,26.971991668570592,90.81948489584764,0.6777291015516305,1179.8287700923063,118.46230588927146,0,0.55,47.62671917061416,0,none,0.0,0.0,23.86951799573923,-4.400542214897224,17.98287700923063,0.2201795925062734,0
2,NMC-SUP1-003,NMC-SUP1,NMC Cells,China,20.25855069845078,95.8510762278191,0.7300598252794905,1028.1955867394158,95.59617782347036,0,0.55,47.62671917061416,0,none,0.0,0.0,-6.962120515798992,0.8958697134937964,2.819558673941583,0.081162944704113,0
3,NMC-SUP1-004,NMC-SUP1,NMC Cells,China,21.580028069328815,88.9274009739485,0.796621873005988,1045.0020673421832,93.57220805685334,0,0.55,47.62671917061416,0,none,0.2655406243353293,-2.516266996429119,-0.8932040270073455,-6.392209501106849,4.5002067342183185,0.0941302546496009,0
4,NMC-SUP1-005,NMC-SUP1,NMC Cells,China,18.25782332731082,98.75642107883556,0.911322666068348,927.3984902299023,7.811846701431711,0,0.55,47.62671917061416,0,none,0.0778645215055725,2.645645394329307,-16.150508905847875,3.9541274514058506,-7.260150977009767,0.15814437902408018,0
5,NMC-SUP1-006,NMC-SUP1,NMC Cells,China,18.50688351467394,91.10344151444396,0.46015447389337716,1122.842081228015,11.349145021417753,0,0.55,47.62671917061416,0,none,-0.08996845046203779,-1.582544904458383,-15.006694027818394,-4.101640511111623,12.28420812280151,0.16599558342268828,0
6,NMC-SUP1-007,NMC-SUP1,NMC Cells,China,23.16855339512162,92.954398429126,0.8530339274978843,985.8604497856198,113.69205308213886,0,0.55,47.62671917061416,0,none,0.018804018163965448,1.3423324850591694,6.402136593287581,-2.153264811446314,-1.4139550214380165,0.09011932714585247,0
7,NMC-SUP1-008,NMC-SUP1,NMC Cells,China,20.609992987604855,89.02439264999073,28.924606996456856,946.8122506057242,29.83135089959559,0,0.55,47.62671917061416,1,quality_drift,9.337761443462837,-3.2440094762816094,-5.348113382185578,-6.290113000009758,-5.318774939427578,0.6852971690003844,1
8,NMC-SUP1-009,NMC-SUP1,NMC Cells,China,22.667735880317267,93.2300809735393,1.9163634220851626,826.2285404862868,8.125945352222278,0,0.55,47.62671917061416,0,none,0.4854029827305952,0.7088798196984479,4.102120156795522,-1.863072659432314,-17.377145951371322,0.14345507735229746,0
9,NMC-SUP1-010,NMC-SUP1,NMC Cells,China,19.318455501005758,93.12507490654582,0.7997698837422189,767.4628625125713,66.13548564997552,0,0.55,47.62671917061416,0,none,-0.017754681251888466,0.056892159139939245,-11.279530235056683,-1.9736053615307163,-23.25371374874287,0.1350804056974826,0
10,NMC-SUP1-011,NMC-SUP1,NMC Cells,China,25.918008409080002,93.27693446619935,0.8589640754747017,1102.49216931254,107.12674992671,0,0.55,47.62671917061416,0,none,-9.355214306994052,1.4175139387362066,19.029074622741685,-1.8137531934743685,10.249216931253999,0.44935748501968187,1
11,NMC-SUP1-012,NMC-SUP1,NMC Cells,China,20.50950608604146,86.35220166585734,1.0495555067694335,988.6831590271103,116.81981851236377,0,0.55,47.62671917061416,0,none,-0.2889359717719097,-2.2926264358939883,-5.809601885314827,-9.102945614887014,-1.1316840972889737,0.12598352920363176,0
12,NMC-SUP1-013,NMC-SUP1,NMC Cells,China,62.95193882665909,169.37743256584284,0.4648470815141841,1060.6291156108707,29.35379879862569,0,0.55,47.62671917061416,1,price_spike_late_delivery,-0.11164093407601161,25.417452553099007,189.10828741067812,78.29203427983457,6.062911561087072,0.7509976245385244,1
13,NMC-SUP1-014,NMC-SUP1,NMC Cells,China,24.054997603712582,89.68879258015006,1.8899159507341383,1192.2946194066576,13.516633587443463,0,0.753021920375135,94.94052723278347,1,gradual_quality_decline,0.34365062508647887,-1.1960472953497618,10.473152860737592,-5.590744652473617,19.229461940665757,0.455467613651651,1
14,NMC-SUP1-015,NMC-SUP1,NMC Cells,China,21.98704694786011,91.42598518109537,4.015905509203654,1007.3275314585696,77.55488089385533,0,0.55,47.62671917061416,1,gradual_quality_decline,0.9887833341447404,1.6912611717460113,0.9760399249543948,-3.762120862004873,0.7327531458569638,0.1637856454180474,0
15,NMC-SUP1-016,NMC-SUP1,NMC Cells,China,21.576651871537315,94.8828364464801,5.657326923007846,855.8021264359987,56.45016645609259,0,0.55,47.62671917061416,1,gradual_quality_decline,1.7308266138312203,-24.83153203978758,-0.9087092962596229,-0.12333005633673852,-14.419787356400127,0.22840143923809508,0
16,NMC-SUP1-017,NMC-SUP1,NMC Cells,China,23.76606882896239,89.80032966930575,6.0061033793284295,918.0246071229155,34.98093485363363,0,0.55,47.62671917061416,1,gradual_quality_decline,1.3720624761980968,0.03717902971856309,9.146240539868458,-5.473337190204469,-8.197539287708445,0.23868412836020436,0
17,NMC-SUP1-018,NMC-SUP1,NMC Cells,China,20.928288892894432,100.61409592690374,8.02596854017103,868.8196834222789,83.89573499317852,0,0.55,47.62671917061416,1,gradual_quality_decline,1.3366876769891254,3.0627035819361246,-3.886331810668174,5.909574659898678,-13.118031657772109,0.2973445117322687,0
18,NMC-SUP1-019,NMC-SUP1,NMC Cells,China,20.087751797106513,92.80741378876537,9.522392020246382,950.8252580269865,29.911571881164907,0,0.55,47.62671917061416,1,gradual_quality_decline,1.2883550324128457,-0.691807552571575,-7.746518562620624,-2.3079854855101334,-4.917474197301352,0.29348923127185644,0
19,NMC-SUP1-020,NMC-SUP1,NMC Cells,China,20.08806054835069,92.64800310015282,10.937450427411214,943.4361251644962,38.33092309269153,0,0.55,47.62671917061416,1,gradual_quality_decline,1.6437823493609283,0.9492244769490222,-7.745100615133961,-2.4757862103654524,-5.656387483550384,0.3302092986009132,0
20,NMC-SUP1-021,NMC-SUP1,NMC Cells,China,23.143692630502695,101.49778702524587,1.8628822490215742,896.9282968067661,20.53417610501527,0,0.55,47.62671917061416,0,none,-2.0543620970498186,0.2945636994473754,6.287962936103036,6.839775816048284,-10.307170319323394,0.21487029464759178,0
21,NMC-SUP1-022,NMC-SUP1,NMC Cells,China,19.21339934113698,92.04509747455658,0.4140188919441122,894.2845125861726,56.38646687762755,0,0.55,47.62671917061416,0,none,-3.036124376100757,-0.25410543806959635,-11.76200316643433,-3.1104237109930692,-10.571548741382742,0.23118217742652414,0
22,NMC-SUP1-023,NMC-SUP1,NMC Cells,China,21.460346656026907,90.37647001013165,1.1501236266407633,3207.627471302295,238.62506575276518,0,0.55,47.62671917061416,1,stale_audit_volume_spike,-3.262442266923484,-0.7571776966737218,-1.4428437852025504,-4.866873673545626,220.76274713022949,0.7024072506291879,1
23,NMC-SUP1-024,NMC-SUP1,NMC Cells,China,20.791651021345768,95.2736670392848,0.08138955483892929,1170.6091758127639,76.26772977865862,0,0.55,47.62671917061416,0,none,-0.5938308980608816,-2.0747066619870225,-4.513844509643948,0.2880705676682133,17.060917581276385,0.13970643554320594,0
24,NMC-SUP1-025,NMC-SUP1,NMC Cells,China,22.42103897482025,89.88215031463766,0.834393585934257,887.8568953982744,89.81424078923847,0,0.55,47.62671917061416,0,none,0.14012489799671496,-0.7209823866396429,2.969158707361131,-5.387210195118257,-11.214310460172555,0.08755648139981043,0
0,NMC-SUP2-001,NMC-SUP2,NMC Cells,China,38.963774505355396,95.3626683462534,0.22400458066260387,901.658402134097,61.753256750179226,0,0.55,33.86751673920644,0,none,0.0,0.0,8.091947318531725,0.38175615395094775,-9.834159786590305,0.05369996134945487,0
1,NMC-SUP2-002,NMC-SUP2,NMC Cells,China,40.41894725345324,99.2148452836701,0.6461859111655374,1030.1552306812905,29.945354122665655,0,0.55,33.86751673920644,0,none,0.0,0.0,12.128836917231565,4.436679245968527,3.0155230681290504,0.06756539610781698,0
2,NMC-SUP2-003,NMC-SUP2,NMC Cells,China,30.06909766036504,94.9699628415817,1.5791136114404931,969.9235415153265,89.34864092198113,0,0.55,33.86751673920644,0,none,0.0,0.0,-16.58335565582246,-0.03161806149294259,-3.007645848467348,0.05973948399526019,0
3,NMC-SUP2-004,NMC-SUP2,NMC Cells,China,34.87283990036836,93.75623936503091,1.3681562100123879,943.652857457493,24.246974959080617,0,0.55,33.86751673920644,0,none,0.381383876449928,-0.5354763270741643,-3.2569811007372773,-1.3092217210200972,-5.634714254250695,0.045947123024855374,0
4,NMC-SUP2-005,NMC-SUP2,NMC Cells,China,35.90375120896767,96.6813274988849,1.2899790308579315,959.0351071631998,92.35895101523539,0,0.55,33.86751673920644,0,none,0.21459770656413138,-0.8445059282617345,-0.39706282346978705,1.7698184198788394,-4.096489283680023,0.030542989008014776,0
5,NMC-SUP2-006,NMC-SUP2,NMC Cells,China,29.12257738734058,96.81273348346055,1.4419108637247857,1003.9693526597562,102.71897201114112,0,0.55,33.86751673920644,0,none,-0.045734249238569134,0.614256880626281,-19.209159258951814,1.9081405089058396,0.39693526597561685,0.08922687948829111,0
6,NMC-SUP2-007,NMC-SUP2,NMC Cells,China,29.007589267146255,87.49943129453594,1.5790943349480249,999.2883144871485,35.23020319837501,0,0.55,33.86751673920644,0,none,0.07031270831187901,-2.08560269016499,-19.528155300482485,-7.895335479435854,-0.07116855128515454,0.10260478410332385,0
7,NMC-SUP2-008,NMC-SUP2,NMC Cells,China,34.38105604745649,97.52454396211174,1.908511833781825,1048.3982293951526,78.48812918043748,0,0.55,33.86751673920644,0,none,0.20617760097463114,0.28107215440894606,-4.621270751724462,2.6574146969597217,4.839822939515261,0.033799909265357364,0
8,NMC-SUP2-009,NMC-SUP2,NMC Cells,China,28.449317331754116,97.92309759054109,2.0530567453950614,1064.455841198398,100.7762612860739,0,0.55,33.86751673920644,0,none,0.2037152938900919,0.37012136902684745,-21.076893876144034,3.076944832148516,6.445584119839805,0.11150547090552487,0
9,NMC-SUP2-010,NMC-SUP2,NMC Cells,China,38.47569853153113,98.2700128902535,2.2216005361858078,912.3890075772042,109.20228323799589,0,0.55,33.86751673920644,0,none,0.21416873374592763,3.5901938652391863,6.737943936677577,3.4421188318457863,-8.76109924227958,0.06433876819991136,0
10,NMC-SUP2-011,NMC-SUP2,NMC Cells,China,38.740562561469275,95.218158271465,0.8835286112606276,1041.4616285026702,69.4893980746314,0,0.55,33.86751673920644,0,none,-0.3416610741737324,-0.7687952302155784,7.472720511434548,0.22964028575263215,4.146162850267023,0.037126433152727456,0
11,NMC-SUP2-012,NMC-SUP2,NMC Cells,China,36.363958764913875,95.8344227232838,1.3128394614434,1147.827893571606,43.35824154501086,0,0.55,33.86751673920644,0,none,-0.2467390946505538,-0.6962249557524322,0.8796289633100142,0.8783397087197828,14.782789357160597,0.03794288369605636,0
12,NMC-SUP2-013,NMC-SUP2,NMC Cells,China,33.929771864516596,95.0417449514046,1.8816694261367113,850.2626829905463,56.322468936750774,0,0.55,33.86751673920644,0,none,-0.1133103700163655,-1.0760893129496338,-5.87320762763778,0.04394205411010058,-14.97373170094537,0.04625658812314826,0
13,NMC-SUP2-014,NMC-SUP2,NMC Cells,China,28.701504475704382,95.12424185596242,0.8830395036829931,961.5449889982083,41.381567593722245,0,0.55,33.86751673920644,0,none,-0.0001630358592115133,-0.031305471834192154,-20.37728507734718,0.130780901013078,-3.8455011001791717,0.09262742127077916,0
14,NMC-SUP2-015,NMC-SUP2,NMC Cells,China,33.73431862328041,95.87887168642479,1.292523458410404,1067.2114315096437,11.317523757731966,0,0.55,33.86751673920644,0,none,-0.006772001010998692,0.01481632104699789,-6.415427207828462,0.9251280909734604,6.721143150964371,0.06340939950953217,0
15,NMC-SUP2-016,NMC-SUP2,NMC Cells,China,33.552674879136944,94.35912333707827,1.9640641111465122,1039.3376870254097,74.75512854747443,0,0.55,33.86751673920644,0,none,0.027464895003266987,-0.22754053810877414,-6.919336961746106,-0.6746070136018177,3.933768702540965,0.024632960257795045,0
16,NMC-SUP2-017,NMC-SUP2,NMC Cells,China,38.410178523954976,90.87847963474229,2.1484489472667683,1102.4098839841024,107.70103574662404,0,0.55,33.86751673920644,0,none,0.42180314786125833,-1.4152540737400443,6.5561806117138195,-4.338442489744956,10.240988398410241,0.09281503617081932,0
17,NMC-SUP2-018,NMC-SUP2,NMC Cells,China,36.61365531178531,94.20567742709581,1.7814543879862792,962.9221830537938,22.254551498544163,0,0.55,33.86751673920644,0,none,0.16297697652529175,-0.5577314197763267,1.5723284343619424,-0.8361290241096766,-3.7077816946206212,0.03173793999500574,0
18,NMC-SUP2-019,NMC-SUP2,NMC Cells,China,39.1899313133627,92.86513513460275,1.1340960422909179,880.5634519275541,114.61206368994047,0,0.55,33.86751673920644,0,none,-0.2766560229518648,-0.4979960674918402,8.719343665194513,-2.247226174102366,-11.943654807244593,0.07761912990389064,0
19,NMC-SUP2-020,NMC-SUP2,NMC Cells,China,29.45608533572149,97.77334939825901,2.3466496833276507,1142.5328943470306,30.807827657588927,0,0.55,33.86751673920644,0,none,0.06606691202029413,2.298289921172241,-18.283953114415024,2.9193151560621207,14.25328943470306,0.10434611277381378,0
20,NMC-SUP2-021,NMC-SUP2,NMC Cells,China,38.65975490235062,100.40400412970952,1.2137874219169331,1010.144743065005,55.505529018682495,0,0.55,33.86751673920644,0,none,-0.18922232202311537,2.0661089008712374,7.248546715562001,5.688425399694231,1.0144743065004946,0.04456847551516763,0
21,NMC-SUP2-022,NMC-SUP2,NMC Cells,China,37.008380631369704,90.95847302814808,1.5420099212420224,843.879707781112,86.8461694057296,0,0.55,33.86751673920644,0,none,0.1359712929837015,-0.6355540354848918,2.6673616797664077,-4.254238917738866,-15.612029221888804,0.052893501448050384,0
22,NMC-SUP2-023,NMC-SUP2,NMC Cells,China,39.739928512057894,92.02391652548236,0.8737311215810478,784.3976957450019,9.893459029379299,0,0.55,33.86751673920644,0,none,-0.4909728539155343,-1.916477624258884,10.245126754266899,-3.1327194468606705,-21.56023042549981,0.14484367047716173,0
23,NMC-SUP2-024,NMC-SUP2,NMC Cells,China,33.95041529440621,89.10612623307739,1.668701790442351,955.0029618135351,99.80778740860167,0,0.55,33.86751673920644,0,none,0.15163812284180592,-3.7659592988773767,-5.815939342816052,-6.204077649392221,-4.499703818646492,0.050030549773193544,0
24,NMC-SUP2-025,NMC-SUP2,NMC Cells,China,34.04781947435511,99.07095724793254,1.743660884163876,986.9973938501511,111.37068436129873,0,0.55,33.86751673920644,0,none,0.0672169876406179,2.704161406594821,-5.545724056404472,4.285218155718463,-1.300260614984893,0.053240856298403694,0
0,NMC-SUP3-001,NMC-SUP3,NMC Cells,China,29.40002209716812,95.12300638276271,2.1036588800752862,3357.2146028727416,187.3504075215386,0,0.55,3.3139541323398074,1,stale_audit_volume_spike,0.0,0.0,-11.609119563867392,0.1294804029081164,235.72146028727414,0.5073638628980401,1
1,NMC-SUP3-002,NMC-SUP3,NMC Cells,China,30.665545905000677,96.93731868954924,2.305927100597697,708.2840119302934,75.59024941803634,0,0.55,3.3139541323398074,0,none,0.0,0.0,-7.804334546444512,2.039282831104467,-29.171598806970653,0.13753310097202476,0
2,NMC-SUP3-003,NMC-SUP3,NMC Cells,China,23.124529951248917,92.65901370288672,2.5426717319609287,968.2713274747559,90.07355305510728,0,0.55,3.3139541323398074,0,none,0.0,0.0,-30.476325653527546,-2.4641961022245003,-3.1728672525244064,0.18828749949006585,0
3,NMC-SUP3-004,NMC-SUP3,NMC Cells,China,29.623455032549046,98.90224183601836,1.069245449557732,1112.8991100962016,63.63049209656067,0,0.55,3.3139541323398074,0,none,-0.34480447683918475,1.2597451510852171,-10.937370617166703,4.107622985282487,11.289911009620164,0.08697712224415854,0
4,NMC-SUP3-005,NMC-SUP3,NMC Cells,China,29.295304066488512,92.78416272524977,1.5213855442812305,1086.6225200858528,25.102849416795582,0,0.55,3.3139541323398074,0,none,-0.2615138521054888,-1.3843853214331574,-11.92395330442434,-2.3324602892107666,8.662252008585277,0.0851269956668319,0
5,NMC-SUP3-006,NMC-SUP3,NMC Cells,China,27.543208580555333,93.46634994962653,1.5984048836599127,1129.350996845937,29.75303104060223,0,0.55,3.3139541323398074,0,none,-0.31475561610033864,0.2691120822466028,-17.191611338760467,-1.6143684740773336,12.935099684593705,0.10871647580518451,0
6,NMC-SUP3-007,NMC-SUP3,NMC Cells,China,38.59726143862222,94.87347998983564,1.4490305116420075,932.2725815990722,76.14597037267653,0,0.55,3.3139541323398074,0,none,0.1265950206947585,-1.3429206153942392,16.04229104685014,-0.1331789580677429,-6.772741840092784,0.0737412199868287,0
7,NMC-SUP3-008,NMC-SUP3,NMC Cells,China,29.021818825791986,95.36034206697543,1.4160399394861294,781.963379126181,22.318803032945404,0,0.55,3.3139541323398074,0,none,-0.03511520159836704,0.8587264472418875,-12.746184020155065,0.37930743892150975,-21.803662087381895,0.12859016045141358,0
8,NMC-SUP3-009,NMC-SUP3,NMC Cells,China,27.26482729551634,92.14178870134342,1.5754462705303731,912.8783927974185,59.66014605661448,0,0.55,3.3139541323398074,0,none,-0.007652871043179872,-0.4415204160943726,-18.02856196417883,-3.008643472270089,-8.712160720258145,0.08923307597255747,0
9,NMC-SUP3-010,NMC-SUP3,NMC Cells,China,33.44900750328339,95.93240983418227,1.1417985666609038,934.6036866363078,64.80826991007113,0,0.55,3.3139541323398074,0,none,-0.10241064832703455,0.3529766147822073,0.5641156716957103,0.9814840359813328,-6.539631336369222,0.03752561195909854,0
10,NMC-SUP3-011,NMC-SUP3,NMC Cells,China,29.853650850725337,98.45063880536834,1.428649421881536,971.3633864134824,18.32836951171368,0,0.55,3.3139541323398074,0,none,0.0042031607984688675,1.030098912797636,-10.245289129130061,3.6322513740719393,-2.8636613586517567,0.08036746380421378,0
11,NMC-SUP3-012,NMC-SUP3,NMC Cells,China,33.80792798013288,92.56613772694938,1.8945509012965824,976.3869908222015,84.06640253763526,0,0.55,3.3139541323398074,0,none,0.1063682102554031,0.14144967520198767,1.6432065938191638,-2.561960287421707,-2.3613009177798516,0.030022856950199905,0
12,NMC-SUP3-013,NMC-SUP3,NMC Cells,China,34.87486377595636,95.90587582438222,1.9856907422054675,956.9541666538042,52.650683779351546,0,0.55,3.3139541323398074,0,none,0.28129739184818786,-0.008844669933348351,4.85093868497112,0.9535534993497065,-4.304583334619576,0.038847733993462974,0
13,NMC-SUP3-014,NMC-SUP3,NMC Cells,China,32.47695775580572,93.83455030626143,2.0823427297761143,1169.6586682970851,47.9775703314704,0,0.55,3.3139541323398074,0,none,0.2178977692981928,-1.5386961663689693,-2.3583424381418197,-1.2267891513037537,16.96586682970851,0.05787898975018446,0
14,NMC-SUP3-015,NMC-SUP3,NMC Cells,China,35.822024746993186,87.8059495872952,2.138634293946363,1157.508282760873,57.502942144316,0,0.55,3.3139541323398074,0,none,0.08136113088326018,-1.5867293798847253,7.698568930553548,-7.572684644952418,15.750828276087304,0.08398701074563297,0
15,NMC-SUP3-016,NMC-SUP3,NMC Cells,China,33.8288973450308,92.87029201854831,2.045521315076328,974.7937184596643,73.2542931308521,0,0.55,3.3139541323398074,0,none,0.019943524290286858,-1.0118612686113029,1.7062507853979327,-2.2417978752123027,-2.520628154033568,0.03254170035826798,0
16,NMC-SUP3-017,NMC-SUP3,NMC Cells,China,32.29720872364923,95.75384841038047,1.646389180566731,919.3718179315316,16.53305082695378,0,0.55,3.3139541323398074,0,none,-0.1453178497364611,0.6397660347063455,-2.898756154748705,0.7935246425057585,-8.06281820684684,0.0661406888190198,0
17,NMC-SUP3-018,NMC-SUP3,NMC Cells,China,34.56098003157049,97.07222839547482,2.14582793695031,1096.5170492728666,92.84206773816118,0,0.55,3.3139541323398074,0,none,0.0023978810013156604,3.0887596027265403,3.9072502608889703,2.1812930478682353,9.651704927286664,0.05717463742622941,0
18,NMC-SUP3-019,NMC-SUP3,NMC Cells,China,34.565257149274046,96.15458221742274,1.9842277051229473,946.9178171870353,117.81555330568388,0,0.55,3.3139541323398074,0,none,-0.020431203317793578,1.09476339962481,3.9201093736575614,1.2153497025502553,-5.308218281296467,0.06450476094742452,0
19,NMC-SUP3-020,NMC-SUP3,NMC Cells,China,31.758123778389347,92.46966469774235,2.2470026265571046,1025.1854415295006,43.6728704991466,0,0.55,3.3139541323398074,0,none,0.2002044819967912,-1.0947279042127083,-4.519509798535079,-2.6635108444817415,2.5185441529500623,0.051894653558213655,0
20,NMC-SUP3-021,NMC-SUP3,NMC Cells,China,36.99555710389673,94.64206061366683,1.474532167224191,1118.8784114353873,42.248645212718166,0,0.55,3.3139541323398074,0,none,-0.22376525657537302,-0.8100559272693317,11.226782545637377,-0.3767783014033386,11.887841143538731,0.061072604201868885,0
21,NMC-SUP3-022,NMC-SUP3,NMC Cells,China,29.05533435105722,101.75329479297935,24.866344853759554,998.9803884374954,113.72290583059407,0,0.55,3.3139541323398074,1,quality_drift,7.627372382878868,1.8662375251855348,-12.64541991947914,7.108731361030891,-0.1019611562504565,0.6787730709421572,1
22,NMC-SUP3-023,NMC-SUP3,NMC Cells,China,33.791221205463415,94.89328431460468,1.6998476568210568,1058.185043930708,111.96213471376427,0,0.55,3.3139541323398074,0,none,-0.18238498991201593,0.8078732056207798,1.5929778382964126,-0.11233230041612112,5.818504393070794,0.057425724743616624,0
23,NMC-SUP3-024,NMC-SUP3,NMC Cells,China,33.310203038601,91.9980518553031,2.094962641915088,993.0201214237862,103.8460410580724,0,0.55,3.3139541323398074,0,none,0.20681015823029902,-0.8813362527879084,0.1468013988971174,-3.1599454154704176,-0.6979878576213764,0.05554587131876021,0
24,NMC-SUP3-025,NMC-SUP3,NMC Cells,China,69.29341688005503,147.16080886447543,0.7290535573062067,1020.541052696126,66.03317847192692,0,0.55,3.3139541323398074,1,price_spike_late_delivery,-8.04576376548445,15.135838023832028,108.32998377392387,54.906114594184665,2.054105269612603,0.7678219951822732,1
0,NMC-SUP4-001,NMC-SUP4,NMC Cells,China,39.73423237125608,93.12482080521528,1.9369009084419395,960.3086158762209,50.06133663965606,0,0.55,15.191809957839592,0,none,0.0,0.0,13.082466068799102,-1.9738728366154958,-3.969138412377913,0.02254446155147527,0
1,NMC-SUP4-002,NMC-SUP4,NMC Cells,China,37.72644623722777,93.2422882779666,2.105436243565194,900.6302122893517,35.299674241771534,0,0.55,15.191809957839592,0,none,0.0,0.0,7.368365309200505,-1.8502228652983221,-9.936978771064833,0.021621888885734797,0
2,NMC-SUP4-003,NMC-SUP4,NMC Cells,China,38.37931024503113,97.50814246880327,2.565381239683697,923.656068268934,46.54937336805855,0,0.55,15.191809957839592,0,none,0.0,0.0,9.226397227878534,2.640149967161338,-7.634393173106605,0.0329180096252345,0
3,NMC-SUP4-004,NMC-SUP4,NMC Cells,China,31.643560128854347,97.50968175288406,1.856120268450681,1010.2256659647416,44.40478404386867,0,0.55,15.191809957839592,0,none,-0.026926879997086168,1.4616203158895946,-9.943351084951193,2.6417702661937508,1.0225665964741553,0.01453133891684244,0
4,NMC-SUP4-005,NMC-SUP4,NMC Cells,China,37.83196651223837,90.34612184492795,24.764158851326812,1285.7438423139865,90.91775035905228,0,0.55,15.191809957839592,1,quality_drift,7.552907535920539,-0.9653888110128813,7.668672933290616,-4.898819110602158,28.574384231398653,0.6992825575601218,1
5,NMC-SUP4-006,NMC-SUP4,NMC Cells,China,35.32638263250099,97.21581091549942,1.360728916868212,818.9786678913183,86.69130708262537,0,0.55,15.191809957839592,0,none,-0.4015507742718283,-0.09744385110128444,0.537854312823195,2.332432542630966,-18.102133210868168,0.05582005604079887,0
6,NMC-SUP4-007,NMC-SUP4,NMC Cells,China,31.297245501347742,89.50138260962294,2.468338772313816,1027.2862518025772,64.70423201514697,0,0.55,15.191809957839592,0,none,0.20407283462104506,-2.6694330477537087,-10.92895241098749,-5.788018305660067,2.7286251802577226,0.05558061447158702,0
7,NMC-SUP4-008,NMC-SUP4,NMC Cells,China,34.05157056016678,94.34308988671494,2.089434142435658,996.7662881304784,111.68186628223548,0,0.55,15.191809957839592,0,none,-7.558241569630385,1.3323226805956618,-3.0902236519624946,-0.6914843297737524,-0.3233711869521585,0.3241681110112139,0
8,NMC-SUP4-009,NMC-SUP4,NMC Cells,China,34.448686603564,93.69981901521822,0.9037017185150606,802.2250937632872,36.499209389695196,0,0.55,15.191809957839592,0,none,-0.15234239945105044,-1.1719973000937312,-1.9600429784501618,-1.3686115629281845,-19.77749062367128,0.06830927887903138,0
9,NMC-SUP4-010,NMC-SUP4,NMC Cells,China,35.33590929625812,90.1127058605066,1.5899213687986753,1005.3752562990502,43.98589016933109,0,0.55,15.191809957839592,0,none,-0.2928058011717136,0.20377441696121915,0.5649669199323352,-5.1445201468351645,0.5375256299050193,0.01885573464130197,0
10,NMC-SUP4-011,NMC-SUP4,NMC Cells,China,31.92188500952181,96.54760279619478,1.8006881660138636,884.632508360024,92.01468415291076,0,0.55,15.191809957839592,0,none,-0.09624865880726485,0.7348376364932818,-9.151246594795017,1.6290555749418745,-11.536749163997603,0.038886673945361716,0
11,NMC-SUP4-012,NMC-SUP4,NMC Cells,China,38.72986725604542,97.9528772441654,1.5595159078090244,953.2023686675708,41.176880439121895,0,0.55,15.191809957839592,0,none,0.2186047297646546,1.4176860763157275,10.224072253604712,3.1082918359635863,-4.679763133242921,0.02886813590207382,0
12,NMC-SUP4-013,NMC-SUP4,NMC Cells,China,36.781191473266276,95.74139509794297,1.9218608043670917,1013.1873813121152,54.950163545909014,0,0.55,15.191809957839592,0,none,0.11064647852280547,1.8762297458121253,4.678197829096568,0.7804158925715473,1.3187381312115236,0.010574509195910742,0
13,NMC-SUP4-014,NMC-SUP4,NMC Cells,China,35.4697681560693,97.98181712130041,2.042570186499311,919.5473369775186,15.849272803560378,0,0.55,15.191809957839592,0,none,0.08062734016181583,0.47807144170187615,0.945925329577007,3.1387548645267467,-8.045266302248137,0.040485610344557,0
14,NMC-SUP4-015,NMC-SUP4,NMC Cells,China,40.56082640059883,95.97530317670659,0.7499158535679309,928.6180502781289,8.930632256749918,0,0.55,15.191809957839592,0,none,-0.2698666847470312,-0.659191355819606,15.434928560145543,1.0266349228490412,-7.138194972187113,0.10549116370087674,0
15,NMC-SUP4-016,NMC-SUP4,NMC Cells,China,34.1546831212974,93.05416660658732,2.307599731472475,895.271285361619,16.256577224708867,0,0.55,15.191809957839592,0,none,0.12857964236846117,-0.8957428304518847,-2.79676831132892,-2.0482456772765096,-10.4728714638381,0.04716463225260459,0
16,NMC-SUP4-017,NMC-SUP4,NMC Cells,China,35.88015163954924,96.48372874180475,1.8553303184863574,1091.1238044568947,35.49954745294509,0,0.55,15.191809957839592,0,none,-0.06241328933765122,-0.4993627931652185,2.1138647504826706,1.5618197282155304,9.112380445689473,0.011924981243842558,0
17,NMC-SUP4-018,NMC-SUP4,NMC Cells,China,36.85696229931239,94.01500481460269,1.6385079529343487,1010.7534180053634,107.78045980237128,0,0.55,15.191809957839592,0,none,0.2961973664554726,-0.6534327873679663,4.893839389384098,-1.036837037260326,1.0753418005363415,0.033153524561910674,0
18,NMC-SUP4-019,NMC-SUP4,NMC Cells,China,37.8518982494317,97.10955359139035,1.6292673027660831,919.087401505896,34.5978160013418,0,0.55,15.191809957839592,0,none,-0.22611080956879737,1.351795661601012,7.725398075827601,2.2205827277793175,-8.091259849410402,0.024179715426883797,0
19,NMC-SUP4-020,NMC-SUP4,NMC Cells,China,35.03894744353387,95.73409000329015,2.710421454886193,947.6227221458764,52.541948104833736,0,0.55,15.191809957839592,0,none,0.28503037879994514,-0.24987957950486836,-0.2801778489574417,0.7727263192527881,-5.237727785412358,0.027514996169201944,0
20,NMC-SUP4-021,NMC-SUP4,NMC Cells,China,38.891691971480974,95.37240727357765,2.776081360902074,962.1960708268523,116.2731979897093,0,0.55,15.191809957839592,0,none,0.37919113598924176,0.4524674863249866,10.684620672442986,0.39200765639752655,-3.780392917314771,0.08942360093760204,0
21,NMC-SUP4-022,NMC-SUP4,NMC Cells,China,32.33059937011429,93.66420600645549,1.7316257565143207,1084.630406230773,99.09614555213459,0,0.55,15.191809957839592,0,none,0.034119484582745864,-1.1484491949782882,-7.988057448929824,-1.4060989405731716,8.463040623077289,0.03211136146312099,0
22,NMC-SUP4-023,NMC-SUP4,NMC Cells,China,39.56159617583384,94.63913181974785,1.441074536396489,1270.3985107279386,69.8441763992011,0,0.55,15.191809957839592,0,none,-0.423115639496568,-0.36498606118076776,12.591148493347363,-0.37986124237068897,27.039851072793862,0.10137305964575394,0
23,NMC-SUP4-024,NMC-SUP4,NMC Cells,China,32.60932393829025,92.36179770345734,1.1358188440503214,1093.6569355856789,12.76564115807614,0,0.55,15.191809957839592,0,none,-0.5467541722839175,-1.0035365233734364,-7.194815459785481,-2.7770550489922723,9.365693558567887,0.07310803589351733,0
24,NMC-SUP4-025,NMC-SUP4,NMC Cells,China,97.0150443761297,137.10799932165574,1.972905005286459,915.325590711598,112.7609145271083,0,0.55,15.191809957839592,1,price_spike_late_delivery,0.08042641625737941,14.481264438400084,176.10198584742207,44.3242098122692,-8.4674409288402,0.6466596397455067,1
0,REM-SUP1-001,REM-SUP1,Rare Earth Magnets,China,22.066639977251604,55451.255784535606,2.02672214063313,904.9463792814258,63.913239911068764,0,0.65,51.01357679753533,0,none,0.0,0.0,-0.20706364106233296,-4.394386578386887,-9.505362071857416,0.08664136122505084,0
1,REM-SUP1-002,REM-SUP1,Rare Earth Magnets,China,23.10707762025249,53613.85634470696,1.5425987353325277,965.2617166401468,90.19375163811547,0,0.65,51.01357679753533,0,none,0.0,0.0,4.498153265565345,-7.562316647056964,-3.4738283359853197,0.09418805654718176,0
2,REM-SUP1-003,REM-SUP1,Rare Earth Magnets,China,21.178041894318334,58516.76494857762,1.6928662793612579,972.8623507068276,5.3113364727155234,0,0.65,51.01357679753533,0,none,0.0,0.0,-4.225609827987456,0.8909740492717588,-2.7137649293172443,0.11931100713735698,0
3,REM-SUP1-004,REM-SUP1,Rare Earth Magnets,China,20.66241884374799,61006.122161520914,2.61062981255636,953.5619607804551,57.904310763869454,0,0.65,51.01357679753533,0,none,0.19463589064107664,1851.6221256617694,-6.557434624323143,5.182969244001575,-4.643803921954486,0.19485227796787086,0
4,REM-SUP1-005,REM-SUP1,Rare Earth Magnets,China,21.582575092939106,59589.8699509175,2.6755305157570994,1050.8659543018098,15.707573048731053,0,0.65,51.01357679753533,0,none,0.3776439268081906,1992.0045354035126,-2.3961715543464766,2.7411550877887905,5.086595430180978,0.24325800890963045,0
5,REM-SUP1-006,REM-SUP1,Rare Earth Magnets,China,23.116321288830427,63362.95728339419,1.7818426651564208,1099.5634806117832,95.01755502645176,0,0.65,51.01357679753533,0,none,0.02965879526505429,1615.3974449388577,4.539956314469582,9.246478074817572,9.956348061178323,0.22183920809814495,0
6,REM-SUP1-007,REM-SUP1,Rare Earth Magnets,China,18.827539184881562,58614.085231921985,1.014402389782315,976.0228987106408,30.909193959968338,0,0.65,51.01357679753533,0,none,-0.5320758075913483,-797.3456431996432,-14.855391595222738,1.0587676412448015,-2.397710128935921,0.1833809267917592,0
7,REM-SUP1-008,REM-SUP1,Rare Earth Magnets,China,17.889477532496112,52434.18893777455,1.3766246275746834,993.668014028904,96.7144784661156,0,0.65,51.01357679753533,0,none,-0.43296862939413866,-2385.227004380984,-19.097629057462807,-9.596225969354231,-0.6331985971095946,0.33387730850157593,0
8,REM-SUP1-009,REM-SUP1,Rare Earth Magnets,China,25.206256851860797,62151.41523154888,2.140277223189771,1014.5630314343884,80.07053081650122,0,0.65,51.01357679753533,0,none,0.1194781860111167,-403.8473506151034,13.991363816960881,7.15761246818773,1.456303143438845,0.15720335408342412,0
9,REM-SUP1-010,REM-SUP1,Rare Earth Magnets,China,20.206374602085013,61728.86503797126,1.3366186229758714,1083.537699390223,113.65259477356442,0,0.65,51.01357679753533,0,none,0.10740541106451884,1038.2599353497596,-8.619823553133756,6.429077651674592,8.353769939022298,0.18870335815480688,0
10,REM-SUP1-011,REM-SUP1,Rare Earth Magnets,China,22.57869958053,57233.473193515405,2.0927957043103085,713.8481629899327,23.60498264611056,0,0.65,51.01357679753533,0,none,0.23872369224520837,1599.761418580286,2.108646020880873,-1.321597942214819,-28.615183701006732,0.24946984904490965,0
11,REM-SUP1-012,REM-SUP1,Rare Earth Magnets,China,21.8617735755867,57779.76770820209,2.245907006604386,992.5231078435272,45.79341193760329,0,0.65,51.01357679753533,0,none,0.035209927804871644,-1457.2158411155979,-1.1335399783980697,-0.37971084792743254,-0.7476892156472786,0.14517084337245167,0
12,REM-SUP1-013,REM-SUP1,Rare Earth Magnets,China,21.799751152838656,58293.86635575158,1.9501077059459784,1016.1919367285068,18.44893180525895,0,0.65,51.01357679753533,0,none,0.20449636099003565,-1144.9995607398935,-1.414026708253782,0.5066661306061774,1.6191936728506788,0.15858215367579864,0
13,REM-SUP1-014,REM-SUP1,Rare Earth Magnets,China,19.71094082053626,58764.296984317094,2.5376055994645927,826.5388503062804,84.56678566117886,0,0.65,51.01357679753533,0,none,0.1482699650514281,510.27459693389636,-10.860345530341476,1.317753421236369,-17.346114969371957,0.18042506339650077,0
14,REM-SUP1-015,REM-SUP1,Rare Earth Magnets,China,20.818012847303855,56387.409827542,1.440236998548261,983.0449284299556,101.12424169596869,0,0.65,51.01357679753533,0,none,-0.2685566693520416,-464.11929355336423,-5.853785019730431,-2.780327883548282,-1.6955071570044424,0.1149020723202201,0
15,REM-SUP1-016,REM-SUP1,Rare Earth Magnets,China,19.316464396114327,52912.1964892171,1.2416734650737198,1172.7418286628101,71.66144272065682,0,0.65,51.01357679753533,0,none,-0.23614474695741952,-1793.8899555114938,-12.644303611772147,-8.772075018591204,17.274182866281013,0.273305786088365,0
16,REM-SUP1-017,REM-SUP1,Rare Earth Magnets,China,22.055732588808247,56247.894206187855,1.4204293109539263,976.4849353385565,119.7962753285532,0,0.65,51.01357679753533,0,none,-0.3723920961702221,-838.8009260430796,-0.25639060347674,-3.0208720582968014,-2.351506466144349,0.1571291247002079,0
17,REM-SUP1-018,REM-SUP1,Rare Earth Magnets,China,25.190633403577714,54289.720492603614,2.216427801686315,916.8477227333624,33.14798000895266,0,0.65,51.01357679753533,0,none,0.25873026771268465,-699.2297783127942,13.920709209742558,-6.397033633442046,-8.31522772666376,0.17186377401128117,0
18,REM-SUP1-019,REM-SUP1,Rare Earth Magnets,China,24.36681282439492,63046.403882899445,2.4156668756794217,953.0134750780427,10.170887887365158,0,0.65,51.01357679753533,0,none,0.3913311368685673,3378.069131227448,10.195109176646302,8.700696349826629,-4.698652492195731,0.3885381962777772,1
19,REM-SUP1-020,REM-SUP1,Rare Earth Magnets,China,23.770340363493016,59703.007762464265,1.69582201450695,838.0928179881835,37.49145614797177,0,0.65,51.01357679753533,0,none,0.0917975678510079,1151.7045187588035,7.497655536581238,2.9362202801108026,-16.190718201181653,0.16399415408612594,0
20,REM-SUP1-021,REM-SUP1,Rare Earth Magnets,China,24.498378936780092,52790.49094270141,2.2120204409934607,1033.1541695133692,83.10171737047276,0,0.65,51.01357679753533,0,none,-0.0014691202309514335,-499.7431833007334,10.790096392361127,-8.981912167756184,3.31541695133692,0.15056547394371023,0
21,REM-SUP1-022,REM-SUP1,Rare Earth Magnets,China,24.040576211816497,54979.076197624716,1.084161050072999,946.648047431712,58.49943422981091,0,0.65,51.01357679753533,0,none,-0.4438352752021409,-2689.10922842491,8.719754997190076,-5.208489314440145,-5.335195256828797,0.2558191445856358,0
22,REM-SUP1-023,REM-SUP1,Rare Earth Magnets,China,20.91392461050188,54980.911541219255,0.9819655791931529,1175.264755455094,56.889758828085554,0,0.65,51.01357679753533,0,none,-0.23795214510459906,-1574.0320737483369,-5.420039035259709,-5.20532492893232,17.526475545509403,0.2112908097643449,0
23,REM-SUP1-024,REM-SUP1,Rare Earth Magnets,China,23.814853624151745,62209.60543249071,2.180994930927173,975.5671144820471,79.73015359477702,0,0.65,51.01357679753533,0,none,-0.010341836688762651,3139.7048299297653,7.698959812747644,7.257940400846049,-2.4432885517952854,0.27322796836464425,0
24,REM-SUP1-025,REM-SUP1,Rare Earth Magnets,China,21.16697820296586,69461.12228170525,2.1705967658051932,953.6199558648566,54.794794744528595,0,0.65,51.01357679753533,0,none,0.36214523857739805,4827.348694693511,-4.275643645921241,19.760555658112498,-4.638004413514341,0.44569155902835733,1
0,REM-SUP2-001,REM-SUP2,Rare Earth Magnets,China,27.00894050734978,64544.604225863135,0.9315079042893949,1050.1085432622465,31.743596748422714,0,0.65,22.333980373444444,0,none,0.0,0.0,-10.108689178563175,11.283800389419197,5.010854326224648,0.12750590136429696,0
1,REM-SUP2-002,REM-SUP2,Rare Earth Magnets,China,31.20230345179728,58410.94446441543,1.2674434946209725,994.3558903112893,54.601602374316,0,0.65,22.333980373444444,0,none,0.0,0.0,3.847685442049932,0.70852493864729,-0.5644109688710728,0.02993387514083501,0
2,REM-SUP2-003,REM-SUP2,Rare Earth Magnets,China,28.695691663925974,64436.218125381565,1.2077741358503866,921.4203730617227,80.99984253135193,0,0.65,22.333980373444444,0,none,0.0,0.0,-4.49483429769704,11.096927802382009,-7.857962693827733,0.09883577171024283,0
3,REM-SUP2-004,REM-SUP2,Rare Earth Magnets,China,33.352417334310815,60938.88885426548,1.5422070413090934,974.2478801090208,41.538068503068786,0,0.65,22.333980373444444,0,none,0.20356637900656616,-1201.9051238658842,11.00370680697223,5.06704974873359,-2.5752119890979204,0.13031020582057984,0
4,REM-SUP2-005,REM-SUP2,Rare Earth Magnets,China,28.112561562134687,56870.67896364588,1.7469446958888377,1087.4277678919063,69.04737793954679,0,0.65,22.333980373444444,0,none,0.15983373375595508,-513.42183358985,-6.435611249506475,-1.9471052350933138,8.742776789190634,0.06999752816942939,0
5,REM-SUP2-006,REM-SUP2,Rare Earth Magnets,China,27.475685886374563,58472.854364738334,2.1251086395277197,808.4434835531006,7.330029743476004,0,0.65,22.333980373444444,0,none,0.30577816789244433,-1987.7879202144104,-8.555264529085763,0.8152661461005758,-19.15565164468994,0.2813404555966107,0
6,REM-SUP2-007,REM-SUP2,Rare Earth Magnets,China,25.91172945049064,55240.660178163875,1.0798282431608444,957.9491656563109,65.83953025122239,0,0.65,22.333980373444444,0,none,-0.15412626604941634,-1899.4095587005359,-13.760433315731484,-4.757482451441596,-4.205083434368907,0.18631240523615655,0
7,REM-SUP2-008,REM-SUP2,Rare Earth Magnets,China,30.067873932257765,55671.63828515699,0.5308137597658886,1077.9869612522775,42.84361009614603,0,0.65,22.333980373444444,0,none,-0.4053769787076497,-399.68022616296366,0.07207060376370049,-4.014416749729333,7.798696125227752,0.08884445378049333,0
8,REM-SUP2-009,REM-SUP2,Rare Earth Magnets,China,32.57963947505206,51297.80494125124,1.4115015284850403,1067.5978855806923,17.455433936734313,0,0.65,22.333980373444444,0,none,-0.23786903701422646,-2391.6831411623643,8.431743100226692,-11.555508721980619,6.759788558069227,0.24921139711694462,0
9,REM-SUP2-010,REM-SUP2,Rare Earth Magnets,China,30.073781583285072,57494.24009289991,2.1831177814770966,1192.4496037012573,75.18334444594282,0,0.65,22.333980373444444,0,none,0.36776317943875075,751.1933049120125,0.09173248182129215,-0.8719998398277374,19.244960370125728,0.11444360127773923,0
10,REM-SUP2-011,REM-SUP2,Rare Earth Magnets,China,37.53952724876777,54018.76811298304,1.752379099356678,1097.0497980863731,76.65322290963408,0,0.65,22.333980373444444,0,none,0.4071884465302631,-550.956724057983,24.9392700572799,-6.864192908649935,9.704979808637312,0.18734114909164845,0
11,REM-SUP2-012,REM-SUP2,Rare Earth Magnets,China,31.528302678160863,57532.22821244262,1.5392074545091603,1023.0672302380626,119.66293627376801,0,0.65,22.333980373444444,0,none,0.04256864200804,2078.1410903971264,4.932677938390993,-0.8065030819954825,2.306723023806262,0.16801433996779147,0
12,REM-SUP2-013,REM-SUP2,Rare Earth Magnets,China,30.272766562406826,57269.747797995544,1.8100745687215551,1058.0395964858603,111.12940173639691,0,0.65,22.333980373444444,0,none,-0.12434773758518047,-74.83076496812282,0.7539954314606234,-1.2590555206973382,5.803959648586033,0.052320044116729414,0
13,REM-SUP2-014,REM-SUP2,Rare Earth Magnets,China,28.049387741307562,53453.10690091664,0.9781813805666142,937.9178614319411,82.45407719340302,0,0.65,22.333980373444444,0,none,-0.25806590626335457,-188.5537373554665,-6.645866722585971,-7.839470860488555,-6.208213856805889,0.08574926472224165,0
14,REM-SUP2-015,REM-SUP2,Rare Earth Magnets,China,32.97868253505502,57325.18324053406,1.977501961605141,1136.846939376513,8.96416417576772,0,0.65,22.333980373444444,0,none,0.14609816903199357,-69.01499063618637,9.759840502940511,-1.1634771714929981,13.684693937651309,0.12029984417324935,0
15,REM-SUP2-016,REM-SUP2,Rare Earth Magnets,China,27.57674538808658,64852.8884250446,1.2315337766787608,1012.6165196430975,82.52659460271046,0,0.65,22.333980373444444,0,none,-0.19284693068093142,2527.713542349685,-8.218917715430404,11.81532487076655,1.261651964309749,0.2573764217701767,0
16,REM-SUP2-017,REM-SUP2,Rare Earth Magnets,China,27.372735900502967,51611.41847812848,1.5784766139716089,921.6598946103379,46.996240847422726,0,0.65,22.333980373444444,0,none,0.20009841113499824,-613.8961409293867,-8.897903262971969,-11.014795727364692,-7.834010538966209,0.12948226996997814,0
17,REM-SUP2-018,REM-SUP2,Rare Earth Magnets,China,26.782978921328503,52530.38623383104,1.5171118099996854,1152.9313478967294,106.41932997097666,0,0.65,22.333980373444444,0,none,-0.1534633838684852,-1598.2656689010062,-10.860735826124788,-9.43036856236027,15.293134789672946,0.21388358842382438,0
18,REM-SUP2-019,REM-SUP2,Rare Earth Magnets,China,31.76559157350973,49980.568734054614,0.9232866793470815,892.6384270862433,33.1321202672883,0,0.65,22.333980373444444,0,none,-0.1027490324438931,-4957.439896996661,5.722424201872749,-13.82660563094032,-10.736157291375674,0.3647798314990479,0
19,REM-SUP2-020,REM-SUP2,Rare Earth Magnets,China,30.397700818667094,48243.69984599461,0.6009444691492406,946.2806205986582,24.39416140757254,0,0.65,22.333980373444444,0,none,-0.3258440482741228,-1122.5728773779556,1.1698023402388733,-16.821207162078256,-5.371937940134183,0.22870323298824558,0
20,REM-SUP2-021,REM-SUP2,Rare Earth Magnets,China,31.237277125038133,59329.27383477579,1.7089418251606934,1075.2383732712678,115.13474192177367,0,0.65,22.333980373444444,0,none,0.06394333838700265,2266.295866981583,3.964085022070678,2.291851439268606,7.523837327126785,0.18026594406179963,0
21,REM-SUP2-022,REM-SUP2,Rare Earth Magnets,China,30.04045537373416,59320.08101855251,1.5177993031525605,1014.1656697391026,110.03882725464166,0,0.65,22.333980373444444,0,none,0.19817087460182634,3113.1707614992993,-0.019184000090541026,2.27600175612502,1.4165669739102555,0.2160199862557557,0
22,REM-SUP2-023,REM-SUP2,Rare Earth Magnets,China,29.047355306686,54443.62096726465,1.4728508671478797,990.5984825914844,33.513904041001744,0,0.65,22.333980373444444,0,none,0.29063546599954637,2066.6403737566798,-3.324425343397702,-6.13168798747474,-0.9401517408515587,0.18028686103120706,0
23,REM-SUP2-024,REM-SUP2,Rare Earth Magnets,China,28.1285882067955,55115.19418473007,0.9309200425306686,878.9601272217211,73.100555503152,0,0.65,22.333980373444444,0,none,-0.25934059421000827,-1404.6932166819072,-6.382271278757244,-4.973803129775742,-12.103987277827889,0.15177412618109365,0
24,REM-SUP2-025,REM-SUP2,Rare Earth Magnets,China,30.282435815564103,54246.81991485628,1.666316326993974,943.9551190205627,70.99220973282871,0,0.65,22.333980373444444,0,none,0.04950567461380451,-1691.0870345654112,0.7861766953178794,-6.47100014679952,-5.604488097943727,0.13344675594907507,0
0,REM-SUP3-001,REM-SUP3,Rare Earth Magnets,China,28.81038586553557,55663.62809538741,1.556115641133382,1004.1180020349177,112.01834115084397,0,0.65,6.961622905864758,0,none,0.0,0.0,10.212222892191336,-4.028227421745847,0.4118002034917708,0.07957984442262933,0
1,REM-SUP3-002,REM-SUP3,Rare Earth Magnets,China,26.193205541212933,52783.84050126825,2.032503688293867,951.5010275738276,87.35505821417637,0,0.65,6.961622905864758,0,none,0.0,0.0,0.20037290866311583,-8.993378446089226,-4.849897242617237,0.07060839281252773,0
2,REM-SUP3-003,REM-SUP3,Rare Earth Magnets,China,26.137899361155572,48277.5955841408,1.9392476723156138,1194.4597792260229,74.71882123676627,0,0.65,6.961622905864758,0,none,0.0,0.0,-0.011197219978901723,-16.76276623424,19.44597792260229,0.16736185133638337,0
3,REM-SUP3-004,REM-SUP3,Rare Earth Magnets,China,30.927092229145074,53564.04319359063,27.286182616210837,927.8005460263288,23.438884368429825,0,0.65,6.961622905864758,1,quality_drift,8.576688991692485,-699.8616339322592,18.309542887565648,-7.648201390360982,-7.219945397367121,0.7747116592290313,1
4,REM-SUP3-005,REM-SUP3,Rare Earth Magnets,China,22.81322356058816,55196.61742276019,1.4224418375559693,1089.8555280142616,68.12977125986704,0,0.65,6.961622905864758,0,none,-0.2033539502459659,804.2589738306464,-12.729524287397329,-4.833418236620366,8.985552801426161,0.129729269182696,0
5,REM-SUP3-006,REM-SUP3,Rare Earth Magnets,China,26.864456056039433,52125.66683145907,1.6047454692629168,925.3883517057274,117.61297255248134,0,0.65,6.961622905864758,0,none,-0.11150073435089898,1282.6904157727574,2.768197293308204,-10.128160635415394,-7.461164829427264,0.1648392245622552,0
6,REM-SUP3-007,REM-SUP3,Rare Earth Magnets,China,29.22069897827689,62595.27729923434,1.3829554765292666,726.0466877710521,90.75262507593447,0,0.8645337711227142,81.31393811676386,1,concentration_geopolitical,-8.634409046560522,3010.4113685479024,11.78184852817185,7.922891895231618,-27.395331222894786,0.7963213536086726,1
7,REM-SUP3-008,REM-SUP3,Rare Earth Magnets,China,29.857076811947124,56254.54101395877,1.3852028771052207,1164.2660293436234,14.143139755622576,0,0.65,6.961622905864758,0,none,-0.012412986816916197,352.64119706619385,14.216269780822085,-3.0094120448986734,16.42660293436234,0.1558868894561395,0
8,REM-SUP3-009,REM-SUP3,Rare Earth Magnets,China,26.204737386550462,56723.69655387171,1.6945145798312142,1022.7162798387466,85.29187814253734,0,0.65,6.961622905864758,0,none,0.029923036856099133,1532.6765741375468,0.2444872191978613,-2.2005231829798064,2.2716279838746574,0.10651824861877823,0
9,REM-SUP3-010,REM-SUP3,Rare Earth Magnets,China,27.245191166952132,61158.22629372026,2.3452002407728627,883.0323998975581,42.50870383041009,0,0.65,6.961622905864758,0,none,0.32074825474786534,-479.0170018380256,4.224674242372265,5.445217747793554,-11.69676001024419,0.12427638345078429,0
10,REM-SUP3-011,REM-SUP3,Rare Earth Magnets,China,25.370799338939346,47054.98589838847,0.6964804152448709,898.1882388481314,41.12781212900937,0,0.65,6.961622905864758,0,none,-0.22957415395344993,-3066.5183718567664,-2.9456875466161163,-18.87071396829574,-10.181176115186862,0.3641737917623441,0
11,REM-SUP3-012,REM-SUP3,Rare Earth Magnets,China,26.438307875267856,58801.995176214135,2.736036927581123,873.0910385140188,48.46869741768188,0,0.65,6.961622905864758,0,none,0.3471741159166362,692.7662074474744,1.1379956534029632,1.3827503038174749,-12.690896148598119,0.12827685080909368,0
12,REM-SUP3-013,REM-SUP3,Rare Earth Magnets,China,26.936646022392466,54797.21194305824,1.7747285587792474,840.0050665915655,118.31692464934554,0,0.65,6.961622905864758,0,none,-0.1901572273312051,-2120.3381168873407,3.0443552281381536,-5.522048374037519,-15.999493340843447,0.24968522042809715,0
13,REM-SUP3-014,REM-SUP3,Rare Earth Magnets,China,24.35902963757486,66836.5907167865,1.7443280242790493,4329.584405520968,296.278102836542,0,0.65,6.961622905864758,1,stale_audit_volume_spike,0.3492825363447261,6593.868272799341,-6.81614552530434,15.235501235838782,332.9584405520968,0.9240813889782605,1
14,REM-SUP3-015,REM-SUP3,Rare Earth Magnets,China,26.060459488771844,55459.472400484265,1.8201271509209158,1031.7998694414048,91.1942224169011,0,0.65,6.961622905864758,0,none,-0.3053032588867357,-1114.1742585766235,-0.30743832260530074,-4.380219999165061,3.1799869441404782,0.11880617892407219,0
15,REM-SUP3-016,REM-SUP3,Rare Earth Magnets,China,22.626011438336175,54588.475486218966,1.6980429783078348,938.9901133942886,33.597586134159926,0,0.65,6.961622905864758,0,none,-0.025561860157137534,-69.57881894642439,-13.445691861204049,-5.881938816863853,-6.1009886605711365,0.09241578099055037,0
16,REM-SUP3-017,REM-SUP3,Rare Earth Magnets,China,25.906262759030124,64721.75985988003,1.6627540208339329,1025.9287641534909,75.679715214029,0,0.65,6.961622905864758,0,none,-0.027191334481705482,-704.9436189688204,-0.8973076991161848,11.589241137724192,2.5928764153490875,0.1338064517122458,0
17,REM-SUP3-018,REM-SUP3,Rare Earth Magnets,China,24.97214170545845,58915.825817933226,2.5535671017177104,1022.1982777676271,73.74462417245438,0,0.65,6.961622905864758,0,none,0.24447998359893153,1152.1178058163205,-4.470725918678652,1.5790100309193553,2.2198277767627133,0.12013912196048382,0
18,REM-SUP3-019,REM-SUP3,Rare Earth Magnets,China,27.815745251364806,65079.195826671385,1.7310440775852491,1239.0222710651803,56.29364771143748,0,0.65,6.961622905864758,0,none,0.011000366425804783,3496.9067801508063,6.407291102029199,12.205510045985145,23.902227106518037,0.3418616692726727,0
19,REM-SUP3-020,REM-SUP3,Rare Earth Magnets,China,24.13723183145802,52736.2701038527,2.9260775220168123,1081.9447572617898,6.869567637662621,0,0.65,6.961622905864758,0,none,0.42110783372762645,-3995.1632520091102,-7.664618341976688,-9.075396372667756,8.194475726178986,0.4232652917982802,1
20,REM-SUP3-021,REM-SUP3,Rare Earth Magnets,China,29.40587495672905,60991.461005262354,2.743628921925572,845.2167167260088,109.28283416463827,0,0.65,6.961622905864758,0,none,0.06335394006928723,691.8783957763759,12.490226968734946,5.157691388383369,-15.478328327399119,0.19464904572377717,0
21,REM-SUP3-022,REM-SUP3,Rare Earth Magnets,China,24.931757286275527,49414.48035762258,2.290728788627624,972.9603444196641,30.524508916412728,0,0.65,6.961622905864758,0,none,0.18656157034745835,-5221.571823016267,-4.625213839428248,-14.802620073064514,-2.7039655580335875,0.4026087855240549,1
22,REM-SUP3-023,REM-SUP3,Rare Earth Magnets,China,32.30946525653303,56463.3899405499,1.5499886949091994,1011.8664169723996,41.37166837627205,0,0.65,6.961622905864758,0,none,-0.4586962757025376,1242.3732788990674,23.597719343296106,-2.6493276887070634,1.1866416972399634,0.20312764440096298,0
23,REM-SUP3-024,REM-SUP3,Rare Earth Magnets,China,24.659391725271238,55255.317052475235,2.28915982135846,1037.8639323838036,105.60466274151622,0,0.65,6.961622905864758,0,none,-0.15148970018903732,-1912.047984262373,-5.667130253101502,-4.732211978490974,3.786393238380356,0.21251566445894854,0
24,REM-SUP3-025,REM-SUP3,Rare Earth Magnets,China,24.751843180472537,49105.43205592903,1.147869286503223,1150.123586382721,10.459452204805853,0,0.65,6.961622905864758,0,none,-0.3809531673748004,-103.01610056451803,-5.313463334688515,-15.335461972536159,15.012358638272099,0.22003620700313864,0
0,REM-SUP4-001,REM-SUP4,Rare Earth Magnets,China,25.652403140257743,57258.71799102783,0.6819181750330371,1073.5733360280165,27.473252667221583,0,0.65,19.69081992315546,0,none,0.0,0.0,-7.621959310372495,-1.278072429262365,7.357333602801646,0.05638470193627587,0
1,REM-SUP4-002,REM-SUP4,Rare Earth Magnets,China,25.433713826681263,59187.35753365574,0.6253825483844768,3252.233731667168,216.2168096626571,0,0.65,19.69081992315546,1,stale_audit_volume_spike,0.0,0.0,-8.409491386704577,2.047168161475415,225.22337316671678,0.541136325026866,1
2,REM-SUP4-003,REM-SUP4,Rare Earth Magnets,China,28.76064898062597,62748.388744292,0.9187091122068437,1013.9111739761591,34.34644891375735,0,0.65,19.69081992315546,0,none,0.0,0.0,3.5712867627132137,8.186877145331037,1.3911173976159148,0.06729331257029669,0
3,REM-SUP4-004,REM-SUP4,Rare Earth Magnets,China,25.450647287431874,57686.80612288692,1.305152765072405,988.0971493399875,23.341703252498455,0,0.65,19.69081992315546,0,none,0.207744863346456,142.6960439530303,-8.34851152771502,-0.5399894432984153,-1.1902850660012518,0.05239182607704762,0
4,REM-SUP4-005,REM-SUP4,Rare Earth Magnets,China,26.40202247376037,58873.698793150295,0.4885428400417785,1048.530328306314,43.22337052915893,0,0.65,19.69081992315546,0,none,-0.04561323611423277,-104.55291350181506,-4.922470887653858,1.5063772295694748,4.853032830631401,0.04839302687406244,0
5,REM-SUP4-006,REM-SUP4,Rare Earth Magnets,China,30.237552587818616,64192.4837043529,1.1732292008183824,906.576093585204,67.29993574127127,0,0.65,19.69081992315546,0,none,0.08484002953717958,481.36498668696487,8.889831804046487,10.676696041987753,-9.342390641479597,0.12091606609181982,0
6,REM-SUP4-007,REM-SUP4,Rare Earth Magnets,China,27.55853112291464,56037.387196008545,0.10613647515173064,955.8308205827005,108.62711101232783,0,0.65,19.69081992315546,0,none,-0.3996720966402248,-549.806308959458,-0.7577147645982437,-3.3838151792956115,-4.416917941729945,0.12157590831477116,0
7,REM-SUP4-008,REM-SUP4,Rare Earth Magnets,China,25.9032904949044,56626.315735225726,1.2645252637913675,1019.9238041249239,101.9516977110614,0,0.65,19.69081992315546,0,none,0.2586608079165297,-749.1276859748565,-6.718477397612057,-2.3684211461625417,1.992380412492389,0.07106049331158215,0
8,REM-SUP4-009,REM-SUP4,Rare Earth Magnets,China,28.24242365191904,56738.213883372955,0.677366279959635,1025.649197844354,24.897750954479147,0,0.65,19.69081992315546,0,none,-0.16528764028624912,-2484.756606993314,1.7050818601964932,-2.175493304529388,2.564919784435392,0.18502506453430068,0
9,REM-SUP4-010,REM-SUP4,Rare Earth Magnets,China,33.53574780615987,54322.85597734758,1.1048228677210699,1020.7750597614124,89.53425109011472,0,0.65,19.69081992315546,0,none,0.3328954641897797,-571.5104062203221,20.767113258590236,-6.3399034873317595,2.077505976141242,0.1319141029494305,0
10,REM-SUP4-011,REM-SUP4,Rare Earth Magnets,China,29.909089346122183,63514.16248949699,0.24671163674348712,999.106613210803,73.8307762399756,0,0.65,19.69081992315546,0,none,-0.33927120901596014,2295.94891809042,7.706987820947634,9.507176706029286,-0.08933867891970522,0.23766401906460544,0
11,REM-SUP4-012,REM-SUP4,Rare Earth Magnets,China,24.27336831883811,62558.92866263505,0.4420915856284847,889.1197025061961,13.076837651970871,0,0.65,19.69081992315546,0,none,-0.07842489811038345,1940.238259754032,-12.588064596843372,7.860221832129398,-11.088029749380393,0.2494022175124755,0
12,REM-SUP4-013,REM-SUP4,Rare Earth Magnets,China,26.318256513241373,55951.92578867642,1.0449628514696536,883.8266641065653,115.90220595799599,0,0.65,19.69081992315546,0,none,-0.019953338750472078,543.023270442946,-5.224124314310234,-3.5311624333165224,-11.617333589343469,0.09579339309922486,0
13,REM-SUP4-014,REM-SUP4,Rare Earth Magnets,China,28.19680429813176,62216.932589754695,1.2943799893771268,933.4938279638377,16.0619650016646,0,0.65,19.69081992315546,0,none,0.3492227842112132,-432.40996658076375,1.5407999214886805,7.2705734306115435,-6.65061720361623,0.10332802111099126,0
14,REM-SUP4-015,REM-SUP4,Rare Earth Magnets,China,25.59146041703101,65944.01065904458,0.1084143259223378,1132.847881079173,82.27822183066326,0,0.65,19.69081992315546,0,none,-0.11122575323538231,1128.3606654698426,-7.841422934704084,13.696570101800999,13.284788107917302,0.2091780873058825,0
15,REM-SUP4-016,REM-SUP4,Rare Earth Magnets,China,33.359512583412624,60572.24517050831,0.16729157392809102,947.7761520457493,104.70564409850873,0,0.65,19.69081992315546,0,none,-0.2925570925138542,1540.1064606106302,20.132464547946007,4.434905466393634,-5.222384795425069,0.21805945405447014,0
16,REM-SUP4-017,REM-SUP4,Rare Earth Magnets,China,30.69202250339879,57692.387175998585,0.6976289791139352,1075.8353032644065,34.59302902742307,0,0.65,19.69081992315546,0,none,-0.1989170034210639,-1508.18180458537,10.526444176155614,-0.5303669379334741,7.583530326440655,0.13964551220305188,0
17,REM-SUP4-018,REM-SUP4,Rare Earth Magnets,China,24.177014539346537,54463.56299281521,0.7928598102080345,1121.5482416497694,88.60625418555587,0,0.65,19.69081992315546,0,none,0.2281484947618989,-3826.8158887431223,-12.935048593383762,-6.097305184801358,12.154824164976935,0.2836415811492592,0
18,REM-SUP4-019,REM-SUP4,Rare Earth Magnets,China,29.933611094107878,59249.71481050818,1.0497067816234404,933.3249149793144,8.088414346539212,0,0.65,19.69081992315546,0,none,0.2941384025651165,-440.843453333376,7.795294207714504,2.1546807077727235,-6.6675085020685625,0.11671074086932143,0
19,REM-SUP4-020,REM-SUP4,Rare Earth Magnets,China,25.480416789672756,52567.96964342146,0.8420743444503045,1018.5513306584744,68.82617828308912,0,0.65,19.69081992315546,0,none,0.0481484551121231,-1708.1391775257096,-8.241307213394764,-9.365569580307833,1.8551330658474399,0.16791133935524283,0
20,REM-SUP4-021,REM-SUP4,Rare Earth Magnets,China,29.285435177959023,59055.5025802588,0.9536081714709792,995.7316903772523,111.11499601989425,0,0.65,19.69081992315546,0,none,0.05358278708764822,1530.6465291478623,5.461118308924467,1.8198320349289636,-0.4268309622747665,0.11978142959201576,0
21,REM-SUP4-022,REM-SUP4,Rare Earth Magnets,China,25.752514414774446,59608.220776530216,1.0095086812752068,933.0318571927797,5.415868150268207,0,0.65,19.69081992315546,0,none,-0.01339936678274456,119.50198867401195,-7.261444026863603,2.772794442293475,-6.696814280722027,0.10454358554948384,0
22,REM-SUP4-023,REM-SUP4,Rare Earth Magnets,China,26.037262387325754,55709.6958701549,0.11283516108112468,1126.5774925166556,85.64614281757613,0,0.65,19.69081992315546,0,none,-0.2430797277897266,1047.2420755778148,-6.236025096293599,-3.9488002238708604,12.657749251665564,0.12261617223670651,0
23,REM-SUP4-024,REM-SUP4,Rare Earth Magnets,China,29.26133735620471,66579.05239095559,0.5806769903480061,1303.1762415110634,6.494235097256569,0,0.65,19.69081992315546,0,none,-0.12431039370765769,2507.849936898931,5.374338542273373,14.791469639578608,30.317624151106337,0.3789017352773142,0
24,REM-SUP4-025,REM-SUP4,Rare Earth Magnets,China,28.477585384648098,56269.666074360095,0.8614626186623545,1083.5614927886245,92.39153572332039,0,0.65,19.69081992315546,0,none,-0.04934868753761742,-1112.8515673900401,2.5519335175601596,-2.9833343545515603,8.35614927886245,0.10731083092829952,0
